 27.550   99.050    -2.4     1.7    -0.9    -2.455  208.3  127.4     1.9    -2.6  167.8
 27.550   99.150    -1.2     1.5    -0.1    -2.418   47.3  130.3     1.5    -1.2  178.8
 27.550   99.250    -1.3     0.5    -1.1    -2.481  191.4  116.2     1.1    -1.8  153.8
 27.550   99.350    -1.9     0.4    -1.5    -2.476  186.2  120.1     1.1    -2.7  153.1
 27.550   99.450     0.5    -2.6    -3.9    -2.582  162.0   86.7     3.2    -5.3  124.3
 27.550   99.550     4.4   -12.9    -3.6    -2.570  132.7   69.9     5.1   -13.7  101.3
 27.550   99.650     7.1   -21.7     2.5    -2.274  115.2   55.0     7.3   -21.9   85.1
 27.550   99.750     9.3   -13.9     8.3    -1.968  112.6   31.7    12.0   -16.5   72.2
 27.550   99.850    11.6    -0.7    10.9    -1.793  117.6  181.7    18.0    -7.1   59.7
 27.550   99.950    14.2     4.8    13.2    -1.606  121.1  168.5    23.6    -4.5   54.8
 27.550  100.050    17.5     8.1    16.1    -1.386  123.1  163.2    29.6    -3.9   53.2
 27.550  100.150    19.9    11.1    16.4    -1.318  130.4  154.7    32.4    -1.5   52.5
 27.550  100.250    20.4    11.1    15.4    -1.257  137.5  149.3    31.8    -0.3   53.4
 27.550  100.350    20.7     8.7    15.7    -0.963  130.9  160.1    31.5    -2.1   55.5
 27.550  100.450    23.5     0.2    13.8    -0.747  130.5  179.6    30.0    -6.2   65.1
 27.550  100.550    29.6   -15.3    14.2    -0.559  126.6  201.0    33.7   -19.4   73.8
 27.550  100.650    31.7   -27.7    23.8     0.006  117.1  204.2    40.0   -36.1   70.6
 27.550  100.750    26.5   -26.5    30.3     0.405  110.6   20.6    40.3   -40.3   65.6
 27.550  100.850    21.7   -15.3    24.8     0.195  111.3  195.4    34.1   -27.8   63.3
 27.550  100.950    23.1   -12.2    20.6     0.092  116.1  194.5    32.6   -21.7   65.3
 27.550  101.050    31.6   -22.2    20.4     0.293  120.4  202.5    38.5   -29.1   71.4
 27.550  101.150    31.7   -27.8    10.6     0.062  127.0  213.4    33.5   -29.7   80.2
 27.550  101.250    17.5   -15.6     1.1    -0.372  134.7  221.5    17.5   -15.7   88.1
 27.550  101.350     7.0     1.0     2.3    -0.737  161.2  161.2     7.8     0.2   71.2
 27.550  101.450    -0.6     7.9    10.1    -0.906   88.5  159.0    14.6    -7.3  213.7
 27.550  101.550    -9.5     7.7    16.9    -0.713   75.2  -12.1    18.1   -19.8  211.6
 27.550  101.650   -15.1     5.4    17.5    -0.498   67.9   -8.3    15.4   -25.1  209.8
 27.550  101.750   -11.8     3.9    11.1    -0.650   64.0   -9.2     9.7   -17.6  207.4
 27.550  101.850   -10.3     5.6    10.5    -0.658   66.3  -13.5    10.9   -15.5  206.4
 27.550  101.950   -12.4     7.9     7.8    -0.764   58.7  -21.1    10.5   -15.1  198.8
 27.550  102.050   -16.7     8.3     9.9    -0.283   56.6  -18.1    11.7   -20.1  199.2
 27.550  102.150   -19.2    14.3    20.3     1.017   67.6  -17.2    23.9   -28.7  205.2
 27.550  102.250   -20.2    26.2    28.4     2.048   72.7  158.0    39.7   -33.6  205.4
 27.550  102.350   -23.3    29.9    33.5     2.529   73.0  158.5    46.1   -39.5  205.8
 27.550  102.450   -21.6    25.7    41.8     2.983   76.5  164.0    50.1   -46.0  210.3
 27.550  102.550   -14.6    26.2    41.7     2.789   80.6  163.4    52.2   -40.7  212.0
 27.550  102.650   -13.7    29.6    33.7     1.896   79.3  157.9    48.0   -32.1  208.6
 27.550  102.750   -23.0    31.2    35.6     1.742   74.0  158.8    48.8   -40.7  206.4
 27.550  102.850   -31.5    26.6    38.5     1.979   70.0  -17.1    45.7   -50.6  206.5
 27.550  102.950   -32.3    19.8    36.5     2.203   68.2  -13.7    38.6   -51.1  207.3
 27.550  103.050   -35.0    20.4    26.7     2.418   61.5  -17.6    31.1   -45.8  202.0
 27.550  103.150   -31.6    28.6    13.9     3.055   56.1  -31.2    31.6   -34.7  192.4
 27.550  103.250   -10.1    27.9     2.5     3.253   62.5  124.8    28.0   -10.2  183.7
 27.550  103.350    12.7    17.3    -2.9     2.494   64.3   64.3    18.7    11.3  154.3
 27.550  103.450    13.5     7.8    -0.2     1.672    1.8    1.8    13.6     7.8   91.8
 27.550  103.550     4.2     0.6     1.3     1.267  162.4  162.4     4.6     0.2   72.4
 27.550  103.650     1.5    -3.5    -3.6     0.895  156.3   79.4     3.4    -5.4  117.8
 27.550  103.750    -0.6    -3.4    -6.2     0.636  164.5   93.0     4.3    -8.3  128.8
 27.550  103.850    -4.0    -2.0    -4.2     0.407  164.7  118.4     1.4    -7.4  141.6
 27.550  103.950    -4.2    -0.9    -2.3     0.141  165.1  141.0     0.2    -5.4  153.1
 27.650   99.050    -1.9     3.3     0.8    -2.600   60.9  135.8     3.4    -2.0  188.3
 27.650   99.150    -1.6     2.7     1.7    -2.544   70.1  148.5     3.3    -2.2  199.3
 27.650   99.250    -2.2     1.8    -1.1    -2.636  207.1  123.1     2.1    -2.5  165.1
 27.650   99.350    -3.0     1.8    -0.6    -2.529  211.0  134.7     1.9    -3.1  172.9
 27.650   99.450    -2.5    -1.2    -8.2    -2.787  175.7   98.6     6.4   -10.1  137.2
 27.650   99.550    -3.8   -11.6   -17.3    -2.767  160.9   96.4    10.1   -25.4  128.7
 27.650   99.650    -1.6   -21.7   -13.2    -1.518  138.9   93.7     4.9   -28.2  116.3
 27.650   99.750     9.0   -17.3    -3.0    -0.349  132.3   60.4     9.3   -17.6   96.3
 27.650   99.850    19.7    -4.5     2.1    -0.563  149.3  201.1    19.9    -4.7   85.2
 27.650   99.950    21.5     3.9     8.3    -1.135  158.3  158.3    24.8     0.6   68.3
 27.650  100.050    19.4     8.3    16.3    -1.176  126.2  162.6    31.0    -3.4   54.4
 27.650  100.150    19.6    10.6    17.8    -1.252  124.9  159.4    33.4    -3.2   52.2
 27.650  100.250    19.2    11.0    16.1    -1.412  129.8  154.5    31.8    -1.5   52.2
 27.650  100.350    17.8     9.9    18.4    -1.359  119.8  162.3    32.7    -5.0   51.0
 27.650  100.450    20.1     3.3    14.5    -1.582  127.2  172.9    28.5    -5.1   60.1
 27.650  100.550    25.2    -9.6    11.4    -1.540  129.4  197.3    28.6   -13.0   73.3
 27.650  100.650    27.6   -20.9    23.4    -0.364  115.9  200.2    37.0   -30.3   68.0
 27.650  100.750    26.5   -21.2    35.0     0.561  108.9  195.4    45.0   -39.7   62.2
 27.650  100.850    28.5   -12.7    37.2     0.213  109.8  189.2    50.4   -34.6   59.5
 27.650  100.950    25.0   -11.1    30.0    -0.838  111.2  189.8    41.9   -28.0   60.5
 27.650  101.050    16.9   -21.6    25.0    -0.959  106.6   20.9    29.2   -33.9   63.8
 27.650  101.150    13.6   -29.2    19.5    -0.275  106.1   31.6    21.2   -36.7   68.9
 27.650  101.250    17.6   -20.6    13.9     0.075  115.1   28.7    22.1   -25.1   71.9
 27.650  101.350    25.3    -4.2    13.7    -0.372  129.5  187.8    30.7    -9.6   68.6
 27.650  101.450    14.5     6.6    15.9    -1.047  117.1  166.9    26.9    -5.8   52.0
 27.650  101.550   -10.0     9.2    20.2    -1.053   76.7  -12.3    22.0   -22.8  212.2
 27.650  101.650   -21.1     6.5    20.0    -0.854   63.9   -8.6    17.0   -31.5  207.7
 27.650  101.750   -14.6     4.4    14.5    -0.894   64.8   -8.0    12.2   -22.4  208.4
 27.650  101.850   -10.5     7.2    15.9    -0.709   72.8  -12.0    16.5   -19.8  210.4
 27.650  101.950   -16.8    11.3    11.3    -0.813   60.0  -21.2    15.3   -20.7  199.4
 27.650  102.050   -31.9    13.3    11.9    -0.251   48.2  -20.5    16.2   -34.8  193.9
 27.650  102.150   -37.5    19.3    25.7     1.457   59.2  -17.0    29.2   -47.4  201.1
 27.650  102.250   -28.9    33.6    31.7     2.658   69.2  156.2    46.9   -42.1  202.7
 27.650  102.350   -26.5    43.9    24.4     2.948   68.2  146.5    51.5   -34.1  197.4
 27.650  102.450   -19.9    38.7    24.6     3.447   72.1  147.9    47.6   -28.8  200.0
 27.650  102.550    -5.1    28.1    28.6     3.483   85.2  154.7    44.6   -21.5  209.9
 27.650  102.650    -1.3    23.8    27.3     2.461   88.6  156.6    41.3   -18.8  212.6
 27.650  102.750   -19.0    25.5    32.8     1.929   75.3  160.6    42.8   -36.4  207.9
 27.650  102.850   -31.3    21.9    35.2     1.690   68.4  -15.5    39.4   -48.8  206.4
 27.650  102.950   -38.2    16.6    38.8     1.777   65.9  -11.0    36.7   -58.3  207.4
 27.650  103.050   -53.9    19.2    41.8     2.140   60.3  -11.5    38.2   -72.9  204.4
 27.650  103.150   -53.2    26.8    34.2     2.306   58.0  -17.5    39.5   -65.9  200.3
 27.650  103.250   -13.1    24.8    17.5     1.762   72.9  149.8    31.6   -19.9  201.4
 27.650  103.350    27.3    15.0     8.5     1.096  152.9  152.9    31.7    10.7   62.9
 27.650  103.450    27.4     7.2     8.0     0.701  160.8  160.8    30.2     4.4   70.8
 27.650  103.550     7.4     1.6     8.1     0.547  115.6  174.0    13.1    -4.1   54.8
 27.650  103.650     1.7    -1.0     4.4     0.345  100.7  186.6     5.0    -4.3   53.7
 27.650  103.750     1.8    -1.6     1.5     0.206  115.3  202.8     2.4    -2.2   69.0
 27.650  103.850    -0.6    -2.2     0.5     0.148   74.5   74.5    -0.5    -2.3   74.5
 27.650  103.950    -1.4    -1.7    -0.1     0.115  102.3  102.3    -1.3    -1.7  102.3
 27.750   99.050    -0.9     6.0     0.7    -2.626   73.7  118.0     6.0    -1.0  185.9
 27.750   99.150    -2.3     4.8     1.6    -2.588   66.9  138.0     5.1    -2.6  192.5
 27.750   99.250    -4.7     4.8    -0.8    -2.658   40.4  129.9     4.8    -4.7  175.1
 27.750   99.350    -5.8     4.6    -1.4    -2.548  214.2  130.8     4.8    -6.0  172.5
 27.750   99.450    -9.7     1.2   -12.0    -2.894  182.8  111.7     8.9   -17.4  147.2
 27.750   99.550   -23.8    -3.2   -23.4    -2.972  175.9  117.8    12.1   -39.1  146.8
 27.750   99.650   -23.0   -12.0   -18.5    -1.681  155.7  130.9     1.8   -36.8  143.3
 27.750   99.750     8.5   -25.1    -3.4    -0.278  126.4   65.2     8.9   -25.4   95.8
 27.750   99.850    40.2   -22.1     9.2    -0.173  134.8  208.7    41.5   -23.5   81.7
 27.750   99.950    40.8    -0.3    17.3    -0.793  139.5  180.6    47.1    -6.6   70.0
 27.750  100.050    26.3    12.9    20.3    -1.185  132.3  156.0    40.9    -1.8   54.2
 27.750  100.150    22.3    11.6    19.2    -1.411  127.1  158.5    36.9    -2.9   52.8
 27.750  100.250    21.8     9.4    18.4    -1.498  126.1  162.5    35.0    -3.8   54.3
 27.750  100.350    19.5    10.2    18.7    -1.490  122.2  161.8    34.1    -4.4   52.0
 27.750  100.450    19.0     9.6    12.4    -1.788  145.5  145.5    27.5     1.1   55.5
 27.750  100.550    17.1    10.7     9.5    -1.820  144.2  144.2    24.0     3.8   54.2
 27.750  100.650    18.2    10.2    24.4    -0.744  112.2  167.1    38.9   -10.5   49.6
 27.750  100.750    27.0     2.1    37.9     0.162  109.8  178.4    54.5   -25.3   54.1
 27.750  100.850    37.4   -11.7    35.7     0.171  115.9  188.7    56.2   -30.5   62.3
 27.750  100.950    35.5   -16.9    24.3    -0.615  121.2  196.0    45.0   -26.4   68.6
 27.750  101.050    28.8   -11.0    31.8    -1.521  112.9  189.2    46.4   -28.6   61.0
 27.750  101.150    24.3   -11.3    58.8    -2.790  101.5  185.4    67.9   -55.0   53.4
 27.750  101.250    16.6   -27.1    75.3    -3.457   96.2   10.0    73.2   -83.7   53.1
 27.750  101.350    11.6   -32.3    63.7    -2.533   95.1   13.9    57.0   -77.8   54.5
 27.750  101.450     1.6   -13.4    36.5    -1.297   91.2   10.4    31.4   -43.2   50.8
 27.750  101.550   -14.6     4.5    21.6    -0.854   71.9   -5.8    18.6   -28.7  213.1
 27.750  101.650   -23.3     7.6    19.2    -0.945   61.3  -10.1    16.8   -32.5  205.6
 27.750  101.750   -18.9     7.0    19.0    -1.006   65.4   -9.7    17.1   -29.0  207.9
 27.750  101.850   -15.1    12.0    19.5    -0.635   70.8  -15.5    22.2   -25.3  207.6
 27.750  101.950   -22.8    16.6    12.8    -0.655   57.7  -24.7    20.4   -26.6  196.5
 27.750  102.050   -38.0    18.5    15.0    -0.493   50.1  -22.1    22.2   -41.8  194.0
 27.750  102.150   -46.5    17.0    45.9     0.853   65.0   -9.7    41.1   -70.5  207.7
 27.750  102.250   -47.3    36.0    64.1     2.161   71.4  -14.4    70.8   -82.1  208.5
 27.750  102.350   -63.1    76.7    41.8     3.052   62.8  148.0    88.2   -74.6  195.4
 27.750  102.450   -41.6    84.4     5.6     3.581   57.4  127.7    84.6   -41.9  182.5
 27.750  102.550    12.6    44.6    -1.9     3.579   86.6   86.6    44.7    12.5  176.6
 27.750  102.650    31.3     9.2    12.5     2.725  155.7  155.7    36.9     3.6   65.7
 27.750  102.750    -3.9     2.3    29.4     2.072   86.3   -2.2    28.8   -30.3  222.0
 27.750  102.850   -24.8     4.0    32.5     1.773   69.5   -3.4    25.1   -46.0  213.1
 27.750  102.950   -34.4     8.6    37.7     1.903   66.5   -6.2    30.5   -56.3  210.2
 27.750  103.050   -49.5    12.4    48.3     1.984   64.2   -6.9    38.8   -75.9  208.7
 27.750  103.150   -50.9     7.0    51.0     1.229   64.2   -3.8    36.7   -80.5  210.2
 27.750  103.250   -14.8     1.1    40.3     0.165   79.6   -0.8    34.3   -48.0  219.4
 27.750  103.350    20.1     3.6    25.5    -0.051  112.1  175.9    38.6   -14.9   54.0
 27.750  103.450    20.9     6.0    12.4     0.257  139.6  161.4    28.0    -1.0   60.5
 27.750  103.550     4.9     3.8     6.2     0.405  114.9  160.2    10.5    -1.8   47.6
 27.750  103.650     0.8     1.0     3.5     0.305   96.8  171.9     4.4    -2.6  224.4
 27.750  103.750     1.1     0.4     1.9     0.183  107.5  173.6     2.6    -1.1   50.5
 27.750  103.850    -0.4     0.3     0.6     0.129   73.9  -13.9     0.7    -0.8  210.0
 27.750  103.950    -0.8     0.0     0.5     0.114   52.2   -1.4     0.3    -1.1  205.4
 27.850   99.050    -0.5     6.2     0.4    -2.622   76.7  110.0     6.2    -0.6  183.3
 27.850   99.150    -1.8     5.5     1.0    -2.626   67.4  127.9     5.6    -1.9  187.6
 27.850   99.250    -5.0     6.0     2.0    -2.668   57.5  142.2     6.4    -5.3  189.8
 27.850   99.350    -6.0     6.2     1.7    -2.852   53.0  142.4     6.4    -6.3  187.7
 27.850   99.450   -11.5     4.9    -5.3    -3.470  198.7  128.4     6.4   -13.0  163.5
 27.850   99.550   -30.1     5.8    -9.0    -3.925  193.1  140.3     7.9   -32.2  166.7
 27.850   99.650   -29.8     3.4     1.6    -3.630   21.6  -16.1     3.5   -29.9  182.8
 27.850   99.750     8.9    -8.7    21.8    -2.612  101.1  190.8    23.7   -23.4   56.0
 27.850   99.850    48.2   -11.2    42.7    -1.206  117.8  187.0    70.5   -33.5   62.4
 27.850   99.950    47.5     3.7    43.6    -0.777  119.2  177.5    74.4   -23.1   58.3
 27.850  100.050    26.7    13.3    27.8    -1.393  119.0  164.6    48.5    -8.6   51.8
 27.850  100.150    20.3    11.7    18.6    -1.681  125.1  158.0    35.1    -3.1   51.6
 27.850  100.250    20.2     9.8    20.0    -1.395  120.6  164.0    35.7    -5.7   52.3
 27.850  100.350    16.7    10.5    17.0    -1.381  121.2  159.1    30.9    -3.7   50.2
 27.850  100.450    17.2    12.0    11.2    -1.583  141.5  141.5    26.2     3.1   51.5
 27.850  100.550    18.1    17.3    12.0    -1.591  136.0  136.0    29.7     5.7   46.0
 27.850  100.650    20.1    19.9    25.6    -1.065  115.8  154.5    45.6    -5.6   45.1
 27.850  100.750    26.9    10.0    36.0    -0.626  111.6  171.7    55.5   -18.6   51.6
 27.850  100.850    25.9    -7.4    29.6    -0.460  112.5  186.7    43.2   -24.7   59.6
 27.850  100.950    43.7   -13.5    23.8    -0.407  127.1  193.1    52.3   -22.1   70.1
 27.850  101.050    96.9    -6.8    38.8    -1.287  138.6  184.5   109.8   -19.7   71.6
 27.850  101.150   102.7    -5.9    66.6    -3.924  126.8  182.4   134.3   -37.5   64.6
 27.850  101.250    17.4   -19.7    86.0    -5.279   95.7    6.5    86.9   -89.1   51.1
 27.850  101.350   -64.0   -26.2    81.8    -3.171   67.2    9.7    38.9  -129.1  218.5
 27.850  101.450   -65.7   -12.4    54.1    -0.624   56.7    7.1    21.3   -99.4  211.9
 27.850  101.550   -26.5     3.2    25.4    -0.362   63.2   -3.5    17.8   -41.0  209.8
 27.850  101.650   -17.4     7.9    16.1    -0.831   64.3  -12.3    15.7   -25.2  206.0
 27.850  101.750   -23.0     8.6    20.8    -0.756   63.4  -10.6    18.9   -33.3  206.4
 27.850  101.850   -22.1    12.6    22.2    -0.482   66.2  -14.2    23.5   -32.9  206.0
 27.850  101.950   -26.1    17.4    17.8    -0.604   60.2  -20.9    23.8   -32.5  199.6
 27.850  102.050   -28.4    21.5    16.3    -0.836   58.3  -25.1    26.4   -33.3  196.6
 27.850  102.150   -35.6    21.3    52.8     0.811   72.4  -10.7    52.8   -67.1  210.9
 27.850  102.250   -56.5    33.9    90.5     2.579   73.5  -10.1    89.8  -112.5  211.7
 27.850  102.350   -96.1    64.9    92.3     2.460   65.8  -16.9   106.9  -138.1  204.4
 27.850  102.450   -65.8    70.9    47.3    -0.192   63.2  151.5    85.7   -80.5  197.3
 27.850  102.550    18.7    36.8    25.0    -1.204  125.0  125.0    54.3     1.2  215.0
 27.850  102.650    48.0     6.4    35.5     0.045  125.9  174.5    68.3   -13.9   60.2
 27.850  102.750     1.5    -0.0    43.7     1.128   91.0  180.0    44.4   -42.9   45.5
 27.850  102.850   -27.6     1.6    42.6     1.539   72.1   -1.1    32.0   -58.0  215.5
 27.850  102.950   -33.2     7.2    44.3     1.947   70.0   -4.5    35.6   -61.6  212.7
 27.850  103.050   -32.2    10.7    47.3     1.892   71.8   -6.2    41.2   -62.7  212.8
 27.850  103.150   -31.4     3.2    45.2     0.903   71.0   -2.0    34.3   -62.5  214.5
 27.850  103.250   -16.0    -3.2    41.2     0.171   78.9    2.3    32.1   -51.3  220.6
 27.850  103.350    -1.8     0.9    29.8     0.085   88.2   -0.9    29.3   -30.3  223.7
 27.850  103.450     1.4     5.3    15.2     0.213   92.7  170.1    18.7   -12.0  221.4
 27.850  103.550     0.3     4.8     6.4     0.212   91.4  159.2     9.4    -4.2  215.3
 27.850  103.650     1.4     3.1     3.6     0.194  101.7  155.0     5.9    -1.5  218.4
 27.850  103.750     0.2     2.1     2.0     0.153   92.2  152.2     3.4    -1.1  212.2
 27.850  103.850    -0.5     1.2     0.6     0.099   72.8  140.5     1.4    -0.6  196.7
 27.850  103.950    -0.6     0.6     0.6     0.082   65.6  -22.3     0.8    -0.8  201.6
 27.950   99.050    -0.3     3.7     0.8    -2.601   81.7  119.7     3.9    -0.5  190.7
 27.950   99.150    -0.3     5.2     1.2    -2.613   84.9  118.8     5.4    -0.5  191.8
 27.950   99.250    -1.3     6.4     3.0    -2.622   80.2  138.3     7.5    -2.3  199.2
 27.950   99.350    -0.3     7.4     2.3    -2.857   86.8  124.2     8.0    -0.9  195.5
 27.950   99.450    -4.1    12.3    -2.3    -3.419   51.4  112.9    12.6    -4.5  172.2
 27.950   99.550   -17.7    24.0    -0.3    -3.886   48.9  130.2    24.0   -17.7  179.5
 27.950   99.650   -18.1    40.9    13.2    -4.084   67.4  136.8    43.7   -20.9  192.1
 27.950   99.750     7.0    50.1    31.6    -3.517   97.0  138.8    66.8    -9.7  207.9
 27.950   99.850    31.8    39.9    48.7    -1.837  111.2  154.0    84.8   -13.0  222.6
 27.950   99.950    32.1    19.8    45.0    -0.877  111.3  166.5    71.4   -19.5   48.9
 27.950  100.050    20.0     9.9    26.2    -1.307  112.4  168.5    41.6   -11.8   50.4
 27.950  100.150    16.8    11.2    17.0    -1.606  121.8  157.4    31.2    -3.2   49.6
 27.950  100.250    17.4    13.0    19.6    -1.346  118.4  158.0    34.9    -4.5   48.2
 27.950  100.350    15.8    11.1    17.3    -1.423  119.0  158.7    30.9    -4.0   48.9
 27.950  100.450    16.9    12.0    14.3    -1.595  139.0  140.7    28.9    -0.0   49.8
 27.950  100.550    18.0    15.6    15.0    -1.441  137.4  137.4    31.8     1.8   47.4
 27.950  100.650    20.3    16.7    19.5    -0.943  128.2  147.1    38.1    -1.1   47.7
 27.950  100.750    27.1     8.4    22.6    -0.635  124.4  168.0    42.2    -6.7   56.2
 27.950  100.850    22.1     1.4    25.2    -0.745  113.9  178.4    39.0   -15.5   56.2
 27.950  100.950    47.8    -0.8    29.9    -0.761  128.4  180.7    62.0   -15.0   64.6
 27.950  101.050   124.9    -6.8    25.6    -0.558  152.7  186.0   129.7   -11.6   79.4
 27.950  101.150   134.4    -8.1     6.0    -0.428  163.6  191.6   134.7    -8.4   87.6
 27.950  101.250    16.2     9.8    -0.9    -0.009    7.9    7.9    16.4     9.7   97.9
 27.950  101.350   -97.9    21.0    17.9     0.580   34.2  -17.5    23.6  -100.6  188.4
 27.950  101.450   -96.2     9.7    35.2     0.624   40.3   -6.8    20.3  -106.8  196.8
 27.950  101.550   -34.4     3.5    27.5    -0.126   59.0   -3.5    18.0   -48.9  207.7
 27.950  101.650   -17.4     8.5    15.3    -0.584   63.5  -13.6    15.6   -24.5  204.9
 27.950  101.750   -24.3    11.8    15.7    -0.364   58.0  -16.9    17.7   -30.2  200.5
 27.950  101.850   -20.8    10.0    20.6    -0.246   65.6  -12.3    20.3   -31.2  206.6
 27.950  101.950   -24.5    14.2    22.0    -0.423   64.2  -15.6    24.1   -34.5  204.3
 27.950  102.050   -30.8    25.3    19.6    -0.552   60.2  -25.2    31.4   -37.0  197.5
 27.950  102.150   -36.1    36.5    46.7     1.354   71.2  161.0    59.3   -58.9  206.1
 27.950  102.250   -43.7    24.5    80.5     3.108   75.4   -8.3    77.8   -97.0  213.5
 27.950  102.350   -61.7    -5.8    96.0     2.267   72.0    1.8    66.2  -133.8  216.9
 27.950  102.450   -46.0   -18.0    64.2    -1.578   69.3    8.4    33.7   -97.7  218.8
 27.950  102.550    -2.8    -3.6    42.5    -2.808   88.1    2.4    39.3   -45.8   45.3
 27.950  102.650    11.5    13.2    44.3    -0.678   97.6  171.4    56.7   -32.0  224.5
 27.950  102.750   -15.2    15.9    43.0     1.057   80.3  169.9    46.1   -45.5  215.1
 27.950  102.850   -34.6    11.6    43.0     1.515   69.1   -7.3    37.3   -60.4  210.9
 27.950  102.950   -35.0    10.3    49.6     1.860   71.2   -5.7    42.2   -66.9  212.7
 27.950  103.050   -27.5    12.3    47.7     1.821   74.5   -7.1    44.1   -59.3  213.7
 27.950  103.150   -24.1    11.1    34.3     1.125   71.6   -8.8    32.1   -45.0  211.4
 27.950  103.250   -17.4     7.3    28.0     0.844   73.4   -7.1    25.5   -35.7  213.1
 27.950  103.350   -10.7     5.3    22.4     0.637   76.9   -6.6    21.1   -26.5  215.1
 27.950  103.450    -7.3     5.2    14.5     0.321   76.4   -9.7    14.7   -16.9  213.4
 27.950  103.550    -4.8     5.4     7.9     0.097   74.5  162.6     9.7    -9.0  208.5
 27.950  103.650    -2.3     6.0     4.4     0.094   77.5  149.3     8.0    -4.2  203.4
 27.950  103.750    -1.9     4.3     1.4     0.066   67.4  136.6     4.6    -2.2  192.0
 27.950  103.850    -0.4     1.7     0.2     0.042   67.2  122.2     1.7    -0.5  184.7
 27.950  103.950    -0.2     0.9     0.6     0.063   83.7  146.2     1.2    -0.5  204.9
 28.050   99.050     0.0     2.9     0.8    -2.498   91.3  117.0     3.1    -0.2  194.2
 28.050   99.150     0.4     4.9     1.2    -2.489  103.7  103.7     5.2     0.2  193.7
 28.050   99.250     0.4     6.4     1.6    -2.474  104.0  104.0     6.8     0.0  194.0
 28.050   99.350     0.8     7.8    -0.2    -2.527   88.4   88.4     7.8     0.8  178.4
 28.050   99.450     0.5    14.3    -3.6    -2.707   67.2   85.3    15.2    -0.4  166.3
 28.050   99.550    -2.2    27.3     0.7    -2.750   75.4  107.2    27.3    -2.2  181.3
 28.050   99.650    -1.5    45.4    11.6    -2.767   86.7  119.7    48.1    -4.2  193.2
 28.050   99.750     6.3    57.0    20.1    -2.658  103.1  115.2    64.0    -0.7  199.2
 28.050   99.850    13.5    47.0    25.8    -1.981  113.5  123.5    61.0    -0.5  208.5
 28.050   99.950    15.2    23.0    25.9    -1.341  109.1  152.4    45.3    -7.2  220.7
 28.050  100.050    14.5    10.0    21.5    -1.257  110.3  165.7    33.8    -9.3   48.0
 28.050  100.150    15.0    10.9    17.7    -1.370  116.6  160.0    30.8    -4.9   48.3
 28.050  100.250    14.6    12.6    16.8    -1.335  118.7  154.6    30.4    -3.2   46.7
 28.050  100.350    14.2    10.6    14.3    -1.314  123.0  154.1    26.8    -2.1   48.5
 28.050  100.450    14.6    11.7    11.9    -1.275  138.6  138.6    25.1     1.2   48.6
 28.050  100.550    13.3    14.6    12.7    -1.038  133.5  133.5    26.7     1.3  223.5
 28.050  100.650    15.3    15.5    13.4    -0.803  134.7  134.7    28.8     2.0  224.7
 28.050  100.750    24.8     9.6    11.6    -0.672  151.6  151.6    31.1     3.3   61.6
 28.050  100.850    30.1     6.1    17.4    -0.396  136.6  167.9    39.2    -3.1   62.3
 28.050  100.950    40.4     4.7    16.8    -0.216  146.7  170.1    47.1    -2.0   68.4
 28.050  101.050    70.9    -2.5    -5.6     0.534   -7.0   15.8    71.3    -2.9   94.4
 28.050  101.150    71.9    -3.4   -38.6     2.871   -2.4   48.1    88.2   -19.6  112.9
 28.050  101.250    12.0    16.7   -51.5     4.674    9.4   83.2    65.9   -37.2  136.3
 28.050  101.350   -45.7    27.8   -37.8     3.534  197.2  117.0    43.8   -61.7  157.1
 28.050  101.450   -49.1    12.8    -6.7     1.659  201.4  146.4    13.5   -49.9  173.9
 28.050  101.550   -26.4     2.4    10.8     0.836   42.5   -5.8     6.0   -30.0  198.4
 28.050  101.650   -21.5     6.2     7.8     0.304   45.3  -15.9     8.2   -23.5  194.7
 28.050  101.750   -20.7    10.2     5.8     0.061   45.9  -25.4    11.2   -21.8  190.2
 28.050  101.850   -15.4     8.2    12.7     0.185   62.5  -15.5    13.8   -21.0  203.5
 28.050  101.950   -19.6    11.6    18.5     0.281   65.1  -15.3    20.2   -28.2  204.9
 28.050  102.050   -29.7    21.9    25.5     0.325   64.2  -19.6    32.4   -40.2  202.3
 28.050  102.150   -34.6    32.9    49.6     1.214   72.5  -16.7    59.1   -60.8  207.9
 28.050  102.250   -33.9    17.4    67.1     1.850   76.2   -7.2    63.6   -80.1  214.5
 28.050  102.350   -37.2   -20.2    66.9     1.671   73.8    9.0    38.8   -96.2  221.4
 28.050  102.450   -34.0   -32.2    41.6     0.258   63.0   25.8     8.5   -74.7  224.4
 28.050  102.550   -24.9    -7.8    29.1     0.013   65.4    8.2    13.9   -46.7  216.8
 28.050  102.650   -22.3    16.9    30.4     1.053   71.5  -14.3    33.5   -38.9  208.6
 28.050  102.750   -29.5    21.1    28.8     1.788   66.2  -17.5    34.1   -42.5  204.3
 28.050  102.850   -36.5    17.0    27.3     2.082   60.4  -14.9    28.5   -47.9  202.8
 28.050  102.950   -34.3    14.1    35.3     2.695   66.0  -10.4    32.7   -52.9  207.8
 28.050  103.050   -28.9    13.0    34.2     2.654   68.5  -10.0    32.1   -48.0  209.2
 28.050  103.150   -24.7    11.7    20.8     1.752   62.6  -13.8    21.1   -34.1  204.4
 28.050  103.250   -17.1     8.6    16.3     1.298   64.9  -13.3    16.5   -25.0  205.8
 28.050  103.350    -8.8     5.1    14.6     0.948   73.9   -9.4    14.3   -18.0  212.3
 28.050  103.450    -6.1     4.0    11.6     0.505   75.7   -9.4    11.5   -13.7  213.2
 28.050  103.550    -5.9     5.3     8.3     0.188   72.2  -16.1     9.7   -10.3  208.0
 28.050  103.650    -4.2     6.6     5.5     0.027   72.2  153.3     8.9    -6.5  202.7
 28.050  103.750    -3.1     4.6     1.4    -0.163   60.5  139.9     4.9    -3.4  190.2
 28.050  103.850    -1.5     1.9     0.9    -0.121   61.4  145.5     2.1    -1.7  193.5
 28.050  103.950    -0.9     1.1     1.5     0.014   75.7  161.6     2.0    -1.7  208.6
 28.150   99.050     0.3     2.7     0.7    -2.400  105.7  105.7     2.9     0.1  195.7
 28.150   99.150     0.7     4.2     1.2    -2.386  106.7  106.7     4.5     0.3  196.7
 28.150   99.250     0.9     5.5     1.5    -2.391  106.4  106.4     5.9     0.4  196.4
 28.150   99.350     0.8     7.5     1.7    -2.439  103.5  103.5     8.0     0.4  193.5
 28.150   99.450     1.7    12.1     1.4    -2.525   97.6   97.6    12.3     1.5  187.6
 28.150   99.550     2.8    16.8     4.6    -2.364  106.7  106.7    18.2     1.4  196.7
 28.150   99.650     4.0    17.7     8.7    -2.110  109.4  122.3    21.9    -0.3  205.9
 28.150   99.750     5.8    16.3     9.8    -2.002  117.3  124.5    22.2    -0.1  210.9
 28.150   99.850     7.3    16.4    12.1    -1.804  113.1  136.4    24.8    -1.1  214.7
 28.150   99.950     9.0    16.3    16.1    -1.483  108.7  148.7    29.2    -3.9  218.7
 28.150  100.050    11.6    13.9    17.8    -1.261  110.9  155.4    30.6    -5.1  223.1
 28.150  100.150    12.8    10.7    15.6    -1.224  116.5  157.4    27.4    -3.8   46.9
 28.150  100.250    11.4     9.0    12.9    -1.206  118.8  156.7    23.2    -2.7   47.7
 28.150  100.350    10.3     8.9    11.2    -1.139  121.4  152.2    20.8    -1.6   46.8
 28.150  100.450    11.0     9.8     9.9    -1.046  136.7  136.7    20.4     0.5   46.7
 28.150  100.550    11.9    10.6    11.3    -0.843  133.5  139.8    22.5    -0.1   46.7
 28.150  100.650    13.4    10.3    11.4    -0.780  138.8  138.8    23.4     0.3   48.8
 28.150  100.750    17.5    10.6     8.3    -0.725  146.3  146.3    23.1     5.0   56.3
 28.150  100.850    22.8     9.4    10.1    -0.100  151.8  151.8    28.2     4.0   61.8
 28.150  100.950    22.0     6.9     4.6     0.333  164.4  164.4    23.2     5.6   74.4
 28.150  101.050    20.3     7.4    -9.7     0.578   28.2   28.2    25.6     2.2  118.2
 28.150  101.150    17.2     9.5   -14.8     1.821   23.1   52.3    28.7    -2.0  127.7
 28.150  101.250     7.0     6.5   -11.7     2.925   16.9   71.9    18.5    -5.0  134.4
 28.150  101.350    -2.6     2.6   -16.9     2.165    4.4   94.4    17.1   -17.0  139.4
 28.150  101.450    -7.1     2.1   -11.7     1.358  184.9  106.3    10.1   -15.1  145.6
 28.150  101.550   -10.2     0.3     1.1     1.305   17.1   -5.6     0.4   -10.3  185.8
 28.150  101.650   -13.1    -0.6     3.1     0.806   18.8    7.6     0.1   -13.8  193.2
 28.150  101.750   -12.4     2.3     3.1     0.304   36.9  -13.8     2.9   -13.0  191.5
 28.150  101.850   -11.6     5.6    10.5     0.399   64.0  -13.4    10.6   -16.5  205.3
 28.150  101.950   -14.6     7.8    17.9     0.582   69.4  -11.4    17.7   -24.5  209.0
 28.150  102.050   -18.3    10.1    27.5     0.753   72.5   -9.9    26.8   -35.1  211.3
 28.150  102.150   -22.6    10.2    46.9     1.343   76.8   -6.0    43.5   -55.9  215.4
 28.150  102.250   -30.4     9.3    57.5     1.578   75.5   -4.5    50.3   -71.4  215.5
 28.150  102.350   -39.5    10.5    56.6     1.419   71.3   -5.1    47.4   -76.4  213.1
 28.150  102.450   -41.0    16.1    42.5     0.717   66.0   -9.9    38.8   -63.6  208.1
 28.150  102.550   -38.3    23.1    35.3     0.720   64.8  -15.8    39.2   -54.4  204.5
 28.150  102.650   -38.8    24.7    32.6     1.323   63.4  -17.7    38.4   -52.5  202.9
 28.150  102.750   -41.5    23.3    27.7     1.823   59.1  -18.6    33.5   -51.7  200.3
 28.150  102.850   -48.3    24.8    22.3     2.271   52.8  -21.3    31.1   -54.6  195.7
 28.150  102.950   -40.5    23.0    25.1     3.068   57.9  -19.6    31.7   -49.2  199.2
 28.150  103.050   -24.7    14.8    22.7     3.023   64.8  -15.8    25.2   -35.0  204.5
 28.150  103.150   -15.2     8.8    12.9     2.001   63.3  -16.2    14.4   -20.8  203.5
 28.150  103.250   -10.2     5.7    11.3     1.359   67.7  -12.9    11.5   -16.0  207.4
 28.150  103.350    -0.6     1.8    12.4     0.911   88.7  175.9    13.0   -11.8  222.3
 28.150  103.450    -0.3     1.5    13.3     0.487   89.3  176.7    14.0   -12.8  223.0
 28.150  103.550    -5.2     5.3    11.1     0.184   77.4  167.3    12.3   -12.3  212.4
 28.150  103.650    -6.1     6.1     5.4    -0.021   65.6  -24.4     8.2    -8.2  200.6
 28.150  103.750    -4.3     3.5    -0.6    -0.207  217.7  133.6     3.5    -4.4  175.6
 28.150  103.850    -3.4     1.8    -0.5    -0.131  210.7  138.5     1.8    -3.4  174.6
 28.150  103.950    -2.4     1.1     1.2     0.019   52.9  -18.7     1.5    -2.8  197.1
 28.250   99.050     0.3     2.5     0.4    -2.290   99.1   99.1     2.6     0.3  189.1
 28.250   99.150     0.7     3.8     0.5    -2.267   99.7   99.7     3.9     0.6  189.7
 28.250   99.250     1.4     5.0     0.7    -2.253  100.7  100.7     5.1     1.2  190.7
 28.250   99.350     2.2     6.9     1.6    -2.222  106.9  106.9     7.4     1.7  196.9
 28.250   99.450     2.3    10.4     1.7    -2.239  101.2  101.2    10.8     2.0  191.2
 28.250   99.550     1.5    12.7     2.1    -2.189  100.4  100.4    13.1     1.1  190.4
 28.250   99.650     1.9    10.3     3.4    -2.051  109.5  109.5    11.5     0.7  199.5
 28.250   99.750     4.5     7.3     5.9    -1.834  121.2  135.4    11.9    -0.2  218.3
 28.250   99.850     6.8     9.6    11.0    -1.490  110.3  152.5    19.3    -2.9  221.4
 28.250   99.950     7.7    13.6    14.3    -1.233  107.5  150.8    25.3    -4.0  219.1
 28.250  100.050     8.1    13.2    12.8    -1.178  111.7  146.8    23.7    -2.4  219.3
 28.250  100.150     8.5     9.7     9.8    -1.123  122.7  143.9    18.9    -0.7  223.3
 28.250  100.250     8.2     7.6     8.5    -0.988  125.6  146.7    16.4    -0.6   46.2
 28.250  100.350     7.9     7.8     7.9    -0.900  132.9  137.4    15.7    -0.0   45.1
 28.250  100.450     8.4     8.5     7.2    -0.839  134.8  134.8    15.7     1.2  224.8
 28.250  100.550     9.3     8.5     7.4    -0.670  136.6  136.6    16.3     1.5   46.6
 28.250  100.650    10.0     8.0     6.9    -0.494  139.0  139.0    16.0     2.0   49.0
 28.250  100.750    10.6    10.1     5.0    -0.356  136.6  136.6    15.4     5.3   46.6
 28.250  100.850    12.1    10.1     5.4     0.012  140.3  140.3    16.6     5.6   50.3
 28.250  100.950    11.0     7.8     3.8     0.274  146.2  146.2    13.5     5.3   56.2
 28.250  101.050     9.0     9.7     1.2     0.271  126.5  126.5    10.6     8.1  216.5
 28.250  101.150     7.2    12.0     6.2     0.497  124.5  124.5    16.2     2.9  214.5
 28.250  101.250     4.0     3.9    12.2     0.826   99.5  170.7    16.2    -8.3   45.1
 28.250  101.350     1.1    -3.1     6.6     0.721   94.5   13.1     5.9    -7.9   53.8
 28.250  101.450    -1.3    -0.9     2.2     0.743   72.8   11.9     1.2    -3.3  222.3
 28.250  101.550    -3.7    -0.9     4.3     0.938   66.1    6.0     2.3    -6.8  216.0
 28.250  101.650    -5.8    -2.7     3.5     0.787   33.4   33.4    -0.4    -8.1  213.4
 28.250  101.750    -6.9    -0.2     3.1     0.635   41.1    1.6     1.0    -8.1  201.4
 28.250  101.850    -7.9     4.2     6.9     0.791   63.7  -14.8     7.4   -11.0  204.4
 28.250  101.950   -10.4     4.8    11.5     0.980   67.4  -10.8    10.9   -16.6  208.3
 28.250  102.050   -11.9     2.6    17.8     1.181   71.9   -4.1    14.6   -23.8  213.9
 28.250  102.150   -15.6    -1.0    35.1     1.936   77.4    0.8    27.5   -44.2  219.1
 28.250  102.250   -25.5     2.2    48.9     2.444   75.5   -1.3    39.2   -62.5  217.1
 28.250  102.350   -33.8    11.9    52.8     2.226   72.8   -6.2    46.6   -68.4  213.3
 28.250  102.450   -40.5    20.3    42.3     1.219   66.5  -12.3    42.0   -62.2  207.1
 28.250  102.550   -48.6    24.1    34.7     0.836   59.8  -16.1    38.0   -62.5  201.8
 28.250  102.650   -54.0    23.6    32.1     1.201   56.0  -16.4    35.1   -65.6  199.8
 28.250  102.750   -52.6    23.7    31.0     1.666   56.0  -16.9    34.7   -63.6  199.5
 28.250  102.850   -60.3    27.0    29.9     1.983   53.0  -18.7    36.3   -69.5  197.2
 28.250  102.950   -47.5    24.8    30.5     2.321   58.1  -17.9    35.9   -58.7  200.1
 28.250  103.050   -22.1    14.6    26.3     2.192   69.2  -14.1    28.3   -35.8  207.5
 28.250  103.150    -7.7     7.7    16.3     1.547   77.3  -12.6    18.0   -18.1  212.4
 28.250  103.250    -4.5     5.0    11.2     1.133   79.0  167.8    12.4   -11.9  213.4
 28.250  103.350     6.8     1.3     8.9     0.913  111.5  175.8    13.3    -5.3   53.7
 28.250  103.450     5.0     0.2     9.6     0.852  104.6  179.3    12.4    -7.3   51.9
 28.250  103.550    -4.7     2.7     7.1     0.614   72.7  -10.0     7.0    -9.0  211.3
 28.250  103.650    -7.7     3.0     0.7     0.140   35.7  -28.1     3.0    -7.8  183.8
 28.250  103.750    -4.8     1.5    -3.1    -0.157  191.9  123.3     2.8    -6.1  157.6
 28.250  103.850    -3.9     1.3    -1.9    -0.103  195.3  129.0     1.9    -4.5  162.2
 28.250  103.950    -2.8     1.0     0.3     0.035   36.4  -26.3     1.1    -2.8  185.0
 28.350   99.050     0.0     2.3     0.6    -2.221   90.9  117.1     2.5    -0.1  194.0
 28.350   99.150     0.2     3.6     0.6    -2.197   99.3   99.3     3.7     0.1  189.3
 28.350   99.250     0.8     4.4     0.4    -2.168   96.1   96.1     4.5     0.7  186.1
 28.350   99.350     1.3     5.2     1.1    -2.071  104.8  104.8     5.5     1.0  194.8
 28.350   99.450     1.6     6.6     1.1    -2.013  101.8  101.8     6.9     1.4  191.8
 28.350   99.550     1.8     9.0     0.9    -2.003   96.9   96.9     9.1     1.7  186.9
 28.350   99.650     2.2    12.3     2.0    -1.961  100.9  100.9    12.7     1.8  190.9
 28.350   99.750     3.2    14.9     5.1    -1.763  110.5  110.5    16.8     1.3  200.5
 28.350   99.850     4.3    14.3     9.5    -1.378  106.2  136.1    20.1    -1.4  211.1
 28.350   99.950     4.6    11.0    11.1    -1.110  103.4  150.6    19.3    -3.7  217.0
 28.350  100.050     4.5     8.3     8.6    -1.088  107.0  150.7    15.2    -2.5  218.8
 28.350  100.150     4.7     7.4     6.7    -1.053  115.7  142.9    12.8    -0.7  219.3
 28.350  100.250     5.1     7.1     6.5    -0.913  119.3  141.8    12.7    -0.5  220.5
 28.350  100.350     5.4     6.7     6.2    -0.790  125.1  139.2    12.3    -0.2  222.2
 28.350  100.450     5.7     6.7     5.3    -0.699  132.2  132.2    11.6     0.8  222.2
 28.350  100.550     5.9     7.0     5.0    -0.555  132.0  132.0    11.5     1.4  222.0
 28.350  100.650     6.1     6.9     5.1    -0.377  132.8  132.8    11.6     1.4  222.8
 28.350  100.750     6.0     7.0     4.4    -0.224  131.8  131.8    10.9     2.1  221.8
 28.350  100.850     6.4     6.7     4.1    -0.015  134.0  134.0    10.7     2.4  224.0
 28.350  100.950     5.8     5.6     3.7     0.200  135.8  135.8     9.4     2.0   45.8
 28.350  101.050     5.3     5.4     2.3     0.357  134.3  134.3     7.7     3.0  224.3
 28.350  101.150     4.3     5.2     2.3     0.610  129.6  129.6     7.1     2.4  219.6
 28.350  101.250     1.9     2.2     3.5     0.860  106.2  160.9     5.5    -1.5  223.6
 28.350  101.350    -0.3    -0.8     2.5     0.848   87.0    9.5     2.0    -3.1   48.2
 28.350  101.450    -1.9    -1.4     2.5     0.818   66.9   17.4     0.9    -4.2  222.2
 28.350  101.550    -2.9    -1.8     3.8     0.866   66.8   14.4     1.5    -6.2  220.6
 28.350  101.650    -4.7    -1.6     3.9     0.819   54.9   13.8     1.0    -7.3  214.3
 28.350  101.750    -7.6     0.5     3.7     0.839   46.3   -4.0     2.0    -9.0  201.2
 28.350  101.850   -11.2     3.2     3.6     1.087   43.2  -16.7     4.0   -12.0  193.3
 28.350  101.950   -11.6    -0.8     1.7     1.285    8.9    8.9    -0.5   -11.8  188.9
 28.350  102.050    -7.7   -10.7     5.0     1.506   53.5   53.5    -4.0   -14.4   53.5
 28.350  102.150    -9.1   -16.7    25.5     2.465   79.2   19.3    12.8   -38.7   49.2
 28.350  102.250   -20.2   -10.9    43.2     3.224   76.5    7.4    27.9   -59.0  221.9
 28.350  102.350   -27.3    -4.4    44.2     3.058   72.6    2.9    29.9   -61.6  217.7
 28.350  102.450   -36.6    -3.5    31.2     2.084   58.7    3.3    15.3   -55.4  211.0
 28.350  102.550   -50.1     0.9    26.7     1.628   47.2   -0.9    12.3   -61.5  203.2
 28.350  102.650   -57.9    11.2    30.2     1.659   50.3   -9.2    22.6   -69.3  200.6
 28.350  102.750   -54.7    20.8    34.0     1.718   56.3  -14.2    33.8   -67.8  201.0
 28.350  102.850   -61.9    24.3    36.7     1.668   55.5  -15.1    37.8   -75.4  200.2
 28.350  102.950   -49.0    20.4    36.8     1.508   60.1  -13.5    36.3   -64.9  203.3
 28.350  103.050   -23.4    12.2    32.6     1.279   71.4  -10.0    31.5   -42.7  210.7
 28.350  103.150    -9.1     6.7    23.2     0.934   79.3   -8.0    23.4   -25.7  215.6
 28.350  103.250    -6.5     4.9    15.2     0.721   78.2   -8.8    15.4   -17.0  214.7
 28.350  103.350     3.1     2.9     9.2     0.715   99.8  171.0    12.2    -6.2   45.4
 28.350  103.450     3.2    -0.8     6.9     0.907  103.0  183.1     8.4    -5.9   53.1
 28.350  103.550    -1.3    -4.9     3.6     0.767   77.9   38.4     0.9    -7.2   58.1
 28.350  103.650    -2.6    -6.4    -1.2     0.247  106.7  106.7    -2.2    -6.7  106.7
 28.350  103.750    -2.8    -3.4    -2.8    -0.071  132.3  132.3    -0.2    -5.9  132.3
 28.350  103.850    -4.0     0.0    -1.6    -0.056  180.5  141.3     0.6    -4.6  160.9
 28.350  103.950    -3.3     0.9     0.0     0.036   27.7  -27.6     0.9    -3.3  180.1
 28.450   99.050    -0.2     2.7     0.2    -2.118   76.7  109.5     2.7    -0.2  183.1
 28.450   99.150    -0.2     3.5     0.2    -2.114   77.5  107.3     3.5    -0.2  182.4
 28.450   99.250     0.2     4.1     0.1    -2.108   91.1   91.1     4.1     0.2  181.1
 28.450   99.350     0.5     4.5     1.1    -2.029  104.1  104.1     4.8     0.2  194.1
 28.450   99.450     0.7     5.3     1.7    -1.961  108.0  108.0     5.9     0.2  198.0
 28.450   99.550     1.0     7.1     2.0    -1.873  106.8  106.8     7.7     0.3  196.8
 28.450   99.650     1.2    10.6     2.7    -1.735  105.1  105.1    11.3     0.4  195.1
 28.450   99.750     1.2    13.7     3.6    -1.572  105.2  105.2    14.6     0.3  195.2
 28.450   99.850     1.3    12.9     5.6    -1.345   97.9  126.0    15.1    -0.9  202.0
 28.450   99.950     1.6     9.1     6.9    -1.147   97.1  144.3    13.2    -2.5  210.7
 28.450  100.050     2.0     6.6     6.5    -1.053   99.6  151.2    11.2    -2.6  215.4
 28.450  100.150     2.3     6.3     5.8    -0.990  102.8  148.1    10.5    -1.8  215.5
 28.450  100.250     2.4     6.5     5.5    -0.889  104.2  145.5    10.4    -1.5  214.8
 28.450  100.350     2.6     6.1     5.3    -0.762  106.4  145.5     9.9    -1.3  216.0
 28.450  100.450     2.6     6.0     4.6    -0.646  110.1  139.8     9.2    -0.6  215.0
 28.450  100.550     2.5     6.2     4.2    -0.503  113.8  132.7     9.0    -0.2  213.2
 28.450  100.650     2.4     6.2     4.2    -0.331  113.1  132.7     8.9    -0.3  212.9
 28.450  100.750     2.2     6.1     3.7    -0.176  116.5  125.6     8.3    -0.1  211.0
 28.450  100.850     2.1     5.9     3.3    -0.006  120.1  120.1     7.7     0.2  210.1
 28.450  100.950     1.6     5.2     3.1     0.183  110.8  129.3     7.0    -0.2  210.1
 28.450  101.050     1.0     4.4     2.5     0.334  103.4  132.4     5.7    -0.4  207.9
 28.450  101.150     0.4     3.3     2.4     0.504   94.6  143.4     4.7    -1.0  209.0
 28.450  101.250    -0.3     1.1     3.0     0.679   86.9  169.6     3.5    -2.7  218.3
 28.450  101.350    -0.8    -1.1     2.7     0.735   81.0   11.6     1.7    -3.6   46.3
 28.450  101.450    -1.8    -1.8     3.0     0.788   70.8   19.2     1.1    -4.8  225.0
 28.450  101.550    -2.0    -1.9     3.8     0.842   74.0   15.3     1.8    -5.8  224.6
 28.450  101.650    -3.8    -1.3     4.8     0.860   67.5    8.1     2.5    -7.5  217.8
 28.450  101.750    -9.2     0.9     5.5     0.879   51.8   -4.2     3.3   -11.6  203.8
 28.450  101.850   -15.3     3.4     6.7     0.929   47.2  -11.6     5.5   -17.4  197.8
 28.450  101.950   -15.7     0.9     2.2     0.720   22.4   -7.6     1.1   -16.0  187.4
 28.450  102.050   -12.5    -6.1     1.5     1.010   13.0   13.0    -5.8   -12.8  193.0
 28.450  102.150   -12.7    -9.8    20.5     2.783   71.3   14.5     9.3   -31.8  222.9
 28.450  102.250   -17.1    -6.6    37.4     4.087   76.9    5.1    26.0   -49.6  221.0
 28.450  102.350   -16.7    -5.5    37.7     3.536   77.3    4.2    27.0   -49.2  220.8
 28.450  102.450   -26.3    -6.9    29.6     2.150   64.8    7.1    14.5   -47.7  215.9
 28.450  102.550   -44.4    -2.1    33.4     1.833   55.8    1.8    16.3   -62.8  208.8
 28.450  102.650   -53.6     8.9    39.6     1.967   57.7   -6.0    28.1   -72.8  205.9
 28.450  102.750   -49.5    18.8    40.2     1.791   61.3  -11.7    37.4   -68.1  204.8
 28.450  102.850   -54.8    22.4    40.7     1.437   59.9  -13.3    39.9   -72.3  203.3
 28.450  102.950   -45.2    18.6    38.4     0.947   62.4  -12.1    36.6   -63.2  205.1
 28.450  103.050   -26.8    11.5    34.4     0.702   69.9   -8.9    31.7   -47.0  210.5
 28.450  103.150   -15.9     6.7    26.5     0.570   73.9   -7.0    24.2   -33.4  213.5
 28.450  103.250   -12.0     4.9    17.8     0.434   72.1   -7.6    16.2   -23.3  212.3
 28.450  103.350    -3.9     3.1    12.2     0.382   81.1   -7.0    12.2   -13.1  217.0
 28.450  103.450    -1.6    -0.9     8.9     0.441   84.8    3.0     7.6   -10.2  223.9
 28.450  103.550    -1.4    -6.0     5.0     0.390   81.6   33.3     1.9    -9.3   57.4
 28.450  103.650    -0.4    -7.7     0.6     0.238   85.3   85.3    -0.4    -7.8   85.3
 28.450  103.750    -1.8    -4.2    -1.5     0.156  116.0  116.0    -1.1    -4.9  116.0
 28.450  103.850    -2.9    -0.4    -1.5     0.114  170.2  139.2     0.3    -3.7  154.7
 28.450  103.950    -2.5     0.6    -0.7     0.074  196.7  139.2     0.8    -2.6  167.9
 28.550   99.050    -0.3     3.8    -0.5    -2.060   65.4  100.2     3.8    -0.4  172.8
 28.550   99.150    -0.2     3.5    -0.5    -2.054   66.5   98.1     3.6    -0.3  172.3
 28.550   99.250    -0.3     3.4    -0.6    -2.048   61.8   99.2     3.5    -0.4  170.5
 28.550   99.350    -0.3     3.9     0.6    -1.945   82.1  114.9     4.0    -0.3  188.5
 28.550   99.450    -0.4     5.4     1.5    -1.850   83.6  123.7     5.8    -0.8  193.6
 28.550   99.550    -0.7     7.0     2.1    -1.751   81.8  126.5     7.5    -1.3  194.1
 28.550   99.650    -0.9     8.0     3.0    -1.610   82.7  131.2     8.9    -1.8  197.0
 28.550   99.750    -0.7     8.7     3.4    -1.488   84.5  131.1     9.8    -1.8  197.8
 28.550   99.850    -0.7     8.9     4.0    -1.353   85.1  134.4    10.3    -2.2  199.8
 28.550   99.950    -0.6     7.8     4.9    -1.195   86.8  142.4    10.0    -2.8  204.6
 28.550  100.050    -0.2     6.7     5.3    -1.052   89.0  148.4     9.6    -3.1  208.7
 28.550  100.150    -0.0     6.1     5.0    -0.950   89.8  148.9     8.9    -2.9  209.3
 28.550  100.250    -0.2     5.9     4.6    -0.850   88.5  147.6     8.4    -2.7  208.0
 28.550  100.350    -0.3     5.8     4.5    -0.723   88.2  147.7     8.2    -2.7  208.0
 28.550  100.450    -0.5     6.1     4.2    -0.603   86.9  145.4     8.1    -2.6  206.2
 28.550  100.550    -0.7     6.4     3.9    -0.474   85.0  142.8     8.2    -2.5  203.9
 28.550  100.650    -1.0     6.5     3.9    -0.320   83.6  142.9     8.1    -2.6  203.2
 28.550  100.750    -1.1     6.3     3.7    -0.177   82.1  142.6     7.8    -2.7  202.4
 28.550  100.850    -1.4     6.0     3.4    -0.045   80.1  142.1     7.3    -2.6  201.1
 28.550  100.950    -1.5     5.3     3.4     0.103   78.8  146.2     6.7    -3.0  202.5
 28.550  101.050    -1.7     4.0     3.4     0.229   77.5  152.5     5.6    -3.3  205.0
 28.550  101.150    -1.9     2.6     3.5     0.338   75.8  161.1     4.5    -3.8  208.5
 28.550  101.250    -2.2     0.8     4.0     0.466   74.7   -5.7     3.6    -5.0  214.5
 28.550  101.350    -2.4    -0.4     4.3     0.569   74.4    2.8     3.0    -5.8  218.6
 28.550  101.450    -3.0    -0.7     4.8     0.679   72.1    4.4     3.0    -6.8  218.2
 28.550  101.550    -3.0    -0.8     5.0     0.773   72.9    4.9     3.2    -7.0  218.9
 28.550  101.650    -4.2    -0.3     5.7     0.909   69.3    1.7     3.7    -8.3  215.5
 28.550  101.750    -8.6     2.0     6.8     1.002   59.6   -7.9     5.3   -11.9  205.9
 28.550  101.850   -11.6     5.1     8.8     0.969   60.5  -13.9     8.9   -15.4  203.3
 28.550  101.950   -15.8    11.4     5.8     0.616   52.2  -29.2    12.6   -16.9  191.5
 28.550  102.050   -24.6    22.0     7.8     0.850   52.7  -34.3    23.3   -25.8  189.2
 28.550  102.150   -26.6    29.5    26.8     2.405   68.0  155.8    40.3   -37.3  201.9
 28.550  102.250   -14.5    19.2    41.7     3.447   80.5  167.5    47.4   -42.6  214.0
 28.550  102.350     2.6     0.9    41.7     2.871   91.8  179.4    43.4   -39.9   45.6
 28.550  102.450    -9.4    -2.1    38.4     1.864   83.0    1.6    32.9   -44.3  222.3
 28.550  102.550   -40.8     7.6    43.3     1.818   65.6   -4.8    33.0   -66.2  210.4
 28.550  102.650   -54.1    13.1    45.5     2.073   61.1   -7.6    36.0   -77.0  206.8
 28.550  102.750   -46.5    15.3    42.1     2.014   63.2   -9.4    36.6   -67.8  206.9
 28.550  102.850   -48.9    19.2    37.6     1.669   60.4  -12.6    35.9   -65.6  203.9
 28.550  102.950   -42.0    17.6    29.5     1.089   58.9  -14.2    29.8   -54.2  202.4
 28.550  103.050   -30.1    11.7    25.1     0.850   61.9  -11.7    23.5   -41.9  205.1
 28.550  103.150   -22.0     7.8    20.7     0.735   64.1   -9.8    18.5   -32.6  207.1
 28.550  103.250   -16.1     5.6    13.8     0.486   62.3  -10.4    12.3   -22.8  205.9
 28.550  103.350    -7.5     2.2     9.5     0.356   69.3   -6.4     8.0   -13.3  211.5
 28.550  103.450    -4.6    -0.3     7.1     0.330   71.9    1.2     5.0    -9.9  216.6
 28.550  103.550    -3.9    -1.4     4.5     0.268   64.9    9.2     2.0    -7.3  217.1
 28.550  103.650    -2.3    -1.7     2.0     0.198   47.8   33.5     0.1    -4.1  220.6
 28.550  103.750    -2.3    -1.3     0.9     0.174   29.6   29.6    -0.8    -2.8  209.6
 28.550  103.850    -1.8    -0.3     0.1     0.129    2.1    2.1    -0.3    -1.8  182.1
 28.550  103.950    -1.3     0.2    -0.6     0.069  189.6  132.9     0.4    -1.5  161.3
 28.650   99.050    -0.1     4.3     0.3    -2.146   82.5  104.8     4.3    -0.2  183.7
 28.650   99.150    -0.3     3.8     0.7    -2.144   82.2  117.6     3.9    -0.4  189.9
 28.650   99.250    -1.1     3.9     0.7    -2.127   68.8  126.0     4.0    -1.2  187.4
 28.650   99.350    -1.8     4.6     2.0    -1.950   72.4  140.0     5.2    -2.3  196.2
 28.650   99.450    -2.2     6.1     2.5    -1.786   72.4  138.3     6.8    -2.9  195.4
 28.650   99.550    -2.6     7.3     2.0    -1.693   69.0  133.1     7.7    -3.0  191.1
 28.650   99.650    -2.9     7.4     2.4    -1.566   68.9  135.7     7.9    -3.5  192.3
 28.650   99.750    -2.7     7.1     2.9    -1.432   71.6  139.1     7.9    -3.5  195.4
 28.650   99.850    -2.8     7.1     3.2    -1.318   72.2  140.6     8.1    -3.7  196.4
 28.650   99.950    -2.6     6.9     3.8    -1.188   74.6  144.1     8.3    -4.0  199.3
 28.650  100.050    -2.2     6.3     4.6    -1.056   77.9  149.0     8.3    -4.2  203.4
 28.650  100.150    -2.1     5.7     4.8    -0.958   78.7  152.1     8.0    -4.4  205.4
 28.650  100.250    -2.5     5.7     4.8    -0.866   77.0  152.8     7.9    -4.8  204.9
 28.650  100.350    -2.7     5.9     5.1    -0.743   76.8  153.0     8.3    -5.1  204.9
 28.650  100.450    -3.0     6.3     5.1    -0.624   75.5  152.0     8.5    -5.3  203.7
 28.650  100.550    -3.5     6.7     4.9    -0.511   73.4  150.4     8.7    -5.5  201.9
 28.650  100.650    -3.8     6.8     4.9    -0.381   72.2  150.3     8.7    -5.7  201.3
 28.650  100.750    -3.9     6.6     4.8    -0.255   71.7  150.7     8.5    -5.8  201.2
 28.650  100.850    -4.1     6.4     4.5    -0.140   70.1  150.8     8.1    -5.8  200.5
 28.650  100.950    -4.2     5.6     4.3    -0.024   68.9  152.7     7.2    -5.8  200.8
 28.650  101.050    -4.2     4.1     4.1     0.090   67.4  -22.3     5.8    -5.9  202.5
 28.650  101.150    -4.2     2.6     4.0     0.205   65.4  -15.8     4.4    -6.0  204.8
 28.650  101.250    -4.2     0.9     4.4     0.340   65.5   -5.9     3.4    -6.7  209.8
 28.650  101.350    -3.9    -0.5     5.1     0.477   68.7    2.6     3.2    -7.6  215.7
 28.650  101.450    -4.4    -1.1     5.9     0.604   68.8    5.5     3.4    -8.9  217.1
 28.650  101.550    -4.8    -1.0     6.4     0.703   68.8    4.6     3.8    -9.6  216.7
 28.650  101.650    -5.8     0.2     8.1     0.867   70.5   -0.7     5.9   -11.4  214.9
 28.650  101.750    -8.4     3.1    10.5     1.036   69.3   -8.0     9.4   -14.7  210.6
 28.650  101.850    -9.5     6.7    11.7     1.115   69.8  -14.4    12.8   -15.7  207.7
 28.650  101.950   -13.6    15.2    11.2     1.041   65.3  152.7    19.1   -17.4  199.0
 28.650  102.050   -23.0    29.5    19.5     1.266   66.2  150.5    36.0   -29.5  198.3
 28.650  102.150   -25.1    39.1    37.1     1.753   73.6  155.4    56.1   -42.1  204.5
 28.650  102.250   -13.1    28.2    44.8     1.949   82.0  163.2    56.8   -41.8  212.6
 28.650  102.350     4.1     9.4    38.5     2.073   93.1  173.0    45.4   -31.9  223.0
 28.650  102.450    -8.5     6.0    34.4     2.566   83.1   -4.9    33.9   -36.4  219.1
 28.650  102.550   -41.7    13.0    34.4     2.838   61.2   -9.7    29.6   -58.3  205.7
 28.650  102.650   -55.2    15.3    34.5     2.737   55.2  -10.9    29.3   -69.3  202.2
 28.650  102.750   -44.9    14.8    36.2     2.592   60.9  -10.4    31.9   -62.0  205.3
 28.650  102.850   -44.1    16.5    33.1     2.030   59.8  -12.3    31.1   -58.7  203.8
 28.650  102.950   -38.6    15.0    24.6     1.113   56.8  -14.3    24.6   -48.2  201.3
 28.650  103.050   -31.1    11.4    21.3     0.777   58.0  -13.0    20.3   -39.9  202.5
 28.650  103.150   -24.8     8.6    18.3     0.724   59.3  -11.7    16.7   -32.9  203.8
 28.650  103.250   -18.2     5.9    10.5     0.447   54.2  -13.1     9.8   -22.2  200.5
 28.650  103.350   -10.4     2.6     5.9     0.357   53.1  -10.7     4.9   -12.7  201.2
 28.650  103.450    -6.7     0.7     4.1     0.423   52.4   -4.4     2.5    -8.6  204.0
 28.650  103.550    -4.2     0.0     2.5     0.373   50.1   -0.0     1.2    -5.3  205.0
 28.650  103.650    -1.7    -0.2     1.4     0.225   56.6    4.2     0.6    -2.5  210.4
 28.650  103.750    -2.2    -0.5     1.5     0.146   49.4   10.3     0.4    -3.0  209.9
 28.650  103.850    -1.7    -0.4     1.2     0.100   50.8   11.6     0.3    -2.4  211.2
 28.650  103.950    -1.1    -0.2     0.2     0.031   11.9   11.9    -0.2    -1.2  191.9
 28.750   99.050     1.1     3.9    -0.9    -2.113   73.7   73.7     4.2     0.8  163.7
 28.750   99.150     0.6     3.3     0.5    -2.129   99.9   99.9     3.4     0.5  189.9
 28.750   99.250    -2.3     4.4     1.5    -2.096   65.7  139.0     4.8    -2.6  192.3
 28.750   99.350    -5.2     6.4     2.7    -1.898   60.1  144.7     7.0    -5.8  192.4
 28.750   99.450    -5.6     7.6     2.5    -1.712   59.5  141.4     8.0    -6.0  190.4
 28.750   99.550    -4.8     8.5     1.8    -1.628   60.5  134.7     8.8    -5.0  187.6
 28.750   99.650    -4.7     8.8     1.8    -1.564   61.0  134.1     9.0    -5.0  187.6
 28.750   99.750    -4.6     6.9     2.4    -1.470   61.7  140.8     7.4    -5.0  191.2
 28.750   99.850    -4.5     5.4     3.3    -1.338   64.1  149.3     6.4    -5.4  196.7
 28.750   99.950    -4.3     6.1     4.1    -1.200   68.1  150.3     7.6    -5.8  199.2
 28.750  100.050    -4.0     6.5     4.3    -1.084   70.2  149.3     8.1    -5.5  199.7
 28.750  100.150    -3.9     6.0     4.4    -0.957   70.2  151.2     7.6    -5.6  200.7
 28.750  100.250    -4.5     5.8     4.7    -0.826   68.9  153.2     7.6    -6.3  201.0
 28.750  100.350    -4.8     6.3     5.1    -0.717   69.2  153.4     8.3    -6.8  201.3
 28.750  100.450    -5.2     6.8     5.5    -0.619   69.1  153.6     8.9    -7.4  201.3
 28.750  100.550    -5.9     7.5     5.6    -0.522   67.6  152.4     9.5    -7.9  200.0
 28.750  100.650    -6.3     7.8     5.5    -0.417   66.5  151.7     9.7    -8.2  199.1
 28.750  100.750    -6.3     7.6     5.5    -0.308   66.2  151.9     9.5    -8.2  199.1
 28.750  100.850    -6.5     7.3     5.2    -0.211   64.8  152.2     9.1    -8.3  198.5
 28.750  100.950    -6.5     6.2     4.7    -0.131   62.8  -26.4     7.8    -8.0  198.2
 28.750  101.050    -6.2     4.7     4.9    -0.028   63.0  -21.3     6.6    -8.0  200.9
 28.750  101.150    -6.1     3.8     5.0     0.054   62.9  -17.6     5.9    -8.2  202.7
 28.750  101.250    -6.4     1.5     4.9     0.144   59.2   -8.0     3.9    -8.7  205.6
 28.750  101.350    -6.6    -2.3     5.2     0.332   52.6   14.9     1.2   -10.1  213.7
 28.750  101.450    -6.6    -4.3     6.2     0.567   54.5   25.0     0.8   -11.7  219.7
 28.750  101.550    -5.8    -3.1     7.5     0.733   67.1   13.0     3.2   -12.1  220.0
 28.750  101.650    -6.0     0.1    10.6     0.911   74.2   -0.2     8.1   -14.0  217.0
 28.750  101.750    -8.4     4.3    14.3     1.103   74.2   -8.2    13.5   -17.7  213.0
 28.750  101.850    -9.8     9.1    15.9     1.216   74.1  -14.8    18.1   -18.8  209.6
 28.750  101.950   -12.0    15.9    17.3     1.300   73.1  158.1    24.2   -20.3  205.6
 28.750  102.050   -14.7    23.5    25.8     1.622   75.7  157.8    36.5   -27.7  206.7
 28.750  102.150   -16.9    28.0    36.5     1.846   78.0  160.5    48.4   -37.3  209.2
 28.750  102.250   -18.3    28.9    37.2     1.831   77.3  160.4    49.4   -38.8  208.8
 28.750  102.350   -17.3    29.0    29.0     2.189   75.2  156.1    43.0   -31.2  205.7
 28.750  102.450   -24.5    26.6    25.9     3.099   68.5  156.9    37.4   -35.3  202.7
 28.750  102.550   -40.1    21.9    25.8     3.397   58.3  -18.6    31.2   -49.4  199.9
 28.750  102.650   -46.1    19.7    27.5     3.104   56.0  -16.1    29.7   -56.1  199.9
 28.750  102.750   -36.5    18.0    32.1     2.810   63.5  -13.8    32.9   -51.4  204.8
 28.750  102.850   -30.6    12.4    30.0     2.050   65.0  -10.7    27.8   -46.0  207.2
 28.750  102.950   -29.2     9.3    23.8     1.051   61.0  -10.0    20.6   -40.6  205.5
 28.750  103.050   -32.0    11.5    21.5     0.698   57.5  -12.9    20.3   -40.8  202.3
 28.750  103.150   -30.2    10.4    16.8     0.616   53.7  -14.1    16.4   -36.2  199.8
 28.750  103.250   -21.5     6.0     8.2     0.370   46.0  -15.1     8.3   -23.8  195.5
 28.750  103.350   -14.4     4.4     4.5     0.319   43.4  -17.7     5.4   -15.4  192.8
 28.750  103.450    -9.3     3.0     3.0     0.373   44.2  -18.2     3.7   -10.0  193.0
 28.750  103.550    -3.7    -0.0     1.6     0.333   41.8    0.4     0.6    -4.3  201.1
 28.750  103.650     0.2    -0.9     1.2     0.241   94.7   19.5     1.0    -1.7   57.1
 28.750  103.750    -1.2    -0.3     1.1     0.158   61.1    7.9     0.5    -1.9  214.5
 28.750  103.850    -0.7    -0.7     1.1     0.103   70.0   20.8     0.4    -1.8   45.4
 28.750  103.950    -0.5    -1.0     0.4     0.023   61.0   61.0    -0.3    -1.2   61.0
 28.850   99.050     1.9     5.3    -2.7    -2.044   61.3   61.3     6.8     0.4  151.3
 28.850   99.150     1.4     5.7    -2.0    -1.971   68.7   68.7     6.4     0.6  158.7
 28.850   99.250    -3.0     7.2    -0.1    -1.833   56.5  122.5     7.2    -3.1  179.5
 28.850   99.350    -7.8     9.2     1.2    -1.712   51.5  136.7     9.3    -7.9  184.1
 28.850   99.450    -7.7     9.9     1.8    -1.640   54.4  137.3    10.1    -7.8  185.9
 28.850   99.550    -4.5    10.1     2.7    -1.626   65.6  134.7    10.5    -5.0  190.2
 28.850   99.650    -4.0     9.7     3.3    -1.719   69.0  137.0    10.5    -4.8  193.0
 28.850   99.750    -6.2     8.1     3.8    -1.725   62.5  145.6     9.1    -7.1  194.1
 28.850   99.850    -8.2     6.9     4.9    -1.453   59.5  -26.3     8.3    -9.6  196.6
 28.850   99.950    -7.9     6.7     4.7    -1.165   59.2  -26.6     8.0    -9.3  196.3
 28.850  100.050    -6.5     5.9     3.3    -1.063   58.0  -29.6     6.7    -7.3  194.2
 28.850  100.150    -6.0     5.0     3.9    -0.959   60.4  -25.5     6.2    -7.2  197.5
 28.850  100.250    -6.4     5.7     5.4    -0.808   64.8  -23.0     7.8    -8.4  200.9
 28.850  100.350    -6.3     7.0     5.6    -0.706   66.4  154.1     9.0    -8.3  200.3
 28.850  100.450    -6.7     7.6     5.9    -0.604   66.2  153.5     9.7    -8.8  199.8
 28.850  100.550    -7.6     8.1     6.2    -0.516   64.9  153.3    10.2    -9.7  199.1
 28.850  100.650    -8.0     8.4     6.2    -0.452   64.1  153.1    10.5   -10.1  198.6
 28.850  100.750    -8.0     8.4     6.5    -0.380   64.6  153.7    10.6   -10.3  199.2
 28.850  100.850    -8.3     8.0     6.5    -0.322   64.0  -25.4    10.3   -10.5  199.3
 28.850  100.950    -8.2     7.1     5.9    -0.298   62.1  -24.5     9.1   -10.2  198.8
 28.850  101.050    -7.6     5.8     6.6    -0.185   64.5  -20.0     8.5   -10.3  202.3
 28.850  101.150    -7.8     4.9     6.5    -0.114   63.2  -17.5     7.6   -10.5  202.9
 28.850  101.250    -9.8     2.8     4.7    -0.071   50.3  -13.5     4.4   -11.3  198.4
 28.850  101.350   -12.5    -0.4     3.7     0.185   28.0    3.5     0.6   -13.6  195.7
 28.850  101.450   -11.1    -2.6     4.8     0.604   24.2   24.2    -0.4   -13.3  204.2
 28.850  101.550    -6.4    -2.2     7.3     0.910   65.0    9.0     3.4   -11.9  217.0
 28.850  101.650    -5.1     1.1    11.6     1.131   77.9   -2.8    10.1   -14.0  217.5
 28.850  101.750    -8.6     5.9    15.7     1.332   75.4  -10.1    15.9   -18.6  212.7
 28.850  101.850   -10.7    10.4    17.6     1.482   74.4  -15.3    20.4   -20.6  209.5
 28.850  101.950   -12.1    16.3    19.5     1.649   74.5  159.5    26.2   -22.0  207.0
 28.850  102.050   -11.1    22.7    25.1     1.997   78.6  157.5    36.1   -24.5  208.0
 28.850  102.150   -13.7    26.2    31.3     2.329   78.6  158.9    43.4   -30.9  208.8
 28.850  102.250   -23.7    29.0    31.2     2.403   71.8  158.0    43.4   -38.2  204.9
 28.850  102.350   -33.6    33.2    26.0     2.469   63.8  -25.9    42.1   -42.6  199.0
 28.850  102.450   -36.3    31.4    24.3     2.804   61.2  -25.5    39.3   -44.1  197.8
 28.850  102.550   -37.9    23.7    25.7     3.016   59.8  -20.0    33.0   -47.2  199.9
 28.850  102.650   -38.1    19.5    27.8     2.985   60.3  -16.3    30.7   -49.3  202.0
 28.850  102.750   -30.3    17.6    27.6     2.795   64.5  -15.5    30.2   -42.9  204.5
 28.850  102.850   -22.4    11.6    19.3     2.230   63.2  -14.6    20.3   -31.1  204.3
 28.850  102.950   -23.0     8.2    12.4     1.742   53.4  -14.9    12.6   -27.3  199.3
 28.850  103.050   -30.2    10.6    10.9     1.466   46.5  -18.5    13.4   -32.9  194.0
 28.850  103.150   -30.5     9.8     6.8     0.942   39.7  -21.2    10.9   -31.6  189.3
 28.850  103.250   -21.2     5.8     3.1     0.476   34.7  -21.7     6.2   -21.6  186.5
 28.850  103.350   -14.7     4.7     3.6     0.334   40.7  -20.3     5.3   -15.4  190.2
 28.850  103.450    -9.5     3.6     3.4     0.204   46.9  -19.6     4.4   -10.3  193.6
 28.850  103.550    -3.2     0.7     2.6     0.109   60.7   -7.4     2.1    -4.5  206.6
 28.850  103.650     0.9    -0.3     3.1     0.156   97.9  182.4     3.5    -2.9   50.2
 28.850  103.750    -0.7    -0.0     1.7     0.103   78.2    0.1     1.4    -2.1  219.1
 28.850  103.850    -0.3    -0.7     0.9     0.067   79.4   22.3     0.4    -1.4   50.9
 28.850  103.950    -0.3    -1.0     0.2     0.038   75.6   75.6    -0.2    -1.1   75.6
 28.950   99.050    -0.3     8.4    -2.2    -1.925   59.5   93.1     9.0    -0.8  166.3
 28.950   99.150    -1.0    12.1    -3.1    -1.790   57.2   97.4    12.8    -1.7  167.3
 28.950   99.250    -3.9    13.9    -2.2    -1.610   54.7  111.5    14.2    -4.1  173.1
 28.950   99.350    -7.4    14.4    -0.7    -1.553   52.5  123.9    14.5    -7.5  178.2
 28.950   99.450    -6.7    13.9     0.4    -1.586   56.3  125.9    13.9    -6.7  181.1
 28.950   99.550    -2.2    11.9     1.1    -1.617   71.1  118.2    12.0    -2.3  184.6
 28.950   99.650    -1.8     9.8     1.7    -1.666   73.6  122.4    10.0    -2.1  188.0
 28.950   99.750    -7.9    10.9     2.2    -1.634   55.9  137.1    11.1    -8.2  186.5
 28.950   99.850   -14.4    12.1     3.1    -1.401   49.1  -36.0    12.4   -14.7  186.5
 28.950   99.950   -13.3     8.0     2.0    -1.218   43.1  -32.6     8.2   -13.5  185.2
 28.950  100.050    -7.7     1.9     1.3    -1.136   34.8  -19.8     2.1    -7.9  187.5
 28.950  100.150    -6.0     0.3     4.5    -0.947   57.1   -2.0     2.7    -8.3  207.5
 28.950  100.250    -7.7     4.2     7.5    -0.761   65.4  -13.8     7.8   -11.3  205.8
 28.950  100.350    -8.5     7.9     7.2    -0.688   64.9  -23.5    10.6   -11.2  200.7
 28.950  100.450    -8.7     9.0     6.5    -0.623   63.4  152.7    11.1   -10.8  198.1
 28.950  100.550    -8.7     8.9     6.7    -0.533   64.0  153.5    11.2   -11.0  198.7
 28.950  100.650    -8.8     9.0     6.9    -0.481   64.2  153.8    11.4   -11.2  199.0
 28.950  100.750    -8.9     9.0     7.2    -0.433   64.5  154.2    11.6   -11.4  199.4
 28.950  100.850    -8.9     8.6     7.3    -0.400   64.5  -24.7    11.2   -11.6  199.9
 28.950  100.950    -9.2     8.2     6.8    -0.400   62.6  -24.7    10.6   -11.6  199.0
 28.950  101.050    -8.9     7.7     7.5    -0.308   64.5  -22.3    10.6   -11.8  201.1
 28.950  101.150    -9.8     6.1     7.3    -0.249   61.4  -18.7     9.0   -12.6  201.4
 28.950  101.250   -13.6     5.2     5.8    -0.228   49.6  -18.1     6.9   -15.2  195.8
 28.950  101.350   -19.2     6.0     5.9    -0.031   43.4  -18.3     7.3   -20.5  192.5
 28.950  101.450   -16.5     4.2     7.8     0.296   49.4  -12.4     6.8   -19.1  198.5
 28.950  101.550    -7.8     0.8    11.8     0.672   72.0   -1.9     9.1   -16.1  215.1
 28.950  101.650    -4.9     2.6    17.5     1.079   82.1   -4.2    16.8   -19.1  219.0
 28.950  101.750    -9.4     8.3    20.9     1.334   77.8  -10.8    22.1   -23.3  213.5
 28.950  101.850   -11.5    10.5    22.4     1.435   76.3  -12.5    24.4   -25.4  211.9
 28.950  101.950   -13.6    14.1    26.2     1.688   76.3  165.9    29.9   -29.4  211.1
 28.950  102.050   -13.3    22.6    30.3     2.122   78.5  160.9    39.9   -30.6  209.7
 28.950  102.150   -16.7    26.1    29.9     2.473   75.9  158.5    41.5   -32.0  207.2
 28.950  102.250   -27.8    22.0    26.6     2.629   66.2  -19.3    33.6   -39.3  203.5
 28.950  102.350   -40.1    22.3    24.1     2.698   57.3  -19.6    30.6   -48.4  198.8
 28.950  102.450   -41.0    24.5    22.1     2.720   56.0  -21.9    31.2   -47.8  197.0
 28.950  102.550   -37.8    18.4    22.2     2.767   56.3  -18.0    26.2   -45.5  199.2
 28.950  102.650   -36.0    11.9    26.4     2.932   59.0  -11.3    23.6   -47.7  203.9
 28.950  102.750   -30.0    12.8    25.9     2.862   62.8  -12.3    24.9   -42.2  205.2
 28.950  102.850   -24.2    14.4    14.0     2.319   57.1  -21.1    19.0   -28.8  198.0
 28.950  102.950   -22.2    11.8     5.8     1.989   46.1  -27.1    12.8   -23.1  189.5
 28.950  103.050   -22.9     8.9     5.2     1.762   41.7  -23.5     9.7   -23.7  189.1
 28.950  103.150   -20.9     6.9     2.1     1.054   34.4  -25.9     7.1   -21.0  184.2
 28.950  103.250   -15.3     5.7     0.7     0.487   33.4  -29.4     5.7   -15.3  182.0
 28.950  103.350   -10.4     4.3     2.8     0.316   43.9  -23.2     4.8   -10.9  190.4
 28.950  103.450    -7.0     3.2     2.9     0.137   50.4  -20.5     3.9    -7.8  195.0
 28.950  103.550    -3.2     2.4     2.3     0.028   61.6  -22.1     3.3    -4.1  199.7
 28.950  103.650    -0.6     1.4     3.1     0.124   84.7  167.7     3.6    -2.8  216.2
 28.950  103.750    -1.2     0.2     1.3     0.086   66.4   -3.8     1.0    -2.0  211.3
 28.950  103.850    -0.6    -0.3     0.6     0.059   60.7   18.1     0.2    -1.1  219.4
 28.950  103.950    -0.4    -0.3     0.2     0.043   38.6   38.6    -0.1    -0.6  218.6
 29.050   99.050    -2.9    10.7    -1.5    -1.644   55.6  111.7    10.8    -3.1  173.7
 29.050   99.150    -3.9    14.7    -2.5    -1.616   54.5  110.5    15.0    -4.2  172.5
 29.050   99.250    -4.6    16.6    -2.4    -1.558   55.4  111.7    16.9    -4.8  173.6
 29.050   99.350    -5.8    17.0    -1.3    -1.522   56.3  117.2    17.1    -5.9  176.7
 29.050   99.450    -5.6    16.5    -1.4    -1.569   56.0  116.7    16.6    -5.7  176.3
 29.050   99.550    -3.1    14.7    -3.1    -1.586   54.3  106.5    15.3    -3.7  170.4
 29.050   99.650    -3.5    13.1    -3.5    -1.394   49.8  107.6    13.8    -4.2  168.7
 29.050   99.750    -9.1    14.4    -2.5    -1.198   45.5  122.5    14.7    -9.3  174.0
 29.050   99.850   -15.2    15.4    -1.5    -1.226   42.5  132.1    15.5   -15.3  177.3
 29.050   99.950   -14.4    10.9    -2.6    -1.440  215.5  133.1    11.2   -14.6  174.3
 29.050  100.050    -9.6     4.7    -1.2    -1.337  210.3  139.9     4.8    -9.7  175.1
 29.050  100.150    -8.0     2.8     4.4    -0.813   53.7  -14.6     4.4    -9.5  199.6
 29.050  100.250    -9.0     6.0     7.4    -0.480   63.2  -18.6     9.0   -12.0  202.3
 29.050  100.350    -9.2     9.0     7.0    -0.501   63.6  -26.0    11.4   -11.6  198.8
 29.050  100.450    -9.3     9.8     6.1    -0.614   61.9  150.6    11.5   -11.0  196.2
 29.050  100.550    -9.3     9.5     7.2    -0.568   64.1  153.5    11.9   -11.7  198.8
 29.050  100.650    -9.3     9.5     7.9    -0.523   65.2  154.8    12.4   -12.2  200.0
 29.050  100.750    -9.5     9.8     8.2    -0.495   65.5  154.7    12.8   -12.4  200.1
 29.050  100.850    -9.4     9.6     8.1    -0.474   65.5  155.1    12.6   -12.4  200.3
 29.050  100.950    -9.8     9.5     7.9    -0.465   64.2  -24.9    12.3   -12.6  199.6
 29.050  101.050    -9.7     9.2     8.2    -0.430   65.0  -23.9    12.3   -12.8  200.5
 29.050  101.150   -10.6     7.8     8.4    -0.407   63.0  -20.6    11.1   -13.9  201.2
 29.050  101.250   -14.2     7.2     9.2    -0.394   58.3  -17.5    10.7   -17.6  200.4
 29.050  101.350   -19.0     8.6    12.7    -0.369   58.3  -15.7    13.6   -23.9  201.3
 29.050  101.450   -17.4     7.7    15.6    -0.387   63.5  -12.5    15.2   -24.9  205.5
 29.050  101.550   -11.7     4.7    20.9     0.020   74.9   -6.2    19.0   -26.0  214.4
 29.050  101.650    -9.8     5.5    27.7     0.788   80.1   -5.6    26.6   -30.9  217.3
 29.050  101.750   -12.4     9.8    28.5     1.190   78.1   -9.4    29.2   -31.9  214.3
 29.050  101.850   -13.2    12.1    26.1     1.305   76.5  -12.3    28.4   -29.6  212.1
 29.050  101.950   -15.1    15.0    31.4     1.765   77.1  -12.8    34.8   -34.9  212.2
 29.050  102.050   -15.0    20.9    39.3     2.117   79.7  165.7    46.2   -40.2  212.7
 29.050  102.150   -18.4    24.9    40.7     1.792   78.0  164.0    49.4   -42.9  211.0
 29.050  102.250   -30.4    23.5    40.7     1.530   71.2  -14.7    45.3   -52.3  208.2
 29.050  102.350   -43.3    21.3    42.7     1.761   65.5  -12.6    42.5   -64.6  206.5
 29.050  102.450   -45.0    19.9    37.6     1.797   62.3  -13.1    37.1   -62.2  204.6
 29.050  102.550   -43.9    16.8    29.3     1.850   57.6  -13.7    28.6   -55.7  202.0
 29.050  102.650   -42.5    13.6    28.7     2.635   57.3  -11.6    25.7   -54.5  202.8
 29.050  102.750   -33.1    13.9    26.0     3.075   60.9  -13.1    25.4   -44.7  203.9
 29.050  102.850   -25.8    15.1    13.0     2.389   54.8  -22.4    18.9   -29.6  196.2
 29.050  102.950   -20.5    12.3     5.2     1.723   46.9  -29.4    13.1   -21.3  188.7
 29.050  103.050   -15.3     7.6     6.0     1.501   50.1  -22.4     9.0   -16.8  193.9
 29.050  103.150   -10.9     5.1     2.9     0.937   45.1  -25.2     5.7   -11.4  189.9
 29.050  103.250    -9.3     4.7     0.3     0.449   36.5  -34.3     4.7    -9.3  181.1
 29.050  103.350    -6.5     3.4     1.3     0.309   43.4  -28.9     3.6    -6.7  187.2
 29.050  103.450    -4.7     2.4     1.3     0.190   46.5  -26.0     2.6    -4.9  190.3
 29.050  103.550    -2.9     2.4     0.8     0.087   50.9  -33.8     2.5    -3.0  188.5
 29.050  103.650    -1.4     1.5     1.5     0.116   68.6  157.3     2.2    -2.1  202.9
 29.050  103.750    -1.3     0.2     0.6     0.066   48.1   -8.7     0.5    -1.6  199.7
 29.050  103.850    -0.6    -0.2     0.6     0.056   60.6    8.2     0.2    -1.0  214.4
 29.050  103.950    -0.4    -0.0     0.4     0.046   65.5    1.9     0.2    -0.6  213.7
 29.150   99.050    -3.8    12.9    -0.9    -1.487   58.3  115.4    13.0    -3.9  176.8
 29.150   99.150    -4.1    14.4    -1.3    -1.528   57.7  114.0    14.5    -4.2  175.9
 29.150   99.250    -5.0    16.5    -1.2    -1.536   57.8  115.8    16.5    -5.1  176.8
 29.150   99.350    -5.7    17.9    -1.1    -1.503   57.8  116.9    17.9    -5.8  177.4
 29.150   99.450    -6.4    18.6    -2.3    -1.524   54.1  115.6    18.8    -6.6  174.8
 29.150   99.550    -6.9    20.0    -4.2    -1.536   50.1  112.4    20.7    -7.6  171.2
 29.150   99.650    -7.8    21.6    -3.9    -1.349   51.0  114.0    22.1    -8.3  172.5
 29.150   99.750    -9.6    21.0    -2.8    -1.178   50.6  119.0    21.2    -9.8  174.8
 29.150   99.850   -11.6    18.7    -3.0    -1.253   46.1  122.7    19.0   -11.9  174.4
 29.150   99.950   -12.0    16.6    -5.7    -1.528   38.4  119.8    17.7   -13.1  169.1
 29.150  100.050   -12.0    14.5    -3.4    -1.427   40.4  125.2    14.9   -12.4  172.8
 29.150  100.150   -11.9    12.7     5.4    -0.880   57.7  145.9    13.8   -13.0  191.8
 29.150  100.250   -10.2    11.5     9.9    -0.562   67.6  154.9    15.4   -14.0  201.2
 29.150  100.350    -8.4    11.0     9.0    -0.571   69.2  153.7    14.5   -12.0  201.4
 29.150  100.450    -8.4    10.4     6.6    -0.670   65.0  150.0    12.5   -10.4  197.5
 29.150  100.550    -9.1     9.7     7.5    -0.598   65.1  153.5    12.4   -11.7  199.3
 29.150  100.650    -9.3     9.7     8.6    -0.536   66.5  155.5    13.0   -12.6  201.0
 29.150  100.750    -9.5    10.4     9.0    -0.517   67.0  155.1    13.8   -13.0  201.1
 29.150  100.850    -9.7    10.8     8.9    -0.519   66.7  154.3    14.2   -13.1  200.5
 29.150  100.950   -10.0    10.8     8.9    -0.528   66.2  154.3    14.1   -13.2  200.2
 29.150  101.050    -9.8    10.8     9.2    -0.519   67.0  154.9    14.3   -13.3  201.0
 29.150  101.150   -10.3    10.5     9.4    -0.525   66.2  155.7    14.1   -13.9  201.0
 29.150  101.250   -12.4     9.6    10.6    -0.499   64.4  -20.4    13.9   -16.7  202.0
 29.150  101.350   -14.0     9.1    14.5    -0.437   67.0  -15.4    16.1   -21.0  205.8
 29.150  101.450   -15.5    10.7    16.8    -0.465   67.8  -15.8    19.0   -23.7  206.0
 29.150  101.550   -17.4    12.8    22.1    -0.074   70.4  -14.7    24.5   -29.1  207.8
 29.150  101.650   -18.7    11.9    30.1     0.708   73.6  -10.6    30.4   -37.2  211.5
 29.150  101.750   -18.8    10.2    31.3     1.154   74.0   -8.8    30.2   -38.8  212.6
 29.150  101.850   -21.7    15.1    27.9     1.480   70.4  -13.9    30.1   -36.7  208.3
 29.150  101.950   -17.2    17.5    29.2     1.994   74.8  164.5    34.1   -33.8  209.6
 29.150  102.050    -0.7    12.5    39.8     2.264   89.5  171.1    46.2   -34.4  220.3
 29.150  102.150     0.2    19.0    50.6     1.685   90.1  169.4    61.1   -41.9  219.7
 29.150  102.250   -28.4    32.9    52.3     1.012   75.9  163.7    62.8   -58.3  209.8
 29.150  102.350   -53.5    21.8    43.9     0.990   61.8  -12.3    42.0   -73.7  204.7
 29.150  102.450   -59.8     2.4    36.0     1.542   51.0   -1.8    18.8   -76.3  204.6
 29.150  102.550   -64.4     9.6    30.0     2.167   47.0   -7.9    20.2   -75.1  199.5
 29.150  102.650   -63.7    22.8    24.8     2.976   47.8  -18.0    29.4   -70.3  194.9
 29.150  102.750   -39.3    21.3    18.7     3.294   53.5  -21.8    26.6   -44.6  195.8
 29.150  102.850   -18.2    15.6     9.1     2.453   57.2  -28.9    17.9   -20.5  194.1
 29.150  102.950   -11.1    12.2     4.7     1.480   57.1  144.7    13.1   -12.0  190.9
 29.150  103.050    -9.2     6.3     6.7     1.180   61.4  -20.7     8.8   -11.6  200.4
 29.150  103.150    -5.0     3.5     3.8     0.815   62.1  -20.1     5.0    -6.5  201.0
 29.150  103.250    -5.1     2.9    -0.5     0.412  213.4  139.3     2.9    -5.1  176.3
 29.150  103.350    -3.6     1.4     0.1     0.294   33.0  -30.8     1.4    -3.6  181.1
 29.150  103.450    -2.7     0.5     0.6     0.201   35.6  -14.8     0.6    -2.8  190.4
 29.150  103.550    -2.0     0.4     0.3     0.105   32.9  -18.1     0.5    -2.0  187.4
 29.150  103.650    -1.3     0.3     0.9     0.105   56.7   -8.0     0.7    -1.7  204.4
 29.150  103.750    -1.1     0.0     0.3     0.058   35.1   -3.4     0.1    -1.2  195.8
 29.150  103.850    -0.6    -0.0     0.5     0.058   59.0    0.1     0.3    -0.9  209.6
 29.150  103.950    -0.4    -0.0     0.4     0.052   60.8    3.5     0.2    -0.7  212.2
 29.250   99.050    -3.9    14.7    -1.5    -1.396   58.2  112.9    14.8    -4.0  175.5
 29.250   99.150    -3.6    15.5    -1.7    -1.413   58.9  111.2    15.6    -3.8  175.0
 29.250   99.250    -5.1    17.3    -1.2    -1.391   58.2  115.7    17.3    -5.2  176.9
 29.250   99.350    -6.1    18.7    -1.4    -1.417   57.0  116.6    18.8    -6.2  176.8
 29.250   99.450    -7.0    19.9    -1.9    -1.465   55.2  116.9    20.0    -7.2  176.0
 29.250   99.550    -8.0    22.1    -1.8    -1.491   55.4  117.7    22.2    -8.1  176.5
 29.250   99.650    -9.0    24.2    -0.8    -1.472   57.3  119.9    24.2    -9.0  178.6
 29.250   99.750    -9.9    23.4    -0.4    -1.473   56.2  122.3    23.4    -9.9  179.2
 29.250   99.850   -11.1    21.1    -1.3    -1.501   51.7  123.8    21.1   -11.2  177.8
 29.250   99.950   -11.5    20.3    -4.6    -1.652   44.7  119.3    20.9   -12.2  172.0
 29.250  100.050   -12.0    20.1    -3.0    -1.534   46.9  122.4    20.4   -12.2  174.6
 29.250  100.150   -12.0    18.4     5.3    -1.027   60.3  138.9    19.3   -12.9  189.6
 29.250  100.250   -10.8    14.7    10.2    -0.722   67.8  150.8    18.3   -14.3  199.3
 29.250  100.350    -9.6    11.7    10.0    -0.713   68.7  154.6    15.7   -13.6  201.6
 29.250  100.450    -9.5    10.6     8.2    -0.800   65.8  153.2    13.5   -12.3  199.5
 29.250  100.550    -9.8    10.5     9.1    -0.710   66.6  155.2    13.9   -13.2  200.9
 29.250  100.650    -9.8    10.8    10.1    -0.589   68.2  156.3    14.9   -13.9  202.2
 29.250  100.750    -9.8    11.7    10.2    -0.529   68.6  155.0    15.7   -13.9  201.8
 29.250  100.850    -9.8    12.5     9.7    -0.535   68.1  152.9    16.1   -13.4  200.5
 29.250  100.950    -9.9    12.5     9.1    -0.554   67.2  152.0    15.8   -13.2  199.6
 29.250  101.050    -9.6    12.4     9.6    -0.524   68.2  152.7    16.0   -13.2  200.4
 29.250  101.150   -10.0    12.3     9.2    -0.550   67.0  152.5    15.6   -13.3  199.7
 29.250  101.250   -12.0    11.1     9.6    -0.519   64.0  -24.4    14.6   -15.4  199.8
 29.250  101.350   -12.7     9.9    12.5    -0.303   66.6  -18.6    15.4   -18.3  204.0
 29.250  101.450   -15.5    11.5    14.7    -0.118   65.9  -18.4    18.0   -21.9  203.7
 29.250  101.550   -19.6    14.2    19.2     0.169   66.3  -17.7    22.9   -28.3  204.3
 29.250  101.650   -22.5    13.6    27.9     0.652   69.8  -12.6    28.8   -37.7  208.6
 29.250  101.750   -23.9    11.7    33.1     1.007   71.2   -9.5    31.5   -43.7  210.9
 29.250  101.850   -30.2    17.2    37.6     1.393   69.6  -11.9    37.9   -51.0  208.9
 29.250  101.950   -23.2    21.6    34.9     1.501   73.1  -15.8    40.7   -42.2  208.7
 29.250  102.050     2.8    18.7    37.3     2.243   92.2  165.8    48.9   -27.3  219.0
 29.250  102.150     4.9    24.2    39.2     3.319   93.6  162.5    54.9   -25.8  218.1
 29.250  102.250   -36.6    36.7    21.9     3.337   60.4  150.4    42.7   -42.7  195.4
 29.250  102.350   -75.6    28.6   -10.7     2.579  206.1  142.3    29.7   -76.7  174.2
 29.250  102.450   -78.9    13.0   -10.7     3.552  196.3  150.6    14.2   -80.1  173.4
 29.250  102.550   -73.2    19.3     6.9     4.726   31.6  -23.2    19.8   -73.7  184.2
 29.250  102.650   -66.3    29.1     9.5     4.244   39.4  -28.1    30.0   -67.2  185.7
 29.250  102.750   -34.0    23.4     7.7     3.301   47.4  -32.3    24.4   -35.0  187.5
 29.250  102.850    -0.8    14.5     5.9     2.301   86.3  131.3    16.6    -2.9  198.8
 29.250  102.950     4.2    10.6     4.1     1.272  116.0  116.0    12.5     2.2  206.0
 29.250  103.050    -3.8     5.2     6.1     0.859   74.5  159.1     8.3    -6.9  206.8
 29.250  103.150    -3.3     2.0     5.3     0.662   73.6   -9.9     5.3    -6.6  211.8
 29.250  103.250    -2.4     1.1    -0.0     0.286  214.2  145.0     1.1    -2.4  179.6
 29.250  103.350    -1.4     0.2     0.3     0.210   32.7  -12.4     0.2    -1.4  190.2
 29.250  103.450    -1.1    -0.3     0.7     0.174   45.6   16.6     0.1    -1.5  211.1
 29.250  103.550    -1.1    -0.2     0.4     0.111   19.8   19.8    -0.1    -1.2  199.8
 29.250  103.650    -0.9    -0.1     0.7     0.109   58.5    3.1     0.4    -1.3  210.8
 29.250  103.750    -0.7    -0.0     0.3     0.069   39.9    0.6     0.1    -0.8  200.2
 29.250  103.850    -0.5     0.1     0.4     0.063   59.2   -6.7     0.3    -0.7  206.3
 29.250  103.950    -0.4     0.0     0.3     0.053   59.1   -2.9     0.2    -0.5  208.1
 29.350   99.050    -3.5    16.3    -1.3    -1.345   61.0  111.3    16.4    -3.6  176.2
 29.350   99.150    -3.9    17.4    -1.6    -1.346   60.2  111.4    17.5    -4.0  175.8
 29.350   99.250    -4.6    18.1    -1.0    -1.307   60.6  114.4    18.2    -4.7  177.5
 29.350   99.350    -5.1    19.1    -1.2    -1.359   59.7  114.7    19.1    -5.2  177.2
 29.350   99.450    -6.0    20.4    -1.1    -1.413   58.9  116.1    20.5    -6.1  177.5
 29.350   99.550    -7.1    21.9    -0.7    -1.434   59.0  118.3    22.0    -7.1  178.7
 29.350   99.650    -8.1    22.6    -0.4    -1.458   58.3  120.2    22.7    -8.1  179.2
 29.350   99.750    -9.4    22.8    -0.7    -1.511   56.0  121.5    22.8    -9.5  178.8
 29.350   99.850   -10.7    23.0    -0.8    -1.568   54.3  122.9    23.1   -10.7  178.6
 29.350   99.950   -11.9    24.2    -2.7    -1.715   50.7  120.8    24.4   -12.1  175.7
 29.350  100.050   -14.0    25.8    -1.4    -1.614   51.6  124.4    25.8   -14.0  178.0
 29.350  100.150   -14.5    24.5     4.3    -1.196   58.4  133.9    25.0   -15.0  186.2
 29.350  100.250   -11.7    18.0     7.4    -0.920   63.8  142.8    19.8   -13.4  193.3
 29.350  100.350    -9.1    11.9     8.3    -0.801   67.1  151.2    14.8   -12.0  199.2
 29.350  100.450    -9.1    10.6     8.0    -0.763   66.2  152.7    13.5   -11.9  199.5
 29.350  100.550   -10.4    11.4     9.1    -0.680   65.8  153.9    14.6   -13.7  199.9
 29.350  100.650   -10.8    12.1    11.0    -0.589   68.2  155.8    16.5   -15.2  202.0
 29.350  100.750   -10.6    13.4    12.0    -0.539   69.9  155.1    18.4   -15.5  202.5
 29.350  100.850   -10.6    14.8    10.8    -0.566   68.8  151.7    18.8   -14.6  200.3
 29.350  100.950   -10.5    14.9     9.5    -0.590   67.4  149.4    18.1   -13.6  198.4
 29.350  101.050    -9.6    14.6     9.9    -0.554   69.2  150.0    18.1   -13.1  199.6
 29.350  101.150    -9.8    13.8     9.2    -0.616   67.8  150.1    17.0   -13.0  198.9
 29.350  101.250   -12.3    12.2     9.5    -0.622   63.8  -26.0    15.4   -15.5  198.9
 29.350  101.350   -13.5    10.2    13.5    -0.414   66.7  -18.0    16.3   -19.6  204.4
 29.350  101.450   -16.2     9.1    17.4    -0.196   67.3  -13.3    18.0   -25.1  207.0
 29.350  101.550   -19.3     9.7    22.0     0.088   68.1  -11.5    21.6   -31.2  208.3
 29.350  101.650   -22.5    11.5    29.9     0.566   70.6  -10.2    28.9   -39.9  210.2
 29.350  101.750   -26.5    14.6    35.5     1.025   70.8  -10.8    35.0   -47.0  210.0
 29.350  101.850   -31.3    17.7    41.8     1.568   70.8  -11.2    41.7   -55.3  209.8
 29.350  101.950   -32.9    26.6    38.5     1.761   69.3  -17.0    45.5   -51.8  206.1
 29.350  102.050   -26.9    38.8    34.6     2.624   71.8  154.7    53.6   -41.8  203.3
 29.350  102.150   -31.5    38.4    27.7     4.137   66.4  152.0    48.0   -41.1  199.2
 29.350  102.250   -57.1    32.7     7.0     4.423   41.6  -32.8    33.2   -57.6  184.4
 29.350  102.350   -88.9    45.7   -20.6     3.196  207.5  135.4    48.8   -92.0  171.5
 29.350  102.450   -81.3    62.3   -10.5     3.513  217.1  134.6    63.0   -82.1  175.8
 29.350  102.550   -58.0    56.2    13.9     4.278   51.4  -37.7    57.9   -59.7  186.8
 29.350  102.650   -42.3    39.0    17.0     3.319   55.3  -32.6    42.4   -45.7  191.3
 29.350  102.750   -17.9    22.2    13.8     2.145   64.8  149.7    26.5   -22.2  197.3
 29.350  102.850    13.6    10.1    11.2     1.538  139.4  139.4    23.2     0.5   49.4
 29.350  102.950    15.1     5.7     5.8     1.003  154.5  154.5    17.9     2.9   64.5
 29.350  103.050     1.8     4.3     4.3     0.700  103.5  150.7     7.5    -1.4  217.1
 29.350  103.150    -1.0     0.4     4.5     0.541   83.5   -2.8     4.2    -4.8  220.3
 29.350  103.250    -0.1    -1.7     1.0     0.224   87.2   42.3     0.4    -2.1   64.8
 29.350  103.350    -0.5    -0.8     0.9     0.166   71.1   27.3     0.3    -1.6   49.2
 29.350  103.450    -0.6    -0.5     1.0     0.157   70.9   16.9     0.4    -1.6  223.9
 29.350  103.550    -0.6    -0.0     0.6     0.116   63.5    2.2     0.3    -1.0  212.8
 29.350  103.650    -0.6     0.1     0.7     0.107   68.4   -2.9     0.5    -1.1  212.7
 29.350  103.750    -0.4     0.0     0.4     0.075   60.6   -3.1     0.3    -0.7  208.7
 29.350  103.850    -0.3     0.2     0.4     0.065   67.6  -13.2     0.4    -0.5  207.2
 29.350  103.950    -0.3     0.2     0.3     0.051   64.4  -16.1     0.3    -0.4  204.1
 29.450   99.050    -3.6    17.0    -0.9    -1.314   62.8  112.2    17.1    -3.6  177.5
 29.450   99.150    -3.8    17.7    -0.9    -1.334   62.6  112.6    17.7    -3.9  177.6
 29.450   99.250    -4.3    18.2    -0.0    -1.315   63.9  115.9    18.2    -4.3  179.9
 29.450   99.350    -4.6    19.0    -0.3    -1.338   63.1  115.4    19.0    -4.6  179.3
 29.450   99.450    -5.4    20.3    -0.4    -1.351   61.9  116.4    20.3    -5.4  179.2
 29.450   99.550    -6.4    21.6    -0.4    -1.383   60.5  117.7    21.6    -6.4  179.1
 29.450   99.650    -7.3    22.1    -0.6    -1.436   58.9  118.9    22.1    -7.3  178.9
 29.450   99.750    -8.5    22.6    -0.3    -1.478   57.9  121.0    22.6    -8.5  179.5
 29.450   99.850    -9.4    23.4    -0.1    -1.540   57.3  122.2    23.4    -9.4  179.8
 29.450   99.950   -10.8    25.1    -1.0    -1.670   55.2  121.8    25.1   -10.9  178.5
 29.450  100.050   -13.2    27.3     1.2    -1.647   56.8  126.5    27.3   -13.3  181.7
 29.450  100.150   -14.3    26.3     5.2    -1.551   60.4  133.8    26.9   -14.9  187.1
 29.450  100.250   -12.7    18.6     7.4    -1.483   62.6  142.7    20.3   -14.4  192.6
 29.450  100.350   -11.8    11.0    10.6    -1.222   65.8  -22.8    15.2   -15.9  201.5
 29.450  100.450   -11.6    10.3    12.8    -0.944   68.7  -19.1    16.2   -17.5  204.8
 29.450  100.550   -11.7    12.8    12.6    -0.797   68.7  157.0    18.1   -17.0  202.9
 29.450  100.650   -11.7    14.6    12.6    -0.611   69.2  154.6    19.7   -16.7  201.9
 29.450  100.750   -11.5    15.7    12.8    -0.457   69.9  153.4    20.8   -16.5  201.6
 29.450  100.850   -11.5    16.6    10.8    -0.517   67.8  149.5    20.3   -15.2  198.7
 29.450  100.950   -11.0    16.5     9.2    -0.599   66.8  147.1    19.3   -13.8  197.0
 29.450  101.050    -9.2    15.8     9.7    -0.585   70.0  148.0    19.1   -12.5  199.0
 29.450  101.150    -9.0    14.3     8.7    -0.688   68.7  148.2    17.2   -11.9  198.4
 29.450  101.250   -11.8    12.4     8.9    -0.722   63.8  152.7    15.3   -14.7  198.3
 29.450  101.350   -12.8    10.5    13.0    -0.520   67.2  -19.0    16.3   -18.6  204.1
 29.450  101.450   -16.1     8.4    17.6    -0.278   67.4  -12.3    17.6   -25.3  207.6
 29.450  101.550   -19.7     7.5    23.7     0.076   68.6   -8.4    21.2   -33.4  210.1
 29.450  101.650   -23.8    10.4    32.9     0.629   71.1   -8.5    30.4   -43.8  211.3
 29.450  101.750   -30.4    16.1    40.2     1.106   70.5  -10.6    39.3   -53.6  210.0
 29.450  101.850   -35.4    20.9    48.0     1.582   71.1  -11.5    48.5   -62.9  209.8
 29.450  101.950   -42.8    35.1    53.5     1.999   70.3  -16.3    62.3   -70.0  207.0
 29.450  102.050   -51.9    54.4    50.9     2.318   67.4  156.4    74.8   -72.3  201.9
 29.450  102.150   -59.2    53.7    41.3     2.696   61.9  -25.8    67.1   -72.7  198.1
 29.450  102.250   -64.4    42.0    33.4     2.799   55.9  -23.8    51.6   -74.0  196.1
 29.450  102.350   -79.0    54.2    27.8     2.062   51.4  -28.7    59.7   -84.6  191.3
 29.450  102.450   -67.5    71.3    33.9     1.593   58.7  147.3    79.1   -75.3  193.0
 29.450  102.550   -43.6    60.4    40.4     1.431   67.6  150.2    74.3   -57.5  198.9
 29.450  102.650   -27.9    38.9    36.3     0.819   71.9  155.5    54.8   -43.8  203.7
 29.450  102.750   -13.2    22.2    28.6     0.299   78.0  160.3    38.2   -29.1  209.2
 29.450  102.850     8.6    10.4    21.5     0.359  101.8  165.8    31.0   -12.1  223.8
 29.450  102.950    10.3     4.8    12.5     0.529  114.2  168.0    20.3    -5.2   51.1
 29.450  103.050     2.5     3.1     5.5     0.458  103.4  163.4     8.3    -2.8  223.4
 29.450  103.150     1.0    -0.6     3.2     0.338   99.0  185.0     3.5    -3.1   52.0
 29.450  103.250     0.7    -2.4     2.2     0.242   98.6   27.2     1.8    -3.5   62.9
 29.450  103.350    -0.3    -1.2     1.3     0.199   84.2   25.8     0.7    -2.1   55.0
 29.450  103.450    -0.4    -0.8     1.0     0.174   77.0   23.0     0.4    -1.6   50.0
 29.450  103.550    -0.2    -0.3     0.6     0.143   80.1   12.1     0.4    -0.9   46.1
 29.450  103.650    -0.2    -0.1     0.5     0.115   78.4    5.2     0.4    -0.7  221.8
 29.450  103.750    -0.1    -0.1     0.4     0.086   82.7    3.4     0.4    -0.5  223.0
 29.450  103.850     0.0     0.1     0.5     0.064   90.6  173.7     0.6    -0.4  222.1
 29.450  103.950    -0.0     0.1     0.4     0.035   88.6  170.7     0.5    -0.4  219.6
 29.550   99.050    -3.7    16.9    -1.6    -1.302   60.3  111.0    17.0    -3.8  175.7
 29.550   99.150    -3.0    16.4    -1.1    -1.287   63.4  110.0    16.4    -3.1  176.7
 29.550   99.250    -4.0    17.4    -0.0    -1.252   64.3  115.4    17.4    -4.0  179.9
 29.550   99.350    -4.4    18.4    -0.2    -1.283   63.4  115.4    18.4    -4.4  179.4
 29.550   99.450    -4.9    19.1    -0.0    -1.302   63.2  116.7    19.1    -4.9  179.9
 29.550   99.550    -5.2    20.0     0.1    -1.351   63.4  117.3    20.0    -5.2  180.3
 29.550   99.650    -5.8    20.9     0.2    -1.441   62.6  118.1    20.9    -5.8  180.3
 29.550   99.750    -7.1    21.6     0.7    -1.490   61.5  121.3    21.6    -7.1  181.4
 29.550   99.850    -8.1    21.4     0.4    -1.542   59.2  122.5    21.4    -8.2  180.8
 29.550   99.950    -9.3    21.7    -0.3    -1.612   56.2  122.7    21.7    -9.3  179.5
 29.550  100.050   -10.9    22.7     1.7    -1.569   58.0  127.7    22.8   -11.0  182.9
 29.550  100.150   -11.9    21.0     1.8    -1.675   56.0  130.1    21.1   -12.0  183.1
 29.550  100.250   -11.7    11.8     2.0    -1.786   49.9  139.7    11.9   -11.8  184.8
 29.550  100.350   -10.9     2.0    10.3    -1.510   63.3   -5.3     7.7   -16.6  209.0
 29.550  100.450   -12.9     3.8    20.6    -1.085   73.0   -5.2    17.6   -26.8  213.9
 29.550  100.550   -18.2    13.1    20.5    -0.908   68.5  -15.9    23.2   -28.3  206.3
 29.550  100.650   -19.7    19.1    15.2    -0.653   63.7  -25.6    24.4   -25.0  199.1
 29.550  100.750   -14.8    19.6    12.3    -0.375   66.1  149.5    23.6   -18.7  197.8
 29.550  100.850   -11.3    19.1     9.6    -0.468   67.4  144.8    21.9   -14.1  196.1
 29.550  100.950    -9.9    18.3     8.7    -0.614   68.1  143.5    20.8   -12.4  195.8
 29.550  101.050    -8.3    16.7     8.9    -0.659   70.6  144.8    19.6   -11.2  197.7
 29.550  101.150    -8.0    13.5     7.8    -0.783   69.0  146.8    16.1   -10.5  197.9
 29.550  101.250   -11.5    11.6     8.3    -0.783   62.9  152.8    14.2   -14.2  197.9
 29.550  101.350   -13.1    11.7    12.0    -0.548   66.0  -21.8    16.6   -18.0  202.1
 29.550  101.450   -16.6     8.2    14.6    -0.344   63.5  -13.8    15.0   -23.4  204.8
 29.550  101.550   -21.6     3.4    21.8     0.211   64.5   -4.3    16.0   -34.2  210.1
 29.550  101.650   -25.1     7.4    31.7     1.078   69.2   -6.3    26.7   -44.5  211.4
 29.550  101.750   -27.1    15.1    40.4     1.553   72.4  -10.0    39.6   -51.6  211.2
 29.550  101.850   -23.7    27.0    60.3     1.757   79.3  167.9    67.0   -63.8  213.6
 29.550  101.950   -38.1    56.3    83.6     1.983   78.0  162.6   105.1   -86.9  210.3
 29.550  102.050   -67.9    86.0    77.7     1.712   70.0  155.3   118.4  -100.3  202.7
 29.550  102.150   -81.1    88.6    51.6     1.470   61.7  149.6   103.1   -95.5  195.6
 29.550  102.250   -69.2    73.6    41.0     1.915   60.7  149.2    84.6   -80.2  194.9
 29.550  102.350   -70.1    62.7    37.2     1.799   58.2  -29.0    72.4   -79.9  194.6
 29.550  102.450   -57.7    50.8    34.1     1.362   59.5  -27.4    60.7   -67.6  196.1
 29.550  102.550   -37.4    37.4    30.7     0.981   64.7  -25.3    48.4   -48.4  199.7
 29.550  102.650   -23.8    28.9    27.1     0.563   69.8  155.9    40.3   -35.2  202.9
 29.550  102.750   -16.4    24.8    20.5     0.145   71.6  153.3    33.3   -24.9  202.5
 29.550  102.850    -4.0    19.0    15.4     0.188   83.1  150.1    26.8   -11.8  206.6
 29.550  102.950    -0.5    10.6     9.6     0.328   88.5  151.4    16.1    -6.0  209.9
 29.550  103.050    -0.2     2.8     4.3     0.261   88.4  161.8     5.8    -3.2  215.1
 29.550  103.150     1.3    -0.7     2.8     0.207  102.9  187.0     3.3    -2.7   55.0
 29.550  103.250     0.0    -1.0     3.1     0.221   90.4    8.8     2.7    -3.6   49.6
 29.550  103.350    -0.5    -0.8     2.1     0.189   83.2   10.3     1.5    -2.8   46.7
 29.550  103.450    -0.4    -0.6     1.4     0.156   81.8   13.0     0.9    -1.9   47.4
 29.550  103.550     0.1    -0.7     1.1     0.134   92.3   17.2     0.8    -1.4   54.7
 29.550  103.650     0.3    -0.5     0.9     0.104   99.0   16.1     0.8    -1.1   57.5
 29.550  103.750     0.3    -0.3     0.8     0.077  101.2   11.4     0.8    -0.9   56.3
 29.550  103.850     0.6    -0.3     0.8     0.054  109.1  190.1     1.0    -0.7   59.6
 29.550  103.950     0.4    -0.1     0.7     0.028  104.2  185.3     0.8    -0.6   54.7
 29.650   99.050    -4.5    16.8    -1.7    -1.401   58.0  113.1    17.0    -4.6  175.5
 29.650   99.150    -3.8    16.2    -1.1    -1.271   61.1  112.8    16.2    -3.8  177.0
 29.650   99.250    -3.9    17.0    -0.2    -1.160   63.8  114.9    17.0    -3.9  179.4
 29.650   99.350    -3.6    17.9    -0.7    -1.210   63.8  112.4    17.9    -3.7  178.1
 29.650   99.450    -3.7    18.2    -0.3    -1.253   64.9  113.3    18.2    -3.7  179.1
 29.650   99.550    -3.5    18.9     0.3    -1.294   67.6  114.0    18.9    -3.5  180.8
 29.650   99.650    -3.8    19.8     0.3    -1.392   67.1  114.4    19.8    -3.8  180.7
 29.650   99.750    -5.5    20.5     0.9    -1.473   64.7  119.3    20.5    -5.5  182.0
 29.650   99.850    -6.9    20.7     1.2    -1.592   62.4  122.5    20.8    -7.0  182.5
 29.650   99.950    -7.6    21.7     2.1    -1.696   63.2  124.7    21.9    -7.7  184.0
 29.650  100.050    -7.3    23.2     5.6    -1.693   69.7  130.4    24.2    -8.3  190.1
 29.650  100.150    -8.2    22.9     3.4    -2.101   65.0  127.5    23.2    -8.6  186.2
 29.650  100.250   -11.1    17.5     0.5    -2.358   52.4  129.5    17.5   -11.1  180.9
 29.650  100.350   -12.3    11.0     6.9    -1.634   58.9  -28.2    12.8   -14.2  195.3
 29.650  100.450   -16.5    11.8    18.3    -0.443   68.3  -15.9    20.8   -25.5  206.2
 29.650  100.550   -25.7    18.1    17.6    -0.149   60.5  -21.8    24.3   -31.9  199.3
 29.650  100.650   -28.2    21.9    11.6    -0.300   54.2  -29.3    24.5   -30.8  192.4
 29.650  100.750   -17.8    21.1    10.4    -0.282   61.2  146.9    23.7   -20.4  194.0
 29.650  100.850    -9.8    19.6     7.9    -0.452   67.6  140.6    21.6   -11.8  194.1
 29.650  100.950    -7.6    18.1     7.2    -0.601   70.2  139.2    20.0    -9.5  194.7
 29.650  101.050    -6.9    16.1     6.7    -0.737   70.3  140.1    17.9    -8.7  195.2
 29.650  101.150    -6.1    13.0     6.0    -0.884   69.8  142.0    14.8    -7.8  195.9
 29.650  101.250    -8.9    10.7     9.3    -0.902   68.6  154.8    14.4   -12.6  201.7
 29.650  101.350    -7.9    10.5    17.9    -0.919   78.2  164.5    21.4   -18.8  211.3
 29.650  101.450   -14.6     7.9    22.4    -1.191   72.8   -9.5    21.7   -28.4  211.6
 29.650  101.550   -28.6     3.8    34.0    -0.516   67.6   -3.2    25.2   -50.0  212.2
 29.650  101.650   -34.4     8.0    46.7     0.747   70.3   -4.8    38.1   -64.5  212.8
 29.650  101.750   -27.0    18.4    50.1     1.569   75.6  -10.0    50.7   -59.3  212.8
 29.650  101.850   -11.9    31.1    64.0     2.926   84.8  166.6    77.1   -58.0  215.7
 29.650  101.950   -33.1    54.1    80.8     4.461   79.1  162.5   102.3   -81.3  210.8
 29.650  102.050   -84.6    78.5    61.0     3.915   62.5  -25.7    98.7  -104.9  198.4
 29.650  102.150  -104.1    84.5    23.8     2.452   49.2  -35.0    87.5  -107.1  187.1
 29.650  102.250   -76.7    74.1    17.4     2.474   51.0  -38.0    76.1   -78.7  186.5
 29.650  102.350   -66.2    58.9    13.4     2.060   49.4  -37.3    60.3   -67.6  186.0
 29.650  102.450   -52.1    41.0    12.2     1.547   49.0  -34.4    42.6   -53.7  187.3
 29.650  102.550   -34.1    27.6    12.8     1.317   53.5  -30.9    30.2   -36.7  191.3
 29.650  102.650   -20.9    22.4    13.1     1.190   61.4  149.7    26.0   -24.6  195.6
 29.650  102.750   -16.0    20.3     6.7     0.689   58.4  142.0    21.5   -17.2  190.2
 29.650  102.850    -6.3    14.7     4.5     0.355   67.4  135.8    15.6    -7.2  191.6
 29.650  102.950    -2.8     6.4     2.9     0.066   71.0  141.3     7.3    -3.6  196.2
 29.650  103.050    -1.1    -0.1     2.7    -0.020   78.4    1.6     2.1    -3.4  220.0
 29.650  103.150     0.9    -1.8     4.0     0.106   96.2   12.1     3.8    -4.7   54.1
 29.650  103.250    -0.3    -1.0     3.9     0.154   87.6    7.4     3.2    -4.6   47.5
 29.650  103.350    -0.7    -0.8     3.4     0.134   84.4    6.9     2.7    -4.2   45.7
 29.650  103.450    -0.4    -0.8     2.6     0.081   85.1    8.6     2.0    -3.2   46.8
 29.650  103.550     0.1    -0.8     2.2     0.068   91.7   10.3     1.9    -2.6   51.0
 29.650  103.650     0.4    -0.6     1.9     0.062   96.0    9.3     1.9    -2.1   52.6
 29.650  103.750     0.4    -0.4     1.4     0.048   97.5    7.9     1.5    -1.5   52.7
 29.650  103.850     0.6    -0.4     1.0     0.044  106.3  189.3     1.3    -1.0   57.8
 29.650  103.950     0.3    -0.2     0.8     0.047  102.7  186.2     0.9    -0.7   54.5
 29.750   99.050    -5.8    15.6    -2.1    -1.410   53.0  116.1    15.8    -5.9  174.5
 29.750   99.150    -5.4    15.6    -0.3    -1.303   58.7  119.6    15.6    -5.4  179.1
 29.750   99.250    -4.3    16.1     1.3    -1.195   66.3  121.2    16.1    -4.4  183.8
 29.750   99.350    -3.2    16.9     0.2    -1.228   66.8  114.2    16.9    -3.3  180.5
 29.750   99.450    -2.7    17.2    -0.4    -1.232   67.0  110.4    17.2    -2.7  178.7
 29.750   99.550    -2.2    17.5    -0.0    -1.219   70.2  109.6    17.5    -2.2  179.9
 29.750   99.650    -1.9    18.2    -0.7    -1.293   70.3  106.0    18.2    -1.9  178.1
 29.750   99.750    -2.0    18.4    -0.1    -1.389   71.3  108.0    18.4    -2.0  179.6
 29.750   99.850    -1.3    20.2     2.7    -1.557   81.6  112.7    20.6    -1.6  187.1
 29.750   99.950    -2.7    24.3     6.1    -1.740   80.5  123.8    25.6    -4.0  192.1
 29.750  100.050    -3.1    27.4     8.4    -1.723   81.6  127.1    29.5    -5.2  194.4
 29.750  100.150    -6.1    30.7     2.3    -1.958   69.3  117.9    30.8    -6.3  183.6
 29.750  100.250   -16.7    38.0    -4.2    -2.048   52.0  119.3    38.3   -17.0  175.7
 29.750  100.350   -28.3    43.5    -1.0    -1.283   50.3  128.2    43.5   -28.3  179.2
 29.750  100.450   -29.2    39.5     9.4    -0.034   56.8  138.5    40.8   -30.5  187.7
 29.750  100.550   -27.0    31.5    10.2     0.208   56.7  142.6    33.2   -28.7  189.6
 29.750  100.650   -25.0    25.0     7.5    -0.193   53.3  -36.6    26.1   -26.1  188.4
 29.750  100.750   -16.7    21.1     9.0    -0.359   60.8  144.8    23.2   -18.7  192.8
 29.750  100.850    -8.8    18.3     7.0    -0.527   67.7  139.6    20.0   -10.5  193.6
 29.750  100.950    -5.9    15.2     5.2    -0.638   69.8  136.3    16.4    -7.1  193.0
 29.750  101.050    -5.3    12.3     4.6    -0.729   69.2  138.6    13.5    -6.4  193.9
 29.750  101.150    -3.2    12.1     3.4    -0.868   73.2  130.9    12.8    -3.9  192.0
 29.750  101.250    -0.8     8.8     6.2    -0.969   86.6  145.8    11.8    -3.8  206.2
 29.750  101.350     9.3     5.2    18.7    -1.007  104.5  171.8    26.1   -11.5   48.2
 29.750  101.450    -4.0     6.2    25.8    -1.440   85.6  173.2    27.4   -25.2  219.4
 29.750  101.550   -32.2     7.2    39.5    -0.877   68.5   -5.0    31.6   -56.7  211.7
 29.750  101.650   -47.1    10.4    60.2     0.575   69.2   -4.8    48.4   -85.0  212.2
 29.750  101.750   -47.8    28.1    64.8     1.737   71.0  -11.4    65.3   -85.0  209.8
 29.750  101.850   -49.3    37.0    60.2     3.570   69.8  -15.4    67.9   -80.2  207.2
 29.750  101.950   -62.7    23.7    60.4     6.035   64.6  -10.2    54.8   -93.8  207.2
 29.750  102.050   -93.3    21.1    40.3     5.987   47.1  -11.9    33.9  -106.0  197.6
 29.750  102.150  -102.0    39.0     5.7     3.908   34.1  -29.5    39.3  -102.3  182.3
 29.750  102.250   -70.8    50.4     0.2     3.039   40.3  -40.1    50.4   -70.8  180.1
 29.750  102.350   -49.9    43.0    -1.0     2.024  222.3  136.5    43.0   -49.9  179.4
 29.750  102.450   -38.0    30.9     3.8     1.144   45.2  -38.9    31.1   -38.2  183.2
 29.750  102.550   -29.5    21.1    10.7     0.921   52.1  -29.2    23.3   -31.6  191.4
 29.750  102.650   -19.6    15.8    12.8     0.917   60.5  -24.6    20.0   -23.7  198.0
 29.750  102.750   -12.5     7.2     3.7     0.335   48.0  -27.4     7.8   -13.1  190.3
 29.750  102.850    -1.4    -5.7     0.9    -0.009   78.7   78.7    -1.2    -5.9   78.7
 29.750  102.950     0.5   -11.5     1.5    -0.142   97.0   69.3     0.7   -11.7   83.1
 29.750  103.050    -1.8    -8.7     3.7    -0.062   66.8   66.8    -0.2   -10.3   66.8
 29.750  103.150    -1.4    -4.4     5.6     0.125   82.5   22.7     2.9    -8.7   52.6
 29.750  103.250    -1.0    -2.1     4.8     0.162   83.7   12.5     3.3    -6.4   48.1
 29.750  103.350    -0.6    -1.2     3.9     0.122   85.4    8.6     3.0    -4.8   47.0
 29.750  103.450    -0.4    -1.2     2.8     0.064   85.9   12.2     2.1    -3.7   49.1
 29.750  103.550    -0.2    -0.8     2.6     0.065   87.3    9.3     2.1    -3.2   48.3
 29.750  103.650    -0.1    -0.5     2.1     0.064   88.8    6.9     1.8    -2.5   47.8
 29.750  103.750    -0.1    -0.3     1.5     0.054   88.3    6.4     1.3    -1.7   47.3
 29.750  103.850     0.0    -0.1     1.0     0.054   91.1    4.1     0.9    -1.0   47.6
 29.750  103.950    -0.1    -0.1     0.7     0.062   87.1    2.3     0.6    -0.7  224.7
 29.850   99.050    -6.4    16.8    -4.2    -1.243   47.4  112.5    17.6    -7.2  170.0
 29.850   99.150    -6.0    17.5    -3.8    -1.100   49.9  112.1    18.1    -6.6  171.0
 29.850   99.250    -4.4    17.2    -2.3    -0.955   56.5  111.4    17.4    -4.7  173.9
 29.850   99.350    -3.1    16.9    -2.7    -1.042   58.3  106.8    17.3    -3.5  172.6
 29.850   99.450    -2.2    16.8    -2.1    -1.136   63.0  104.5    17.0    -2.4  173.7
 29.850   99.550    -1.7    16.8    -0.6    -1.141   70.5  105.5    16.9    -1.7  178.0
 29.850   99.650    -0.6    17.5    -1.1    -1.232   75.0   97.8    17.6    -0.7  176.4
 29.850   99.750     1.1    18.1    -1.2    -1.312   86.0   86.0    18.2     1.1  176.0
 29.850   99.850     6.1    20.3     2.5    -1.296   99.8   99.8    20.8     5.7  189.8
 29.850   99.950     0.7    24.9     4.7    -1.334   96.6  104.4    25.8    -0.1  190.5
 29.850  100.050    -9.3    29.3     2.5    -1.230   64.0  123.3    29.4    -9.5  183.6
 29.850  100.150   -16.4    34.4    -5.3    -1.032   49.2  119.0    34.9   -17.0  174.1
 29.850  100.250   -23.6    45.1   -11.8    -0.860   44.2  116.9    47.1   -25.6  170.5
 29.850  100.350   -35.6    53.2   -10.5    -0.615   43.9  122.8    54.4   -36.8  173.4
 29.850  100.450   -33.0    47.2    -1.6    -0.117   48.9  128.8    47.2   -33.1  178.8
 29.850  100.550   -23.8    34.4     1.7    -0.031   51.9  131.5    34.4   -23.9  181.7
 29.850  100.650   -18.9    24.8     1.8    -0.268   51.2  133.4    24.9   -18.9  182.3
 29.850  100.750   -13.9    20.2     4.1    -0.366   56.9  136.6    20.6   -14.4  186.7
 29.850  100.850    -7.8    17.0     3.8    -0.523   64.0  133.3    17.6    -8.4  188.6
 29.850  100.950    -5.0    14.5     2.3    -0.716   65.7  127.7    14.7    -5.3  186.7
 29.850  101.050    -4.7    12.1     3.8    -0.701   69.0  135.2    12.9    -5.5  192.1
 29.850  101.150    -2.0    11.8     1.8    -0.835   74.3  120.6    12.0    -2.2  187.5
 29.850  101.250     3.8     8.3    -0.9    -0.988   79.3   79.3     8.5     3.6  169.3
 29.850  101.350    21.2     5.0     9.4    -0.522  155.4  155.4    25.5     0.7   65.4
 29.850  101.450     0.6     8.4    12.2    -0.361   91.5  160.8    17.4    -8.3  216.2
 29.850  101.550   -43.1    13.0    14.7     0.485   44.5  -17.0    16.6   -46.7  193.8
 29.850  101.650   -66.7    16.0    31.2     2.908   48.9  -11.9    26.5   -77.2  198.5
 29.850  101.750   -70.5    29.6    39.2     4.663   54.6  -16.6    43.1   -84.0  199.0
 29.850  101.850   -84.8    35.9    29.0     4.819   47.1  -21.5    42.5   -91.4  192.8
 29.850  101.950   -87.4    18.8    38.9     5.759   47.4  -11.2    31.5  -100.2  198.1
 29.850  102.050   -93.0     7.8    47.9     6.089   47.9   -4.3    26.9  -112.2  201.8
 29.850  102.150   -88.9    19.4    27.2     4.124   40.8  -14.2    25.9   -95.4  193.3
 29.850  102.250   -56.2    30.9    12.1     2.314   44.6  -29.1    32.5   -57.8  187.8
 29.850  102.350   -25.2    27.1     6.5     0.982   53.0  141.0    27.9   -26.0  187.0
 29.850  102.450   -17.8    19.7     9.5     0.131   59.8  147.1    22.0   -20.0  193.5
 29.850  102.550   -21.7    13.4    19.7     0.063   64.6  -16.3    22.2   -30.5  204.1
 29.850  102.650   -17.9     8.7    23.1    -0.072   70.1   -9.9    22.1   -31.3  210.1
 29.850  102.750   -12.0     0.6    10.1    -0.846   59.8   -1.7     6.3   -17.7  209.0
 29.850  102.850    -5.4    -9.6     3.1    -0.819   61.9   61.9    -3.7   -11.3   61.9
 29.850  102.950    -3.3   -12.9     3.2    -0.178   73.0   73.0    -2.3   -13.9   73.0
 29.850  103.050    -3.1    -8.9     5.2     0.245   59.5   59.5    -0.0   -12.0   59.5
 29.850  103.150    -1.9    -4.4     6.3     0.332   80.6   20.5     3.2    -9.5   50.5
 29.850  103.250    -1.6    -2.1     5.5     0.272   81.6   11.2     3.7    -7.4   46.4
 29.850  103.350    -0.8    -1.2     3.3     0.164   83.1   11.0     2.3    -4.3   47.0
 29.850  103.450    -0.6    -1.3     2.1     0.109   82.3   17.0     1.3    -3.1   49.6
 29.850  103.550    -0.6    -0.8     2.2     0.123   82.4   10.3     1.5    -2.9   46.3
 29.850  103.650    -0.5    -0.4     1.7     0.103   82.2    7.3     1.3    -2.1  224.7
 29.850  103.750    -0.4    -0.3     1.2     0.084   79.8    6.4     0.9    -1.6  223.1
 29.850  103.850    -0.4    -0.0     0.9     0.072   77.8    1.6     0.7    -1.1  219.7
 29.850  103.950    -0.3     0.0     0.6     0.064   74.3   -0.6     0.5    -0.8  216.9
 29.950   99.050   -12.0    21.6    -4.8    -1.049   45.0  119.1    22.2   -12.6  172.0
 29.950   99.150   -11.4    24.0    -8.6    -0.823   41.3  112.7    26.0   -13.4  167.0
 29.950   99.250    -4.1    21.7    -9.6    -0.666   43.2  100.0    24.9    -7.3  161.6
 29.950   99.350     3.3    18.2    -7.2    -0.867   67.9   67.9    21.1     0.4  157.9
 29.950   99.450     3.8    16.6    -2.4    -1.139   79.6   79.6    17.0     3.3  169.6
 29.950   99.550     0.6    16.1     1.0    -1.207   93.5   93.5    16.2     0.5  183.5
 29.950   99.650     0.2    17.1     0.7    -1.260   92.3   92.3    17.1     0.1  182.3
 29.950   99.750     1.4    19.0    -0.5    -1.263   88.4   88.4    19.0     1.3  178.4
 29.950   99.850     6.3    20.9     1.1    -1.025   94.2   94.2    21.0     6.2  184.2
 29.950   99.950    -1.6    24.6     1.2    -0.803   78.2  106.9    24.7    -1.6  182.6
 29.950  100.050   -17.2    31.0    -1.1    -0.719   52.1  125.4    31.0   -17.2  178.7
 29.950  100.150   -26.0    38.0    -3.6    -0.634   47.1  126.4    38.2   -26.2  176.8
 29.950  100.250   -28.3    46.2    -6.2    -0.596   47.1  123.4    46.7   -28.8  175.3
 29.950  100.350   -37.3    50.4    -9.5    -0.676   43.1  124.7    51.4   -38.4  173.9
 29.950  100.450   -32.7    42.7    -7.9    -0.534   42.8  125.3    43.5   -33.5  174.1
 29.950  100.550   -21.0    29.6    -4.9    -0.395   44.4  124.8    30.1   -21.5  174.6
 29.950  100.650   -14.5    21.0    -2.5    -0.390   46.1  125.7    21.2   -14.7  175.9
 29.950  100.750   -10.6    17.5    -0.0    -0.394   52.1  127.8    17.5   -10.6  180.0
 29.950  100.850    -4.3    15.7     1.3    -0.464   66.0  121.4    15.8    -4.4  183.7
 29.950  100.950    -2.4    16.9     0.5    -0.651   71.1  112.1    16.9    -2.4  181.6
 29.950  101.050    -2.6    17.6     2.2    -0.682   74.3  117.8    17.8    -2.8  186.1
 29.950  101.150    -1.3    13.2    -0.0    -0.953   72.4  107.4    13.2    -1.3  179.9
 29.950  101.250     0.5     8.2    -3.2    -1.065   55.2   84.9     9.4    -0.7  160.0
 29.950  101.350    17.9     8.2     5.9    -0.210  154.7  154.7    20.7     5.4   64.7
 29.950  101.450   -12.0    16.8     7.0     0.489   62.2  143.6    18.3   -13.6  192.9
 29.950  101.550   -79.2    28.1     1.4     1.545   31.5  -30.0    28.1   -79.3  180.8
 29.950  101.650  -108.1    28.1     8.4     4.274   30.7  -23.6    28.6  -108.6  183.5
 29.950  101.750   -83.3    15.8    16.8     6.223   34.3  -15.5    18.5   -86.1  189.4
 29.950  101.850   -75.5    16.9    16.8     5.640   36.7  -16.7    19.9   -78.4  190.0
 29.950  101.950   -70.4    29.2    38.9     5.350   54.5  -16.5    42.6   -83.8  199.0
 29.950  102.050   -71.4    24.6    58.2     5.081   61.2  -10.7    52.0   -98.8  205.2
 29.950  102.150   -63.9     5.8    46.5     2.972   56.6   -3.4    29.1   -87.1  206.6
 29.950  102.250   -39.5    -4.6    32.2     1.090   57.3    4.3    14.6   -58.6  210.8
 29.950  102.350   -13.9    -1.3    19.9     0.158   70.6    1.9    13.3   -28.5  216.2
 29.950  102.450    -8.8     3.8    12.0    -0.166   70.8   -8.5    11.1   -16.1  211.2
 29.950  102.550   -11.7     3.9    17.4    -0.088   72.0   -6.2    15.1   -22.9  212.9
 29.950  102.650   -10.9    -1.6    22.2    -0.379   76.1    2.0    16.5   -29.0  219.1
 29.950  102.750   -15.2    -4.2    12.1    -1.227   54.3   11.1     3.6   -23.0  212.7
 29.950  102.850   -21.2    -1.0     5.5    -1.107   21.6    7.1     0.4   -22.6  194.3
 29.950  102.950   -17.1     0.4     5.7    -0.310   35.1   -2.1     2.1   -18.8  196.5
 29.950  103.050    -6.7    -1.3     7.5     0.209   64.8    5.3     3.9   -12.0  215.0
 29.950  103.150    -1.9    -2.2     7.9     0.342   83.0    8.3     5.8    -9.9   45.6
 29.950  103.250    -2.7    -1.6     6.3     0.300   77.7    7.3     4.2    -8.5  222.5
 29.950  103.350    -1.3    -1.1     3.2     0.184   78.5    9.9     2.1    -4.4  224.2
 29.950  103.450    -0.8    -0.7     1.9     0.139   77.3   11.1     1.1    -2.7  224.2
 29.950  103.550    -0.7    -0.4     2.0     0.160   79.7    5.3     1.5    -2.5  222.5
 29.950  103.650    -0.5    -0.3     1.5     0.126   81.0    5.0     1.1    -1.8  223.0
 29.950  103.750    -0.5    -0.1     1.2     0.102   77.9    3.6     0.9    -1.5  220.8
 29.950  103.850    -0.4     0.1     0.9     0.083   75.3   -1.8     0.7    -1.1  216.8
 29.950  103.950    -0.4     0.1     0.6     0.065   71.7   -4.4     0.5    -0.7  213.7
 30.050   99.050   -18.6    22.3    -0.7    -0.997   46.6  131.4    22.3   -18.6  179.0
 30.050   99.150   -17.3    24.3    -4.3    -1.070   43.9  124.5    24.8   -17.8  174.2
 30.050   99.250    -2.8    22.1    -6.1    -1.155   53.9   99.7    23.5    -4.2  166.8
 30.050   99.350    13.1    18.6    -4.0    -1.245   62.1   62.1    20.8    11.0  152.1
 30.050   99.450    11.8    17.4    -0.2    -1.312   87.8   87.8    17.4    11.8  177.8
 30.050   99.550     1.5    17.1     2.0    -1.260   97.3   97.3    17.3     1.3  187.3
 30.050   99.650    -2.1    18.1     1.5    -1.190   75.2  113.4    18.2    -2.2  184.3
 30.050   99.750    -2.2    20.4    -0.5    -1.100   70.8  107.0    20.4    -2.2  178.9
 30.050   99.850    -0.5    22.0    -1.0    -0.781   78.6   96.6    22.0    -0.6  177.6
 30.050   99.950    -7.7    24.6    -0.7    -0.360   59.6  118.0    24.6    -7.7  178.8
 30.050  100.050   -21.0    30.6    -2.3    -0.193   47.9  127.1    30.7   -21.1  177.5
 30.050  100.150   -28.4    37.3    -3.7    -0.125   45.7  127.9    37.5   -28.6  176.8
 30.050  100.250   -28.5    42.9    -5.4    -0.226   46.5  124.9    43.3   -28.9  175.7
 30.050  100.350   -34.6    44.6   -10.0    -0.779   41.4  124.4    45.8   -35.9  172.9
 30.050  100.450   -30.0    37.3   -10.7    -1.215   39.1  123.2    39.0   -31.7  171.2
 30.050  100.550   -20.1    25.9    -5.8    -1.100   41.4  124.4    26.6   -20.8  172.9
 30.050  100.650   -13.9    18.6    -1.3    -0.795   46.9  128.6    18.7   -14.0  177.8
 30.050  100.750    -9.3    15.2     0.4    -0.646   52.8  129.0    15.2    -9.3  180.9
 30.050  100.850    -3.0    12.8     2.4    -0.521   71.7  125.0    13.2    -3.3  188.3
 30.050  100.950    -0.3    13.7     2.0    -0.570   86.4  109.5    14.0    -0.6  187.9
 30.050  101.050     2.9    14.5     1.7    -0.780   98.3   98.3    14.8     2.6  188.3
 30.050  101.150     3.6    11.3    -0.5    -1.316   86.0   86.0    11.3     3.6  176.0
 30.050  101.250    -3.1     9.8     2.3    -1.378   69.3  130.2    10.2    -3.5  189.8
 30.050  101.350     8.3    11.8    15.0    -0.459  107.6  155.8    25.2    -5.1  221.7
 30.050  101.450   -27.3    17.8    22.7     0.386   63.3  -18.2    27.2   -36.7  202.6
 30.050  101.550  -107.6    28.2    23.9     0.925   37.9  -18.6    32.2  -111.7  189.7
 30.050  101.650  -137.9    33.6    35.4     2.180   39.1  -16.7    40.6  -144.9  191.2
 30.050  101.750   -88.8    26.8    49.4     3.459   53.2  -12.7    45.1  -107.1  200.3
 30.050  101.850   -59.8    28.4    56.9     4.139   64.8  -12.6    56.3   -87.7  206.1
 30.050  101.950   -49.9    37.8    64.0     4.602   70.6  -15.0    71.5   -83.6  207.8
 30.050  102.050   -49.6    27.8    55.8     3.841   68.0  -12.8    56.9   -78.8  207.6
 30.050  102.150   -42.3     2.5    36.2     2.015   60.2   -1.9    22.6   -62.5  209.1
 30.050  102.250   -31.4   -12.1    29.7     1.130   58.9   13.0     9.5   -53.0  216.0
 30.050  102.350   -20.4    -9.5    19.7     0.668   58.7   15.8     5.5   -35.4  217.2
 30.050  102.450   -13.5    -3.0     9.1     0.377   49.4   10.8     2.3   -18.7  210.1
 30.050  102.550    -2.9    -1.0     7.9     0.231   79.3    3.6     6.0    -9.9  221.5
 30.050  102.650     0.3    -5.3    10.9    -0.046   90.7   13.6     8.7   -13.7   52.1
 30.050  102.750   -15.1    -5.1     6.4    -0.626   25.9   25.9    -1.9   -18.2  205.9
 30.050  102.850   -31.1     2.1     4.5    -0.671   23.9   -8.8     2.7   -31.7  187.6
 30.050  102.950   -26.8     5.1     5.8    -0.361   35.2  -15.2     6.2   -27.8  190.0
 30.050  103.050   -11.3     2.3     7.9    -0.025   56.8   -7.5     5.9   -14.9  204.7
 30.050  103.150    -4.8    -0.3     8.6     0.258   74.4    1.1     6.3   -11.4  217.8
 30.050  103.250    -4.8    -1.0     6.1     0.307   67.7    4.6     3.5    -9.3  216.2
 30.050  103.350    -2.1    -1.2     3.2     0.212   70.0   11.9     1.5    -4.9  221.0
 30.050  103.450    -1.2    -0.9     2.0     0.160   72.1   13.9     1.0    -3.1  223.0
 30.050  103.550    -0.9    -0.5     2.0     0.175   77.3    6.5     1.4    -2.7  221.9
 30.050  103.650    -0.4    -0.2     1.3     0.141   82.2    3.8     1.0    -1.6  223.0
 30.050  103.750    -0.4    -0.0     1.0     0.125   77.8    1.2     0.8    -1.3  219.5
 30.050  103.850    -0.3     0.1     0.7     0.098   78.2   -4.3     0.7    -0.8  217.0
 30.050  103.950    -0.2     0.2     0.4     0.069   75.5  -10.1     0.4    -0.5  212.7
 30.150   99.050   -16.9    19.4     7.3    -1.400   57.9  144.2    20.8   -18.3  191.0
 30.150   99.150   -14.7    18.4     7.0    -1.731   59.4  143.5    19.8   -16.1  191.4
 30.150   99.250    -2.5    18.0     5.4    -1.962   79.9  128.1    19.3    -3.9  194.0
 30.150   99.350    11.7    18.0     4.1    -1.762  116.1  116.1    20.0     9.6  206.1
 30.150   99.450     9.8    19.3     2.4    -1.424  103.4  103.4    19.9     9.2  193.4
 30.150   99.550     0.1    20.5     1.9    -1.229   91.3   99.4    20.7    -0.1  185.4
 30.150   99.650    -4.1    21.4     2.7    -1.150   71.8  120.1    21.7    -4.4  185.9
 30.150   99.750    -6.3    23.9     2.7    -1.097   67.6  122.6    24.1    -6.5  185.1
 30.150   99.850    -7.3    24.7     2.5    -0.941   65.7  123.1    24.9    -7.5  184.4
 30.150   99.950   -13.9    24.9     5.8    -0.544   61.2  135.5    25.7   -14.7  188.4
 30.150  100.050   -26.4    29.2     6.5    -0.302   53.0  140.3    29.9   -27.2  186.6
 30.150  100.150   -32.0    34.3     3.4    -0.246   48.9  137.0    34.5   -32.2  182.9
 30.150  100.250   -25.8    33.8    -1.0    -0.444   47.9  130.2    33.8   -25.8  179.1
 30.150  100.350   -23.8    29.6    -7.3    -1.151   40.4  124.4    30.6   -24.8  172.4
 30.150  100.450   -21.1    24.6    -9.8    -1.792   35.4  121.4    26.6   -23.1  168.4
 30.150  100.550   -19.1    19.3    -3.7    -1.674   39.8  129.4    19.6   -19.4  174.6
 30.150  100.650   -15.7    16.2     3.1    -1.298   51.0  140.2    16.5   -16.0  185.6
 30.150  100.750    -9.2    12.0     4.5    -1.200   60.1  143.2    12.9   -10.1  191.6
 30.150  100.850    -2.9     6.0     8.1    -1.038   80.5  160.8    10.7    -7.6  210.6
 30.150  100.950     1.0     1.8     9.1    -1.008   93.0  174.2    10.5    -7.7  223.6
 30.150  101.050     6.3     0.3     6.2    -1.110  117.2  178.4    10.2    -3.6   57.8
 30.150  101.150     8.2     2.7     0.0    -1.239  179.8  179.8     8.2     2.7   89.8
 30.150  101.250     1.1    12.1     4.2    -1.099   99.7  117.6    13.6    -0.3  198.7
 30.150  101.350    14.2    17.4    23.3    -0.922  109.3  156.7    39.1    -7.6  223.0
 30.150  101.450   -24.2     5.1    43.0    -0.946   74.5   -3.4    35.9   -55.0  215.6
 30.150  101.550  -108.5    -3.8    58.9    -0.506   46.5    1.9    22.7  -135.0  204.2
 30.150  101.650  -142.6    19.8    80.7     0.810   51.2   -6.4    53.1  -175.9  202.4
 30.150  101.750  -100.2    62.2    89.5     1.861   64.4  -16.6   101.8  -139.8  203.9
 30.150  101.850   -82.9    76.7    81.9     2.788   67.1  -21.4   111.3  -117.5  202.9
 30.150  101.950   -66.7    55.0    66.3     3.540   66.9  -19.4    84.2   -95.8  203.7
 30.150  102.050   -48.1    29.1    45.0     3.116   65.1  -15.7    49.8   -68.8  204.7
 30.150  102.150   -33.6    15.7    22.2     1.850   58.2  -16.2    24.2   -42.1  201.0
 30.150  102.250   -28.2     8.8    17.5     1.419   55.6  -12.1    15.8   -35.1  201.7
 30.150  102.350   -19.1     0.9    13.9     0.997   56.1   -1.9     8.1   -26.3  207.1
 30.150  102.450   -11.8    -2.1     9.8     0.469   57.0    6.7     3.9   -17.9  211.8
 30.150  102.550     0.9    -2.5     6.7     0.168   94.0   10.5     6.1    -7.7   52.2
 30.150  102.650     4.4    -3.1     5.7     0.151  109.3  193.8     7.5    -6.2   61.5
 30.150  102.750   -13.6     0.6     2.2    -0.032   23.2   -5.7     0.9   -14.0  188.8
 30.150  102.850   -31.3     7.0     1.9    -0.187   28.1  -22.6     7.1   -31.4  182.8
 30.150  102.950   -28.6     8.7     3.2    -0.259   34.0  -24.3     9.0   -28.8  184.9
 30.150  103.050   -15.6     6.6     5.6    -0.085   47.8  -20.9     7.9   -16.9  193.4
 30.150  103.150    -9.9     3.5     7.0     0.217   58.3  -12.2     6.5   -12.9  203.1
 30.150  103.250    -7.3     0.7     4.7     0.282   53.6   -3.9     2.8    -9.4  204.9
 30.150  103.350    -2.5    -1.5     2.5     0.212   58.7   20.2     0.5    -4.5  219.4
 30.150  103.450    -1.1    -1.9     2.1     0.191   72.5   27.5     0.6    -3.6   50.0
 30.150  103.550    -1.2    -1.0     2.3     0.213   74.8   12.5     1.2    -3.4  223.7
 30.150  103.650    -0.5     0.0     1.3     0.165   79.3   -0.6     1.1    -1.5  219.4
 30.150  103.750    -0.4     0.0     0.8     0.138   77.1   -1.6     0.7    -1.0  217.7
 30.150  103.850     0.1    -0.1     0.6     0.109   92.4    5.7     0.6    -0.7   49.0
 30.150  103.950     0.1     0.1     0.5     0.075   95.8  175.2     0.6    -0.4   45.5
 30.250   99.050   -10.8    19.2    13.0    -1.894   71.6  149.4    24.0   -15.7  200.5
 30.250   99.150    -9.4    17.6    13.3    -2.128   73.6  151.0    23.1   -14.9  202.3
 30.250   99.250    -5.0    18.0    11.2    -2.290   79.1  145.2    22.6    -9.5  202.1
 30.250   99.350     0.3    19.1     9.6    -1.979   91.0  134.6    23.2    -3.7  202.8
 30.250   99.450    -0.1    20.8     6.9    -1.558   89.7  123.6    22.8    -2.1  196.7
 30.250   99.550    -2.5    22.0     4.9    -1.357   79.7  122.2    22.9    -3.5  190.9
 30.250   99.650    -4.2    22.5     5.6    -1.224   76.1  126.7    23.7    -5.3  191.4
 30.250   99.750    -7.6    24.3     6.8    -1.130   70.9  132.2    25.7    -9.0  191.6
 30.250   99.850    -9.0    24.9     5.5    -1.169   67.2  130.8    25.8    -9.9  189.0
 30.250   99.950   -14.8    23.9    11.6    -0.842   66.3  144.7    27.2   -18.1  195.5
 30.250  100.050   -26.4    25.0    18.2    -0.636   62.0  -26.7    30.7   -32.2  197.6
 30.250  100.150   -30.7    26.0    17.7    -0.991   58.9  -27.0    31.1   -35.8  196.0
 30.250  100.250   -22.2    22.5    13.0    -1.591   60.3  149.9    26.0   -25.7  195.1
 30.250  100.350   -16.4    17.9     6.6    -2.245   56.6  144.3    19.1   -17.6  190.5
 30.250  100.450   -15.1    16.2     2.6    -2.718   50.8  138.8    16.4   -15.3  184.8
 30.250  100.550   -17.2    15.1     8.6    -2.515   57.3  -29.3    17.2   -19.4  194.0
 30.250  100.650   -15.8    14.0    15.3    -2.161   66.7  -20.9    20.5   -22.3  202.9
 30.250  100.750    -9.7    10.3    14.3    -2.161   73.1  162.1    17.8   -17.1  207.6
 30.250  100.850    -4.0     5.3    16.3    -1.894   83.1  171.0    17.5   -16.3  217.1
 30.250  100.950    -1.6     0.8    16.4    -1.649   87.3   -1.4    16.0   -16.8  222.9
 30.250  101.050    -3.6    -1.1    12.5    -1.498   81.9    2.6    10.2   -14.9  222.2
 30.250  101.150     0.0     4.5     8.3    -1.106   90.1  164.8    10.9    -6.4  217.4
 30.250  101.250    13.7    17.0    13.0    -0.828  131.4  131.4    28.5     2.3  221.4
 30.250  101.350    55.1    22.2    29.7    -1.542  149.5  149.5    72.6     4.7   59.5
 30.250  101.450     3.2    15.5    49.4    -2.447   91.9  171.1    59.1   -40.4  221.5
 30.250  101.550  -120.8    17.8    75.0    -0.935   53.5   -6.2    50.6  -153.6  203.6
 30.250  101.650  -171.4    45.7   101.3     2.645   54.0  -11.0    85.6  -211.3  201.5
 30.250  101.750  -121.4    83.8    91.6     4.028   61.9  -20.2   118.7  -156.3  200.9
 30.250  101.850  -108.0    90.8    63.6     3.196   59.2  -26.6   109.4  -126.6  196.3
 30.250  101.950   -85.6    60.5    42.7     2.339   55.9  -25.6    72.1   -97.2  195.2
 30.250  102.050   -54.5    30.2    37.1     2.262   59.4  -18.2    44.2   -68.5  200.6
 30.250  102.150   -33.3    18.3    22.0     1.480   58.8  -18.4    26.4   -41.4  200.2
 30.250  102.250   -27.9    12.8    12.8     0.972   51.9  -19.7    16.5   -31.6  196.1
 30.250  102.350   -14.8     3.1     9.5     0.749   55.2   -8.2     7.2   -18.9  203.5
 30.250  102.450    -9.1    -1.9     6.6     0.534   51.9    9.3     2.0   -13.0  210.6
 30.250  102.550    -2.7    -2.7     1.6     0.411   44.4   44.4    -1.1    -4.4  224.4
 30.250  102.650    -0.7    -2.3    -1.0     0.655  115.0  115.0    -0.2    -2.8  115.0
 30.250  102.750   -12.7     1.1    -3.3     0.725  187.5  146.7     1.9   -13.5  167.1
 30.250  102.850   -24.1     5.9    -3.4     0.404  200.4  146.7     6.3   -24.5  173.5
 30.250  102.950   -23.3     7.4    -2.1    -0.008  205.7  146.6     7.5   -23.4  176.1
 30.250  103.050   -17.5     6.4     1.0     0.007   33.7  -28.8     6.5   -17.6  182.5
 30.250  103.150   -14.3     3.9     2.8     0.235   36.7  -19.9     4.3   -14.7  188.4
 30.250  103.250    -9.0     0.4     1.1     0.280   20.4   -7.5     0.6    -9.1  186.5
 30.250  103.350    -2.9    -2.1    -0.1     0.256  175.6  175.6    -2.1    -2.9  175.6
 30.250  103.450    -1.0    -2.3     0.7     0.308   65.9   65.9    -0.7    -2.6   65.9
 30.250  103.550    -0.6    -1.3     1.8     0.332   79.1   22.0     0.8    -2.8   50.6
 30.250  103.650     0.4    -0.2     1.2     0.212   98.4  184.9     1.3    -1.2   51.6
 30.250  103.750     0.1     0.2     0.9     0.120   92.9  174.1     1.0    -0.7  223.5
 30.250  103.850     0.3     0.3     0.8     0.102  101.7  170.0     1.1    -0.5   45.9
 30.250  103.950     0.3     0.4     0.5     0.093  109.7  152.7     0.9    -0.1  221.2
 30.350   99.050    -7.4    20.7    10.1    -1.803   74.1  141.6    23.9   -10.7  197.8
 30.350   99.150    -7.4    20.6     9.3    -1.898   73.3  140.3    23.4   -10.2  196.8
 30.350   99.250    -7.2    21.3     7.2    -2.009   71.4  135.3    23.0    -8.9  193.3
 30.350   99.350    -7.1    22.1     8.2    -1.836   73.1  136.3    24.2    -9.2  194.7
 30.350   99.450    -7.0    22.3     9.0    -1.625   74.0  137.4    24.9    -9.5  195.7
 30.350   99.550    -6.3    22.4     8.0    -1.527   74.3  134.9    24.4    -8.4  194.6
 30.350   99.650    -6.6    22.0     8.3    -1.354   74.0  136.1    24.2    -8.8  195.0
 30.350   99.750    -9.0    21.7     9.2    -1.189   70.8  140.0    24.3   -11.6  195.4
 30.350   99.850   -10.3    22.9     6.9    -1.240   66.6  136.0    24.3   -11.7  191.3
 30.350   99.950   -13.0    22.1    11.7    -0.969   68.0  145.7    25.6   -16.6  196.9
 30.350  100.050   -18.5    15.5    18.2    -0.850   66.8  -19.8    23.4   -26.4  203.5
 30.350  100.150   -20.3     5.9    18.7    -1.346   63.3   -8.3    15.7   -30.1  207.5
 30.350  100.250   -15.4     0.0    15.6    -1.979   63.7   -0.0     9.7   -25.1  211.9
 30.350  100.350   -11.1     1.3    10.8    -2.452   63.5   -3.3     7.6   -17.4  210.1
 30.350  100.450   -11.9     7.0     6.4    -2.783   55.9  -21.9     9.0   -13.8  197.0
 30.350  100.550   -16.2    11.0    10.4    -2.593   59.3  -21.9    14.5   -19.7  198.7
 30.350  100.650   -17.1    10.7    15.6    -2.302   64.8  -16.5    17.7   -24.1  204.2
 30.350  100.750   -13.5     8.5    13.2    -2.312   66.0  -15.7    14.7   -19.7  205.2
 30.350  100.850   -11.6     9.0    14.0    -1.890   69.7  -16.0    16.1   -18.7  206.9
 30.350  100.950    -9.0     7.3    11.1    -1.576   70.1  -16.4    12.9   -14.6  206.9
 30.350  101.050   -10.3     4.9    11.6    -1.263   67.7  -11.0    11.2   -16.6  208.4
 30.350  101.150    -5.2    14.5    17.2    -0.908   81.9  158.2    24.5   -15.1  210.1
 30.350  101.250    14.7    22.5    16.4    -0.536  128.3  128.3    35.5     1.7  218.3
 30.350  101.350    67.3    18.9     2.8     0.140  176.7  176.7    67.5    18.8   86.7
 30.350  101.450     6.8    47.0     0.9     1.735   91.3   91.3    47.0     6.8  181.3
 30.350  101.550  -142.1   106.6    28.4     3.862   47.4  -34.6   109.8  -145.3  186.4
 30.350  101.650  -200.4   133.9    69.1     5.642   50.9  -28.5   147.6  -214.2  191.2
 30.350  101.750  -133.4   114.6    71.9     5.198   58.2  -28.1   134.0  -152.7  195.1
 30.350  101.850  -108.0    88.7    40.5     3.209   53.6  -31.2    96.7  -116.0  191.2
 30.350  101.950   -83.2    61.1    16.3     1.728   47.1  -34.3    62.9   -85.0  186.4
 30.350  102.050   -53.3    32.4    20.4     1.796   51.4  -25.9    37.0   -57.9  192.7
 30.350  102.150   -31.6    16.7    16.2     1.330   54.5  -20.6    21.6   -36.5  196.9
 30.350  102.250   -27.9    10.3     7.6     0.681   43.1  -21.5    11.7   -29.3  190.8
 30.350  102.350   -15.4     4.2     6.1     0.573   46.5  -14.5     6.0   -17.1  196.0
 30.350  102.450   -11.2     1.4     4.5     0.540   43.2   -7.7     2.9   -12.6  197.7
 30.350  102.550    -9.0     0.7     0.4     0.450   17.5  -13.1     0.7    -9.1  182.2
 30.350  102.650    -7.3    -0.3    -1.0     0.646  172.2  172.2    -0.1    -7.4  172.2
 30.350  102.750   -11.7    -2.1    -1.6     0.747  170.9  170.9    -1.8   -12.0  170.9
 30.350  102.850   -14.8    -3.2    -2.6     0.468  167.9  167.9    -2.6   -15.4  167.9
 30.350  102.950   -15.7    -1.8    -2.8     0.107  169.0  169.0    -1.2   -16.3  169.0
 30.350  103.050   -17.6     1.0    -0.4     0.101  192.3  165.3     1.0   -17.6  178.8
 30.350  103.150   -17.0     1.4     0.7     0.192   18.4  -13.8     1.4   -17.1  182.3
 30.350  103.250    -9.7    -1.8    -0.5     0.167  176.2  176.2    -1.8    -9.7  176.2
 30.350  103.350    -3.3    -3.9    -0.1     0.202   98.8   98.8    -3.3    -3.9   98.8
 30.350  103.450    -0.7    -3.1     1.8     0.316   76.2   46.8     0.3    -4.1   61.5
 30.350  103.550     0.9    -2.2     2.7     0.338   99.3   20.6     2.5    -3.7   59.9
 30.350  103.650     2.4    -1.3     2.0     0.234  117.2  196.2     3.2    -2.2   66.7
 30.350  103.750     0.9     0.0     1.4     0.148  107.7  179.5     1.9    -1.0   53.6
 30.350  103.850     0.2     1.0     1.0     0.108   94.5  153.5     1.7    -0.5  214.0
 30.350  103.950     0.1     0.9     0.6     0.078   93.4  142.5     1.2    -0.3  208.0
 30.450   99.050    -7.0    21.0     8.1    -1.676   72.8  137.1    23.2    -9.1  195.0
 30.450   99.150    -7.5    21.4     7.0    -1.737   70.9  135.1    23.0    -9.1  193.0
 30.450   99.250    -7.7    22.5     5.5    -1.821   68.8  131.3    23.5    -8.7  190.0
 30.450   99.350    -8.0    23.7     7.0    -1.737   70.5  133.5    25.2    -9.5  192.0
 30.450   99.450    -8.3    23.7     8.8    -1.631   71.9  137.0    25.9   -10.6  194.4
 30.450   99.550    -8.5    23.3     8.7    -1.596   71.4  137.4    25.5   -10.8  194.4
 30.450   99.650    -8.9    22.5     9.4    -1.472   71.3  139.6    25.1   -11.5  195.5
 30.450   99.750    -9.8    21.2    10.8    -1.337   71.2  143.7    24.6   -13.2  197.5
 30.450   99.850   -10.7    21.5    10.4    -1.365   69.6  143.3    24.6   -13.8  196.4
 30.450   99.950   -11.2    19.8    12.5    -1.299   70.7  148.2    24.2   -15.6  199.5
 30.450  100.050   -11.5    11.5    14.0    -1.368   70.2  160.2    18.1   -18.1  205.2
 30.450  100.150   -11.8     0.6    13.1    -1.686   66.0   -1.4     8.9   -20.1  212.3
 30.450  100.250   -11.8    -5.1    12.5    -1.926   62.2   12.9     4.5   -21.4  217.5
 30.450  100.350   -11.2    -3.1    10.5    -2.060   59.7    9.3     4.1   -18.4  214.5
 30.450  100.450   -12.6     3.8     6.0    -2.256   50.2  -14.1     5.8   -14.6  198.1
 30.450  100.550   -15.4     9.7     6.9    -2.201   53.6  -24.9    11.5   -17.1  194.3
 30.450  100.650   -17.0    11.0    10.0    -2.073   57.8  -22.2    14.3   -20.2  197.8
 30.450  100.750   -17.5    10.3     8.8    -2.094   54.9  -22.5    12.9   -20.0  196.2
 30.450  100.850   -19.3    13.1    12.7    -1.684   59.8  -21.5    17.5   -23.7  199.1
 30.450  100.950   -18.3    13.9     7.9    -1.625   54.6  -28.4    15.7   -20.1  193.1
 30.450  101.050   -13.3    13.4    11.9    -0.888   65.9  155.8    17.9   -17.9  200.9
 30.450  101.150   -13.5    23.6    17.0    -0.099   72.1  150.4    30.2   -20.1  201.2
 30.450  101.250   -23.0    33.9     0.6     0.568   51.1  130.1    33.9   -23.0  180.6
 30.450  101.350   -17.7    36.3   -37.3     2.956   23.8  102.1    55.3   -36.7  152.9
 30.450  101.450   -47.7    69.6   -38.2     7.913   33.0  114.0    80.9   -59.1  163.5
 30.450  101.550  -110.4   127.4   -11.9     9.940   44.2  130.1   128.0  -111.0  177.1
 30.450  101.650  -136.9   144.1    19.0     7.799   49.6  138.1   145.3  -138.2  183.9
 30.450  101.750  -106.9   109.9    36.3     5.044   54.6  143.9   115.8  -112.8  189.2
 30.450  101.850  -100.4    76.3    17.0     2.579   46.6  -35.7    78.0  -102.1  185.4
 30.450  101.950   -79.8    52.5    -0.8     1.024  218.7  140.6    52.5   -79.8  179.6
 30.450  102.050   -47.3    29.3     7.1     1.019   43.6  -33.1    30.0   -48.0  185.2
 30.450  102.150   -27.3    15.0    11.4     1.019   51.8  -23.5    17.9   -30.1  194.1
 30.450  102.250   -25.4     9.2     3.6     0.443   37.3  -25.4     9.5   -25.7  185.9
 30.450  102.350   -14.9     4.9     4.6     0.415   43.9  -18.8     5.9   -16.0  192.6
 30.450  102.450   -11.9     2.6     4.9     0.415   45.9  -11.9     4.1   -13.4  197.0
 30.450  102.550   -11.7     1.7     2.7     0.296   34.1  -12.1     2.2   -12.2  191.0
 30.450  102.650   -10.3     0.6     2.3     0.320   29.0   -6.4     1.1   -10.8  191.3
 30.450  102.750   -11.3    -2.4     2.2     0.338   13.0   13.0    -1.9   -11.8  193.0
 30.450  102.850   -11.3    -5.2     0.6     0.221    5.6    5.6    -5.2   -11.3  185.6
 30.450  102.950   -12.1    -4.5     0.2     0.132    1.8    1.8    -4.4   -12.1  181.8
 30.450  103.050   -15.0    -1.7     2.7     0.118   11.2   11.2    -1.2   -15.5  191.2
 30.450  103.150   -14.9    -0.7     3.9    -0.083   22.3    6.7     0.3   -16.0  194.5
 30.450  103.250    -9.1    -2.6     3.7    -0.275   24.2   24.2    -0.9   -10.8  204.2
 30.450  103.350    -4.6    -3.5     5.4    -0.122   62.8   21.0     1.4    -9.5  221.9
 30.450  103.450    -2.0    -2.5     7.0     0.125   81.5   10.4     4.7    -9.3   45.9
 30.450  103.550     0.6    -1.9     6.1     0.173   92.9    8.8     5.6    -6.8   50.9
 30.450  103.650     2.3    -1.2     4.7     0.162  103.7  187.0     5.6    -4.4   55.3
 30.450  103.750     0.8     0.7     3.6     0.153   96.1  174.0     4.3    -2.8   45.1
 30.450  103.850     0.0     2.3     1.8     0.096   90.7  147.4     3.3    -1.0  209.0
 30.450  103.950    -0.0     2.1     0.4     0.050   89.5  113.9     2.2    -0.1  191.7
 30.550   99.050    -6.2    20.8     9.3    -1.713   75.4  139.0    23.7    -9.1  197.2
 30.550   99.150    -7.0    21.7     8.9    -1.786   73.8  138.0    24.2    -9.5  195.9
 30.550   99.250    -7.8    23.2     8.2    -1.853   71.9  135.9    25.3    -9.9  193.9
 30.550   99.350    -8.8    24.9     9.0    -1.793   71.5  136.6    27.1   -11.0  194.1
 30.550   99.450    -9.3    25.1     9.8    -1.710   71.6  138.1    27.7   -11.9  194.8
 30.550   99.550    -9.9    24.5     9.6    -1.684   70.4  138.7    27.0   -12.4  194.5
 30.550   99.650   -10.3    23.6    10.3    -1.595   70.4  140.9    26.4   -13.2  195.7
 30.550   99.750   -10.0    21.8    11.5    -1.497   71.8  144.2    25.5   -13.7  198.0
 30.550   99.850   -10.1    19.3    11.4    -1.506   71.2  146.7    23.3   -14.0  198.9
 30.550   99.950    -9.5    15.6    11.5    -1.534   71.4  151.1    20.0   -14.0  201.3
 30.550  100.050    -8.1    10.8    10.7    -1.654   71.9  156.5    15.6   -12.9  204.2
 30.550  100.150    -7.8     7.8     9.5    -1.835   70.4  160.3    12.3   -12.3  205.3
 30.550  100.250    -9.4     6.5    10.4    -1.907   68.1  -15.4    11.6   -14.6  206.3
 30.550  100.350    -9.8     5.2    11.5    -1.971   68.6  -11.6    11.4   -16.1  208.5
 30.550  100.450   -11.9     6.5    10.4    -2.157   63.5  -15.2    11.1   -16.6  204.2
 30.550  100.550   -14.4    10.9    11.2    -2.174   62.7  -21.3    15.1   -18.7  200.7
 30.550  100.650   -17.0    14.6    12.2    -2.143   62.2  -24.4    18.8   -21.1  198.9
 30.550  100.750   -20.6    15.9    10.7    -2.143   56.9  -26.6    18.8   -23.5  195.2
 30.550  100.850   -23.0    18.4    15.9    -1.642   61.2  -23.7    23.8   -28.4  198.7
 30.550  100.950   -28.1    22.3     9.7    -1.619   52.4  -31.4    24.1   -29.9  190.5
 30.550  101.050   -28.4    24.5    12.5    -0.709   55.7  -30.4    27.3   -31.2  192.6
 30.550  101.150   -37.2    27.5    16.9     0.670   55.0  -27.3    31.6   -41.4  193.8
 30.550  101.250   -66.3    47.4     6.4     1.360   43.5  -37.0    47.8   -66.7  183.2
 30.550  101.350  -100.0    80.0    -4.6     2.364  220.4  136.7    80.1  -100.1  178.6
 30.550  101.450   -99.8   100.8    30.1     5.935   53.5  143.2   105.3  -104.2  188.3
 30.550  101.550   -83.4   101.8    50.3     7.660   61.8  146.8   114.6   -96.2  194.3
 30.550  101.650   -77.9    89.8    30.0     6.108   56.8  142.9    95.0   -83.1  189.8
 30.550  101.750   -74.5    66.0    13.6     4.388   48.7  -37.8    67.3   -75.8  185.5
 30.550  101.850   -75.1    41.1    -4.1     2.239  214.5  141.5    41.2   -75.2  178.0
 30.550  101.950   -62.0    27.3   -10.3     0.574  207.4  139.6    28.5   -63.2  173.5
 30.550  102.050   -39.4    18.9     0.4     0.450   35.1  -34.4    18.9   -39.4  180.4
 30.550  102.150   -25.8    11.1     8.5     0.686   46.8  -22.1    13.0   -27.6  192.4
 30.550  102.250   -23.3     6.9     2.4     0.264   33.3  -24.2     7.1   -23.5  184.6
 30.550  102.350   -15.3     5.7     3.6     0.316   41.7  -22.8     6.3   -15.9  189.5
 30.550  102.450   -12.6     3.7     3.6     0.371   41.9  -18.2     4.5   -13.4  191.8
 30.550  102.550   -11.8     1.9     2.2     0.279   32.4  -14.5     2.3   -12.1  188.9
 30.550  102.650   -10.2     0.7     2.3     0.215   29.5   -7.1     1.2   -10.7  191.2
 30.550  102.750   -10.5    -0.6     2.6     0.160   16.6   11.5     0.0   -11.2  194.0
 30.550  102.850   -10.2    -1.9     2.1     0.063   13.6   13.6    -1.4   -10.7  193.6
 30.550  102.950    -9.9    -3.0     2.8     0.029   19.7   19.7    -2.0   -11.0  199.7
 30.550  103.050   -10.0    -4.0     5.0     0.032   29.5   29.5    -1.2   -12.8  209.5
 30.550  103.150    -9.6    -4.1     5.0    -0.141   30.6   30.6    -1.1   -12.5  210.6
 30.550  103.250    -8.1    -2.1     4.3    -0.291   34.5   20.5     0.2   -10.4  207.5
 30.550  103.350    -7.6    -0.0     6.4    -0.132   59.5    0.0     3.7   -11.2  209.8
 30.550  103.450    -5.3     0.1     8.2     0.080   72.1   -0.3     6.0   -11.2  215.9
 30.550  103.550    -1.2    -0.3     7.1     0.117   85.1    1.4     6.4    -7.9  223.2
 30.550  103.650     0.7     0.5     6.4     0.175   93.4  177.5     7.0    -5.7   45.4
 30.550  103.750    -0.8     3.6     5.4     0.216   86.0  162.1     7.2    -4.4  214.0
 30.550  103.850    -1.6     6.3     2.3     0.133   75.8  134.6     6.9    -2.2  195.2
 30.550  103.950    -1.1     5.9    -0.8     0.038   59.9  107.2     6.0    -1.1  173.6
 30.650   99.050    -5.2    20.7     9.0    -1.646   77.2  137.7    23.5    -8.0  197.4
 30.650   99.150    -5.9    21.6     9.0    -1.708   75.8  137.4    24.2    -8.6  196.6
 30.650   99.250    -7.3    23.4     9.1    -1.756   73.7  137.0    25.9    -9.8  195.3
 30.650   99.350    -8.7    25.4     9.8    -1.760   72.5  137.3    28.0   -11.3  194.9
 30.650   99.450    -9.5    25.8    10.3    -1.764   71.9  138.3    28.5   -12.3  195.1
 30.650   99.550   -10.4    25.0    10.3    -1.774   70.5  139.6    27.8   -13.2  195.1
 30.650   99.650   -10.8    24.1    10.9    -1.723   70.4  141.7    27.3   -14.0  196.0
 30.650   99.750    -9.8    22.0    11.6    -1.688   72.0  144.1    25.7   -13.6  198.0
 30.650   99.850    -9.5    18.4    11.4    -1.743   71.8  147.4    22.5   -13.5  199.6
 30.650   99.950    -8.6    14.3    11.1    -1.816   72.1  152.0    18.8   -13.2  202.1
 30.650  100.050    -7.1    10.7    11.0    -1.864   74.2  156.9    16.0   -12.4  205.5
 30.650  100.150    -6.5     9.5    10.4    -1.928   74.5  158.0    14.6   -11.6  206.2
 30.650  100.250    -7.6     8.8    10.3    -1.980   72.1  159.5    13.8   -12.6  205.8
 30.650  100.350    -7.1     7.2    11.2    -2.027   73.9  163.6    13.4   -13.2  208.8
 30.650  100.450    -9.7     8.4    12.4    -2.082   70.7  -16.9    14.7   -16.0  206.9
 30.650  100.550   -12.7    13.2    15.0    -2.034   70.0  159.2    20.1   -19.5  204.6
 30.650  100.650   -16.4    17.9    15.4    -2.121   66.9  155.1    23.8   -22.4  201.0
 30.650  100.750   -23.9    21.0    14.2    -2.201   59.6  -27.3    25.1   -28.0  196.2
 30.650  100.850   -27.5    25.6    22.2    -1.701   64.2  -24.2    33.7   -35.6  200.0
 30.650  100.950   -38.9    33.7    18.5    -1.680   56.7  -29.6    38.1   -43.4  193.5
 30.650  101.050   -53.7    42.9    16.1    -0.887   51.2  -32.7    45.5   -56.4  189.2
 30.650  101.150   -66.6    50.8    21.1     1.164   51.2  -31.5    54.5   -70.3  189.9
 30.650  101.250   -80.2    71.0    22.9     2.477   51.8  -34.9    74.4   -83.6  188.4
 30.650  101.350  -100.3   100.6    29.6     2.456   53.2  143.2   104.9  -104.6  188.2
 30.650  101.450  -100.3   107.9    67.9     3.698   62.4  150.7   128.1  -120.5  196.6
 30.650  101.550   -94.5    87.3    83.7     4.557   65.5  -22.8   119.9  -127.2  201.3
 30.650  101.650   -89.1    62.8    51.0     3.494   57.8  -23.9    78.3  -104.6  197.0
 30.650  101.750   -71.5    40.9    19.9     2.314   47.3  -27.8    44.3   -74.9  189.7
 30.650  101.850   -56.9    22.6    -0.8     0.943  211.6  147.2    22.6   -56.9  179.4
 30.650  101.950   -45.5    16.5    -7.4     0.101  204.8  141.9    17.3   -46.4  173.3
 30.650  102.050   -33.6    14.6    -1.6     0.195  211.5  144.8    14.6   -33.7  178.1
 30.650  102.150   -23.9     9.1     4.7     0.493   40.1  -24.2     9.7   -24.6  187.9
 30.650  102.250   -21.1     4.8     1.7     0.272   29.6  -22.0     4.9   -21.2  183.8
 30.650  102.350   -14.7     3.9     3.4     0.253   38.5  -18.5     4.5   -15.3  190.0
 30.650  102.450   -12.1     2.4     4.3     0.187   42.7  -12.0     3.6   -13.3  195.3
 30.650  102.550   -10.8     1.7     4.0     0.107   42.3  -10.0     2.9   -12.0  196.2
 30.650  102.650    -9.2     1.2     3.5     0.072   41.9   -8.1     2.2   -10.3  196.9
 30.650  102.750    -9.4    -0.6     2.9     0.032   26.2    7.1     0.3   -10.3  196.7
 30.650  102.850    -8.9    -2.1     2.4    -0.035   17.8   17.8    -1.3    -9.7  197.8
 30.650  102.950    -8.7    -3.4     2.6    -0.068   22.4   22.4    -2.3    -9.8  202.4
 30.650  103.050    -8.8    -5.5     3.8    -0.014   33.2   33.2    -3.0   -11.3  213.2
 30.650  103.150    -8.6    -6.1     4.0     0.017   36.2   36.2    -3.1   -11.5  216.2
 30.650  103.250    -7.9    -2.9     3.4    -0.001   26.9   26.9    -1.2    -9.6  206.9
 30.650  103.350    -7.9     0.3     4.8     0.065   51.4   -1.8     2.5   -10.1  204.8
 30.650  103.450    -6.3     0.7     6.2     0.135   63.6   -3.0     4.3   -10.0  210.3
 30.650  103.550    -3.6     0.3     5.7     0.180   72.5   -1.3     4.3    -7.7  215.6
 30.650  103.650    -2.1     0.7     5.7     0.349   79.7   -3.3     5.2    -6.6  218.2
 30.650  103.750    -2.1     2.8     5.2     0.434   78.9  165.4     6.1    -5.4  212.1
 30.650  103.850    -1.9     5.0     2.3     0.233   73.0  140.5     5.7    -2.5  196.7
 30.650  103.950    -1.0     4.8    -1.3    -0.063   51.3  104.5     5.1    -1.3  167.9
 30.750   99.050    -4.2    20.3     9.3    -1.634   79.3  137.8    23.4    -7.3  198.5
 30.750   99.150    -4.8    20.6     9.5    -1.665   78.5  138.6    23.8    -8.0  198.5
 30.750   99.250    -6.5    22.7    10.5    -1.652   76.2  139.4    26.1    -9.9  197.8
 30.750   99.350    -8.0    26.0    10.3    -1.678   74.0  137.2    28.9   -10.9  195.6
 30.750   99.450    -9.0    26.2     9.1    -1.754   71.6  135.8    28.4   -11.2  193.7
 30.750   99.550   -10.3    24.4     9.4    -1.765   69.7  138.7    26.7   -12.7  194.2
 30.750   99.650   -10.8    24.0    10.4    -1.752   69.9  140.9    26.8   -13.6  195.4
 30.750   99.750    -9.0    22.1    10.0    -1.823   71.8  141.0    25.1   -12.0  196.4
 30.750   99.850    -7.9    17.8     9.7    -1.898   72.5  144.6    21.1   -11.2  198.6
 30.750   99.950    -7.1    14.8     9.9    -1.955   73.6  148.5    18.6   -10.9  201.0
 30.750  100.050    -5.9    12.9    10.5    -1.999   76.3  151.9    17.6   -10.6  204.1
 30.750  100.150    -5.4     9.7    10.6    -2.097   77.0  157.6    15.1   -10.9  207.3
 30.750  100.250    -6.5     6.0    11.2    -2.135   75.0  -14.1    12.7   -13.1  210.5
 30.750  100.350    -6.1     6.2    12.8    -2.040   77.2  167.0    14.3   -14.1  212.1
 30.750  100.450    -8.4    11.5    15.0    -1.886   75.6  160.8    19.5   -16.5  208.2
 30.750  100.550   -10.1    17.5    17.0    -1.822   75.3  155.6    25.5   -18.2  205.4
 30.750  100.650   -14.0    20.9    17.0    -1.961   71.2  153.0    27.8   -20.9  202.1
 30.750  100.750   -24.2    28.5    18.2    -1.945   64.3  150.4    34.2   -29.9  197.3
 30.750  100.850   -26.5    41.5    27.1    -1.352   69.2  149.3    51.0   -36.0  199.3
 30.750  100.950   -46.2    57.0    26.2    -1.189   61.1  145.8    63.2   -52.5  193.4
 30.750  101.050   -80.1    77.3    29.8    -0.578   54.9  -34.2    82.8   -85.5  190.4
 30.750  101.150   -99.2   102.9    46.0     0.924   57.7  146.8   112.9  -109.2  192.2
 30.750  101.250   -97.2   117.7    49.0     1.907   59.8  144.8   128.4  -107.9  192.3
 30.750  101.350  -107.6   112.7    34.2     2.454   54.2  143.0   117.9  -112.8  188.6
 30.750  101.450  -101.9    90.3    39.2     4.188   54.5  -32.3    98.0  -109.6  191.1
 30.750  101.550   -90.5    59.2    46.7     4.890   55.9  -23.9    72.6  -103.9  196.0
 30.750  101.650   -81.3    28.5    30.8     3.095   47.2  -18.0    36.5   -89.3  194.6
 30.750  101.750   -66.4     9.7    16.0     1.388   34.8  -11.9    13.0   -69.7  191.4
 30.750  101.850   -51.9     7.0     3.4     0.376   23.6  -17.1     7.2   -52.1  183.2
 30.750  101.950   -42.1    12.6    -3.1    -0.087  205.6  148.0    12.8   -42.3  176.8
 30.750  102.050   -33.5    12.6    -2.0    -0.078  209.1  146.0    12.7   -33.6  177.5
 30.750  102.150   -25.1     6.2     2.2     0.190   30.5  -22.7     6.3   -25.2  183.9
 30.750  102.250   -19.9     0.4     1.4     0.155   13.1   -4.9     0.5   -20.0  184.1
 30.750  102.350   -11.4    -3.4     2.9     0.129   17.8   17.8    -2.5   -12.3  197.8
 30.750  102.450    -9.5    -4.2     5.5     0.140   32.1   32.1    -0.8   -12.9  212.1
 30.750  102.550   -10.5     0.3     6.5     0.116   51.7   -1.4     3.4   -13.5  205.1
 30.750  102.650    -9.7     2.7     4.1    -0.056   47.5  -14.1     3.9   -11.0  196.7
 30.750  102.750    -9.5    -2.2     2.1    -0.177   15.0   15.0    -1.6   -10.0  195.0
 30.750  102.850    -9.0    -5.7     2.7    -0.114   29.2   29.2    -4.2   -10.5  209.2
 30.750  102.950    -8.7    -5.3     2.3    -0.089   26.7   26.7    -4.1    -9.8  206.7
 30.750  103.050    -8.4    -6.9     2.3    -0.078   35.5   35.5    -5.3   -10.0  215.5
 30.750  103.150    -8.2    -8.4     4.6     0.036   45.5   45.5    -3.7   -12.9   45.5
 30.750  103.250    -8.2    -6.2     5.7     0.104   40.1   40.1    -1.4   -13.0  220.1
 30.750  103.350    -8.6    -2.8     5.7     0.166   45.2   18.0     0.7   -12.1  211.6
 30.750  103.450    -7.6    -0.8     5.1     0.222   51.9    4.5     2.0   -10.3  208.2
 30.750  103.550    -6.2     0.1     4.3     0.244   54.8   -0.9     2.3    -8.4  207.0
 30.750  103.650    -4.8    -1.0     5.4     0.361   65.1    5.7     2.8    -8.6  215.4
 30.750  103.750    -2.5    -2.5     6.2     0.434   78.2   11.7     3.7    -8.6  225.0
 30.750  103.850     0.3    -2.7     3.1     0.231   92.5   23.8     2.2    -4.6   58.1
 30.750  103.950     0.8    -2.1    -1.4    -0.071  147.2   76.8     1.4    -2.7  112.0
 30.850   99.050    -3.4    20.3     8.6    -1.598   80.7  135.3    23.0    -6.2  198.0
 30.850   99.150    -3.4    20.5     9.5    -1.599   81.2  137.3    23.8    -6.8  199.3
 30.850   99.250    -4.4    22.3    12.6    -1.559   81.3  142.1    27.3    -9.4  201.7
 30.850   99.350    -4.5    24.7    14.5    -1.774   82.1  142.7    30.7   -10.5  202.4
 30.850   99.450    -6.2    25.5    14.5    -2.147   79.5  142.9    31.1   -11.9  201.2
 30.850   99.550    -9.6    25.1    16.2    -2.196   76.0  146.9    31.5   -15.9  201.5
 30.850   99.650   -11.1    24.8    16.3    -2.129   74.4  147.9    31.2   -17.4  201.2
 30.850   99.750    -9.5    22.6    12.5    -2.227   73.4  144.6    26.9   -13.8  199.0
 30.850   99.850    -9.7    18.8    10.1    -2.177   70.2  145.0    22.0   -12.9  197.6
 30.850   99.950    -7.7    16.2     9.1    -2.031   72.0  145.5    19.3   -10.8  198.8
 30.850  100.050    -3.1    14.1     9.0    -2.050   81.4  145.0    18.0    -6.9  203.2
 30.850  100.150    -1.6    11.5     9.1    -2.275   85.2  148.9    16.2    -6.2  207.1
 30.850  100.250    -5.7     9.0    11.8    -2.291   77.5  160.6    15.6   -12.2  209.0
 30.850  100.350    -8.1     9.8    15.9    -1.986   76.6  163.9    19.1   -17.4  210.3
 30.850  100.450    -9.9    15.5    19.4    -1.639   76.9  159.9    26.0   -20.4  208.4
 30.850  100.550    -9.5    22.3    18.7    -1.628   77.3  152.2    30.9   -18.1  204.8
 30.850  100.650   -12.2    26.8    17.2    -1.682   73.8  147.6    33.3   -18.7  200.7
 30.850  100.750   -21.0    32.7    24.8    -1.496   71.0  151.8    42.4   -30.7  201.4
 30.850  100.850   -17.8    40.8    44.7    -1.417   79.6  157.2    65.0   -42.0  208.4
 30.850  100.950   -44.2    58.8    59.6    -1.693   72.2  156.9    86.1   -71.4  204.6
 30.850  101.050   -91.7    91.5    70.2    -0.745   63.7  -26.2   115.4  -115.5  198.7
 30.850  101.150  -118.7   125.4    71.4     1.107   60.9  149.5   144.8  -138.0  195.2
 30.850  101.250  -119.7   132.6    49.6     1.656   57.1  144.4   142.0  -129.1  190.7
 30.850  101.350  -143.1   113.4    24.2     1.500   47.1  -36.4   115.7  -145.4  185.3
 30.850  101.450  -125.6    82.5    26.8     2.659   46.4  -32.0    85.9  -129.0  187.2
 30.850  101.550   -84.2    49.0    32.8     3.302   51.3  -25.0    56.6   -91.8  193.1
 30.850  101.650   -62.8    19.2    19.0     2.056   43.0  -18.1    23.4   -67.0  192.5
 30.850  101.750   -59.1     4.1    11.0     1.097   26.9   -7.7     5.9   -61.0  189.6
 30.850  101.850   -48.6     4.6     6.8     0.633   25.6  -11.2     5.5   -49.5  187.2
 30.850  101.950   -40.9    11.3     0.4     0.134   28.2  -27.3    11.3   -40.9  180.4
 30.850  102.050   -34.6    12.8    -4.8    -0.142  205.8  142.7    13.3   -35.1  174.3
 30.850  102.150   -27.3     8.0    -4.5     0.086  202.0  143.8     8.6   -27.9  172.9
 30.850  102.250   -19.4     1.7    -4.3     0.246  188.3  149.7     2.5   -20.3  169.0
 30.850  102.350    -9.6    -3.1    -3.7     0.271  155.4  155.4    -1.4   -11.3  155.4
 30.850  102.450    -6.2    -3.6     2.4     0.496   30.7   30.7    -2.2    -7.6  210.7
 30.850  102.550    -4.0     0.1     7.7     0.429   75.3   -0.5     6.0    -9.9  217.4
 30.850  102.650    -2.8     1.6     6.6    -0.309   78.3   -6.9     6.4    -7.5  215.7
 30.850  102.750    -7.8    -1.8     6.1    -0.802   54.7    9.5     2.0   -11.6  212.1
 30.850  102.850   -12.1    -3.9     9.3    -0.544   52.5   13.8     2.2   -18.2  213.1
 30.850  102.950   -12.2    -3.9     7.3    -0.346   38.5   21.8     0.4   -16.5  210.1
 30.850  103.050   -10.2    -5.9     3.5    -0.340   29.0   29.0    -3.9   -12.1  209.0
 30.850  103.150    -9.8    -7.5     5.8    -0.022   39.2   39.2    -2.7   -14.6  219.2
 30.850  103.250   -10.5    -5.4     7.3     0.252   35.4   35.4    -0.2   -15.8  215.4
 30.850  103.350   -12.0    -2.2     5.5     0.377   32.6   15.9     0.3   -14.5  204.2
 30.850  103.450   -10.2    -0.2     3.0     0.450   29.1    1.6     0.7   -11.0  195.3
 30.850  103.550    -6.9     0.7     0.8     0.436   24.5  -12.1     0.8    -6.9  186.2
 30.850  103.650    -4.5    -0.6     1.1     0.454   14.2   14.2    -0.3    -4.8  194.2
 30.850  103.750    -2.3    -3.0     2.9     0.528   61.7   35.1     0.3    -5.6   48.4
 30.850  103.850     0.8    -4.5     0.7     0.353  106.6   59.1     0.9    -4.6   82.9
 30.850  103.950     1.4    -3.8    -2.6     0.101  148.3   77.0     2.5    -4.8  112.6
 30.950   99.050    -3.3    20.0     7.1    -1.520   79.6  131.8    22.0    -5.3  195.7
 30.950   99.150    -2.1    20.5     7.9    -1.448   83.4  131.6    23.0    -4.6  197.5
 30.950   99.250     0.9    20.8    11.0    -1.395   92.5  135.4    25.6    -4.0  204.0
 30.950   99.350     6.9    19.2    14.1    -1.702  107.3  139.2    28.5    -2.3  213.2
 30.950   99.450     2.1    22.1    17.0    -2.114   93.6  145.9    31.8    -7.7  209.8
 30.950   99.550   -10.1    28.2    18.3    -2.216   76.8  146.9    35.6   -17.5  201.9
 30.950   99.650   -15.4    27.4    14.9    -2.212   69.0  145.8    32.1   -20.1  197.4
 30.950   99.750   -12.8    22.9     9.8    -2.257   66.5  142.2    25.4   -15.3  194.3
 30.950   99.850   -14.7    22.2     7.9    -2.189   62.0  141.2    23.8   -16.3  191.6
 30.950   99.950   -11.0    19.5     6.5    -2.105   64.0  139.0    20.8   -12.3  191.5
 30.950  100.050    -1.8    14.0     5.6    -2.030   82.2  133.1    15.7    -3.6  197.7
 30.950  100.150     1.2    14.0     4.3    -2.010  102.6  111.7    15.3    -0.1  197.2
 30.950  100.250    -5.5    17.0     5.1    -1.909   71.1  133.4    18.1    -6.6  192.3
 30.950  100.350   -10.6    17.1    10.5    -1.538   69.1  148.2    20.7   -14.1  198.6
 30.950  100.450   -10.8    20.0    17.7    -1.125   75.1  153.8    28.1   -18.9  204.5
 30.950  100.550   -10.6    27.8    19.7    -1.147   76.9  148.7    36.1   -18.9  202.8
 30.950  100.650    -9.1    33.1    16.3    -1.507   77.2  140.5    38.7   -14.7  198.8
 30.950  100.750    -1.6    24.6    27.6    -1.675   88.3  156.2    42.0   -19.1  212.3
 30.950  100.850    35.4     7.2    64.9    -2.444  105.5  176.8    87.8   -45.1   51.1
 30.950  100.950   -22.2    26.7   114.3    -2.526   84.5  173.4   119.2  -114.7  219.0
 30.950  101.050  -156.1    91.0   123.8    -0.330   62.2  -17.1   142.4  -207.5  202.5
 30.950  101.150  -210.7   142.6    65.4     2.829   49.9  -29.6   154.3  -222.4  190.2
 30.950  101.250  -152.4   134.7    -5.5     3.705  222.1  135.7   134.8  -152.5  178.9
 30.950  101.350  -133.1   101.2   -21.0     2.291  216.1  133.8   103.0  -135.0  174.9
 30.950  101.450  -110.0    75.0    13.8     1.702   43.8  -35.4    76.0  -111.0  184.2
 30.950  101.550   -79.9    54.7    31.5     1.659   52.6  -27.6    61.7   -86.9  192.5
 30.950  101.650   -59.1    39.5    18.0     0.955   49.7  -29.6    42.6   -62.3  190.0
 30.950  101.750   -55.8    29.9     9.9     0.626   42.9  -30.0    31.0   -57.0  186.5
 30.950  101.850   -44.7    21.5     9.6     0.396   43.2  -27.1    22.8   -46.0  188.1
 30.950  101.950   -39.7    16.6     5.5    -0.062   38.7  -27.6    17.1   -40.3  185.5
 30.950  102.050   -40.2    17.6    -1.1    -0.354  212.4  145.4    17.6   -40.2  178.9
 30.950  102.150   -34.9    17.3    -5.8    -0.204  209.1  138.3    17.9   -35.5  173.7
 30.950  102.250   -20.9     8.6    -7.9    -0.019  200.1  131.7    10.6   -22.9  165.9
 30.950  102.350    -7.6     2.4    -4.4     0.129  193.0  126.0     4.1    -9.3  159.5
 30.950  102.450    -0.9     2.5     4.9     0.426   85.1  165.8     6.0    -4.3  215.4
 30.950  102.550     8.2    -0.8     8.4     0.310  115.4  182.7    13.2    -5.8   59.0
 30.950  102.650    10.9    -4.9     5.6    -0.317  126.2  198.3    12.7    -6.7   72.2
 30.950  102.750    -4.4    -0.8     5.3    -0.642   66.7    4.2     3.0    -8.2  215.5
 30.950  102.850   -17.7     4.2     7.5    -0.427   46.8  -12.5     6.5   -20.0  197.1
 30.950  102.950   -18.9     1.1     4.2    -0.346   29.1   -6.2     2.0   -19.8  191.4
 30.950  103.050   -14.0    -2.7     0.9    -0.368    4.6    4.6    -2.6   -14.1  184.6
 30.950  103.150   -13.6    -3.7     5.9     0.013   25.1   25.1    -0.9   -16.3  205.1
 30.950  103.250   -15.0    -1.2     9.2     0.345   49.3    3.9     3.4   -19.7  206.6
 30.950  103.350   -17.7     1.8     6.6     0.466   40.8   -6.7     3.8   -19.7  197.1
 30.950  103.450   -14.8     2.3     2.1     0.516   29.0  -15.4     2.5   -15.0  186.8
 30.950  103.550    -9.4     1.4    -1.1     0.550  196.1  152.3     1.5    -9.5  174.2
 30.950  103.650    -5.5     1.7    -2.9     0.604  193.2  127.8     2.7    -6.5  160.5
 30.950  103.750    -1.2     0.1    -2.2     0.666  181.6  105.5     1.8    -2.9  143.5
 30.950  103.850     4.8    -2.5    -2.1     0.455  -22.0   51.5     5.4    -3.0  104.7
 30.950  103.950     5.1    -2.0    -1.7     0.154  -20.6   46.3     5.5    -2.4  102.8
 31.050   99.050    -6.3    21.1     8.7    -1.619   74.8  137.6    23.6    -8.8  196.2
 31.050   99.150    -4.7    21.7     7.9    -1.398   77.1  133.6    23.9    -6.9  195.4
 31.050   99.250     2.0    21.7     6.8    -1.230  103.9  110.6    23.8    -0.1  197.2
 31.050   99.350    12.5    19.8     4.4    -1.191  115.2  115.2    21.9    10.4  205.2
 31.050   99.450     6.6    22.3     5.6    -1.015  107.8  107.8    24.1     4.8  197.8
 31.050   99.550   -10.0    28.1     4.0    -1.143   64.8  127.1    28.5   -10.4  185.9
 31.050   99.650   -16.8    27.5    -0.9    -1.602   50.8  126.9    27.5   -16.9  178.9
 31.050   99.750   -12.8    24.0    -0.4    -1.790   53.2  125.6    24.0   -12.8  179.4
 31.050   99.850   -13.3    24.0     2.5    -1.900   57.1  130.7    24.1   -13.5  183.9
 31.050   99.950   -11.1    21.8     2.0    -2.186   57.8  129.1    21.9   -11.3  183.4
 31.050  100.050    -5.9    17.2     3.1    -2.103   66.6  128.4    17.6    -6.3  187.5
 31.050  100.150    -4.3    17.9     4.3    -1.754   73.0  128.0    18.7    -5.1  190.5
 31.050  100.250    -9.0    21.7     1.5    -1.573   60.0  125.5    21.8    -9.0  182.7
 31.050  100.350   -14.8    23.4     3.3    -1.069   56.3  133.5    23.7   -15.1  184.9
 31.050  100.450   -10.9    26.8     9.8    -0.337   69.7  137.7    29.2   -13.2  193.7
 31.050  100.550    -5.8    34.9    14.6    -0.062   80.5  135.1    39.6   -10.5  197.8
 31.050  100.650     1.7    45.2     5.5    -0.939   97.1   97.1    45.9     1.0  187.1
 31.050  100.750    20.7    42.1     6.7    -1.347  106.0  106.0    44.1    18.8  196.0
 31.050  100.850    90.7    24.9    27.6    -0.995  160.0  160.0   100.8    14.8   70.0
 31.050  100.950    -3.8    39.1    91.7     1.970   88.8  168.0   111.8   -76.5  218.4
 31.050  101.050  -239.8    92.1   122.5     4.571   52.7  -16.3   132.4  -280.2  198.2
 31.050  101.150  -323.7   125.6    66.2     3.880   40.7  -24.3   135.2  -333.3  188.2
 31.050  101.250  -180.5   110.3    -4.4     1.648  217.1  141.1   110.4  -180.6  179.1
 31.050  101.350   -90.7    84.8   -21.2     0.237  217.3  129.2    87.4   -93.2  173.2
 31.050  101.450   -68.3    67.7    10.4     0.736   49.2  -40.5    68.4   -69.0  184.3
 31.050  101.550   -76.5    51.4    24.5     1.006   50.2  -29.2    55.9   -81.0  190.5
 31.050  101.650   -65.3    40.3    14.9     0.527   46.3  -30.5    42.4   -67.3  187.9
 31.050  101.750   -54.4    34.0     8.2     0.227   43.7  -33.2    34.8   -55.1  185.3
 31.050  101.850   -39.6    25.6     6.1    -0.022   44.2  -33.6    26.1   -40.2  185.3
 31.050  101.950   -36.1    18.7     5.1    -0.265   41.1  -30.6    19.1   -36.6  185.3
 31.050  102.050   -41.3    18.2     5.0    -0.479   38.6  -29.0    18.7   -41.7  184.8
 31.050  102.150   -37.6    19.0     2.2    -0.917   37.7  -33.2    19.1   -37.7  182.2
 31.050  102.250   -22.1    13.2    -0.1    -1.176  217.5  142.1    13.2   -22.1  179.8
 31.050  102.350    -8.0     8.5     6.6    -0.617   65.0  153.6    10.9   -10.3  199.3
 31.050  102.450    -1.4     7.5    11.5     0.010   86.7  162.4    15.4    -9.3  214.6
 31.050  102.550     6.8     2.1     4.2     0.015  137.9  161.1     9.3    -0.4   59.5
 31.050  102.650     9.4    -2.7    -3.0     0.169  -17.0   43.6    10.1    -3.4  103.3
 31.050  102.750    -4.9     1.8    -3.8     0.495  191.6  119.7     3.5    -6.7  155.6
 31.050  102.850   -17.2     6.5    -4.7     0.332  201.9  136.6     7.4   -18.1  169.2
 31.050  102.950   -18.7     3.7    -6.8    -0.100  192.0  136.9     5.6   -20.6  164.4
 31.050  103.050   -14.6     1.1    -5.6    -0.151  185.2  139.4     2.9   -16.4  162.3
 31.050  103.150   -14.6     0.8     1.9     0.313   22.0   -8.0     1.1   -14.9  187.0
 31.050  103.250   -17.0     2.2     7.0     0.637   43.9   -7.7     4.5   -19.3  198.1
 31.050  103.350   -20.9     3.4     6.6     0.571   39.6  -11.1     5.1   -22.5  194.2
 31.050  103.450   -17.8     3.2     3.6     0.349   34.1  -15.0     3.8   -18.4  189.5
 31.050  103.550   -12.2     2.6     3.2     0.321   38.3  -15.1     3.2   -12.8  191.6
 31.050  103.650    -7.5     3.0     2.1     0.315   44.5  -22.2     3.4    -7.9  191.1
 31.050  103.750    -0.3     1.5     0.8     0.268   82.1  140.1     1.8    -0.6  201.1
 31.050  103.850     9.5    -1.0     0.6     0.211  159.0  194.9     9.5    -1.0   86.9
 31.050  103.950     9.1    -1.0     0.5     0.136  159.3  195.5     9.2    -1.0   87.4
 31.150   99.050   -11.2    23.5     5.3    -1.404   63.4  133.7    24.3   -12.0  188.5
 31.150   99.150   -10.1    24.3     5.8    -1.219   65.9  132.9    25.3   -11.1  189.4
 31.150   99.250    -3.9    25.4     4.1    -1.091   75.2  120.4    25.9    -4.5  187.8
 31.150   99.350     3.7    26.2    -0.8    -0.893   87.9   87.9    26.3     3.7  177.9
 31.150   99.450     1.9    25.3    -2.0    -0.471   85.2   85.2    25.5     1.7  175.2
 31.150   99.550    -5.6    23.0    -4.5    -0.582   54.0  108.4    23.7    -6.3  171.2
 31.150   99.650    -8.3    23.6    -8.5    -1.222   43.5  108.3    25.8   -10.4  165.9
 31.150   99.750    -6.6    24.5    -6.0    -1.532   50.7  108.1    25.7    -7.7  169.4
 31.150   99.850    -6.1    21.2    -3.1    -1.688   54.9  112.4    21.6    -6.5  173.7
 31.150   99.950    -6.2    19.9    -3.2    -1.994   53.4  112.9    20.3    -6.6  173.1
 31.150  100.050    -4.0    23.2     1.7    -2.038   70.7  116.5    23.3    -4.1  183.6
 31.150  100.150    -5.7    22.6     9.4    -2.018   76.7  136.8    25.5    -8.5  196.8
 31.150  100.250   -16.2    18.9    10.2    -2.001   62.0  148.2    21.6   -18.9  195.1
 31.150  100.350   -29.1    24.2    12.7    -1.247   55.3  -29.9    27.0   -32.0  192.7
 31.150  100.450   -25.9    32.9    13.1    -0.141   60.2  143.9    35.7   -28.7  192.0
 31.150  100.550   -19.0    42.2     9.6     1.234   64.3  133.1    43.7   -20.5  188.7
 31.150  100.650   -10.9    71.2   -20.2     1.750   52.5  101.3    75.9   -15.6  166.9
 31.150  100.750    10.4    99.0   -48.2     2.025   49.7   82.9   120.2   -10.7  156.3
 31.150  100.850    78.0   102.3   -51.7     3.219   51.6   51.6   143.2    37.1  141.6
 31.150  100.950    -6.5    99.6    13.8     7.620   81.3  113.3   101.4    -8.3  187.3
 31.150  101.050  -218.9    92.0    63.0     8.851   44.9  -22.9   104.3  -231.2  191.0
 31.150  101.150  -295.5    53.4    48.7     3.866   31.8  -16.2    60.0  -302.1  187.8
 31.150  101.250  -172.6    31.9    24.2    -0.610   30.6  -17.3    34.7  -175.4  186.7
 31.150  101.350   -99.8    53.1     5.3    -1.281   38.1  -34.1    53.3  -100.0  182.0
 31.150  101.450   -76.4    63.9     4.7     0.376   44.4  -40.6    64.1   -76.6  181.9
 31.150  101.550   -73.8    46.3     5.8     0.887   41.2  -35.7    46.6   -74.1  182.8
 31.150  101.650   -59.6    31.6     7.6     0.422   40.9  -31.5    32.2   -60.2  184.7
 31.150  101.750   -51.7    27.4     7.4    -0.133   41.5  -30.9    28.1   -52.4  185.3
 31.150  101.850   -39.3    24.8     5.2    -0.304   43.2  -33.9    25.2   -39.7  184.6
 31.150  101.950   -34.2    21.5     2.5    -0.396   40.9  -35.9    21.6   -34.3  182.5
 31.150  102.050   -32.9    15.6     4.0    -0.503   39.4  -30.1    15.9   -33.2  184.6
 31.150  102.150   -28.7    14.5     3.7    -0.992   40.3  -30.7    14.8   -29.0  184.8
 31.150  102.250   -22.9    19.6     1.4    -1.379   44.7  -40.8    19.7   -22.9  181.9
 31.150  102.350   -17.4    20.9     7.2    -0.795   57.8  142.8    22.2   -18.7  190.3
 31.150  102.450   -12.6    15.4     9.6    -0.158   64.6  149.9    18.3   -15.6  197.2
 31.150  102.550    -5.7    10.9     1.4    -0.134   58.9  130.9    11.0    -5.8  184.9
 31.150  102.650    -2.5     9.6    -3.5     0.148   45.2  104.4    10.6    -3.4  164.8
 31.150  102.750    -7.7     7.5    -2.7     0.553  215.0  125.6     7.9    -8.1  170.3
 31.150  102.850   -10.1     4.6    -4.7     0.311  199.4  127.9     6.0   -11.5  163.6
 31.150  102.950   -12.5     5.4    -7.1    -0.144  196.7  124.7     7.9   -15.0  160.7
 31.150  103.050   -15.8     8.4    -5.3    -0.111  205.1  131.2     9.6   -16.9  168.1
 31.150  103.150   -17.5    10.2     0.7     0.390   38.8  -35.9    10.2   -17.5  181.5
 31.150  103.250   -15.9     7.6     4.8     0.694   46.6  -24.3     8.5   -16.8  191.1
 31.150  103.350   -16.4     3.3     5.8     0.546   42.8  -12.4     4.9   -18.0  195.2
 31.150  103.450   -13.8     2.6     5.8     0.245   45.7  -10.4     4.4   -15.7  197.6
 31.150  103.550   -10.5     4.6     7.3     0.131   58.7  -14.8     7.5   -13.5  202.0
 31.150  103.650    -7.0     4.3     7.0    -0.019   66.2  -15.2     7.6   -10.3  205.5
 31.150  103.750    -0.9     2.7     5.5    -0.122   85.2  166.5     6.7    -4.9  215.9
 31.150  103.850     6.8     2.3     3.7    -0.028  150.7  150.7     8.8     0.3   60.7
 31.150  103.950     7.0     1.3     0.9     0.096  170.9  170.9     7.1     1.2   80.9
 31.250   99.050   -11.7    25.9    -2.7    -0.887   51.8  120.0    26.1   -11.9  175.9
 31.250   99.150   -10.7    26.8     0.1    -0.819   57.9  122.5    26.8   -10.7  180.2
 31.250   99.250    -7.2    27.5     0.6    -0.841   63.9  118.1    27.5    -7.2  181.0
 31.250   99.350    -3.9    28.9    -0.8    -0.850   68.3  108.8    28.9    -3.9  178.5
 31.250   99.450    -2.5    27.8    -1.0    -0.758   71.4  104.9    27.8    -2.5  178.2
 31.250   99.550    -1.3    24.5    -1.6    -0.853   72.8  100.0    24.6    -1.4  176.4
 31.250   99.650    -0.6    25.6    -4.9    -1.249   66.6   92.9    26.5    -1.4  169.8
 31.250   99.750    -1.8    28.4    -6.4    -1.532   60.7   96.3    29.7    -3.1  168.5
 31.250   99.850    -4.0    28.1    -7.9    -1.615   53.1  100.7    30.0    -5.8  166.9
 31.250   99.950    -1.2    28.0    -7.5    -1.616   58.7   94.0    29.8    -3.0  166.4
 31.250  100.050    12.5    29.4    -0.4    -1.735   88.8   88.8    29.4    12.4  178.8
 31.250  100.150    11.3    30.1    10.2    -2.256  113.7  113.7    34.6     6.8  203.7
 31.250  100.250   -19.1    32.4    18.3    -2.452   68.8  146.7    38.3   -25.0  197.7
 31.250  100.350   -44.1    40.5    29.8    -1.567   61.6  -26.4    50.0   -53.6  197.6
 31.250  100.450   -56.0    47.2    29.7    -0.641   57.9  -27.9    55.2   -63.9  195.0
 31.250  100.550   -74.9    53.6    29.4     1.328   52.9  -28.4    60.0   -81.3  192.3
 31.250  100.650   -77.1    76.5     2.4     2.940   45.8  -44.0    76.5   -77.1  180.9
 31.250  100.750   -34.4   107.9   -47.5     3.309   40.9  105.4   122.3   -48.8  163.1
 31.250  100.850    30.3   124.8   -81.0     4.935   43.0   77.2   171.4   -16.3  150.1
 31.250  100.950   -16.3   117.1   -42.8    10.042   48.4   98.9   129.7   -28.8  163.7
 31.250  101.050  -144.2    84.4   -20.7    10.560  212.4  137.3    86.3  -146.1  174.9
 31.250  101.150  -191.9    30.8   -31.7     5.318  195.0  149.1    35.3  -196.3  172.1
 31.250  101.250  -135.0    12.5   -12.5     2.252  192.7  157.7    13.6  -136.0  175.2
 31.250  101.350  -112.9    37.9    -3.6     1.295  208.7  148.5    38.0  -112.9  178.6
 31.250  101.450   -90.9    51.6    -5.2     0.726  214.9  140.9    51.8   -91.1  177.9
 31.250  101.550   -63.4    38.3    -4.2     0.132  215.5  139.7    38.5   -63.6  177.6
 31.250  101.650   -44.5    26.8     6.1     0.063   42.7  -33.1    27.3   -45.1  184.8
 31.250  101.750   -44.7    23.8     6.7    -0.423   41.9  -30.8    24.5   -45.3  185.6
 31.250  101.850   -37.4    22.6    10.1    -0.624   47.5  -28.9    24.2   -39.1  189.3
 31.250  101.950   -33.3    20.6     7.5    -1.016   46.2  -30.7    21.6   -34.3  187.7
 31.250  102.050   -30.4    15.4     6.8    -1.061   44.1  -27.6    16.3   -31.4  188.3
 31.250  102.150   -27.0    14.1     5.9    -0.856   44.3  -28.2    15.0   -27.8  188.1
 31.250  102.250   -24.7    20.8     1.1    -0.871   43.9  -41.2    20.8   -24.7  181.3
 31.250  102.350   -22.7    23.7     2.0    -0.668   48.1  136.8    23.8   -22.8  182.5
 31.250  102.450   -18.7    18.0     4.6    -0.398   51.5  -37.4    18.6   -19.3  187.1
 31.250  102.550   -12.5    13.6     3.5    -0.338   53.7  141.3    14.1   -12.9  187.5
 31.250  102.650    -9.0    12.8     2.4    -0.278   56.1  136.3    13.1    -9.3  186.2
 31.250  102.750   -10.2     9.5     2.9    -0.131   52.0  -35.8     9.9   -10.6  188.1
 31.250  102.850    -8.5     5.3     0.9    -0.119   41.9  -34.8     5.3    -8.5  183.6
 31.250  102.950   -11.0     6.8    -2.2    -0.175  211.5  134.9     7.0   -11.3  173.2
 31.250  103.050   -17.2    10.4    -1.4    -0.065  215.0  139.2    10.4   -17.2  177.1
 31.250  103.150   -19.4    11.9     3.0     0.202   43.7  -32.7    12.2   -19.7  185.5
 31.250  103.250   -15.9     8.9     5.1     0.371   48.7  -26.2     9.9   -17.0  191.3
 31.250  103.350   -15.3     4.8     3.3     0.451   39.2  -21.2     5.4   -15.8  189.0
 31.250  103.450   -11.9     4.2     2.0     0.582   38.4  -24.2     4.5   -12.1  187.1
 31.250  103.550    -6.9     5.8     1.5     0.536   49.3  -35.8     6.0    -7.1  186.8
 31.250  103.650    -3.3     5.1     0.5     0.235   54.7  132.4     5.1    -3.3  183.6
 31.250  103.750    -1.0     3.6     1.5     0.089   75.2  137.1     4.0    -1.5  196.2
 31.250  103.850     2.7     3.3     1.4     0.074  129.2  129.2     4.4     1.6  219.2
 31.250  103.950     3.4     2.0    -0.3     0.037   12.4   12.4     3.5     1.9  102.4
 31.350   99.050   -10.0    28.0    -4.9    -0.605   51.5  114.1    28.6   -10.6  172.8
 31.350   99.150    -9.5    29.4    -3.8    -0.593   54.6  114.4    29.8    -9.9  174.5
 31.350   99.250    -6.2    28.3    -3.3    -0.606   59.2  110.1    28.6    -6.5  174.6
 31.350   99.350    -3.5    28.6    -3.0    -0.664   64.8  104.6    28.9    -3.8  174.7
 31.350   99.450    -1.7    30.4    -2.4    -0.698   72.0   99.5    30.6    -1.8  175.8
 31.350   99.550     0.8    31.6    -3.4    -0.793   83.9   83.9    32.0     0.4  173.9
 31.350   99.650     2.0    31.4    -6.8    -0.998   77.6   77.6    32.9     0.5  167.6
 31.350   99.750    -0.2    34.2    -9.6    -1.166   60.1   90.7    36.7    -2.8  165.4
 31.350   99.850    -4.3    47.0    -9.0    -1.210   61.2   99.4    48.5    -5.8  170.3
 31.350   99.950     0.5    46.4   -14.5    -1.571   58.8   89.0    50.6    -3.7  163.9
 31.350  100.050    20.9    26.6   -14.1    -1.353   50.7   50.7    38.1     9.4  140.7
 31.350  100.150    20.4    29.8    -7.2    -0.500   61.5   61.5    33.7    16.5  151.5
 31.350  100.250   -20.2    62.8    -5.6    -0.011   56.4  115.9    63.1   -20.6  176.1
 31.350  100.350   -51.2    78.1    -0.5     0.510   50.8  128.7    78.1   -51.2  179.8
 31.350  100.450   -70.9    73.2     3.6     0.847   46.9  135.9    73.3   -71.0  181.4
 31.350  100.550   -94.5    70.6    23.5     1.638   48.9  -33.1    73.8   -97.8  187.9
 31.350  100.650  -107.1    56.4    41.2     1.554   50.3  -23.6    66.2  -116.9  193.4
 31.350  100.750   -88.5    71.6    25.3     1.031   50.9  -33.3    75.5   -92.4  188.8
 31.350  100.850   -73.9   116.7   -21.2     2.656   45.0  122.4   119.0   -76.2  173.7
 31.350  100.950   -78.9   114.4   -28.7     7.508   41.8  121.6   118.6   -83.1  171.7
 31.350  101.050   -99.2    65.7   -34.5     8.388  208.3  129.0    72.7  -106.1  168.6
 31.350  101.150  -103.7    42.2   -50.3     4.882  197.6  127.9    57.8  -119.4  162.7
 31.350  101.250   -86.2    43.3   -28.1     3.164  204.4  132.1    49.1   -92.0  168.3
 31.350  101.350   -76.7    34.3    -9.3     2.144  209.1  141.3    35.0   -77.4  175.2
 31.350  101.450   -65.1    27.1    -6.1     0.508  209.2  143.3    27.5   -65.5  176.2
 31.350  101.550   -50.6    26.3    -4.7    -0.406  212.4  140.7    26.6   -50.9  176.5
 31.350  101.650   -39.8    24.5     3.0    -0.085   40.9  -35.5    24.6   -39.9  182.7
 31.350  101.750   -35.6    19.2     0.7    -0.343   37.0  -35.6    19.3   -35.7  180.7
 31.350  101.850   -25.7    14.4     7.8    -0.616   48.0  -26.8    15.8   -27.1  190.6
 31.350  101.950   -26.5    13.5     9.9    -1.229   49.7  -23.4    15.8   -28.8  193.1
 31.350  102.050   -34.3    15.8    10.4    -1.399   46.4  -23.8    17.9   -36.4  191.3
 31.350  102.150   -35.7    15.6    11.0    -1.063   46.0  -22.9    17.9   -37.9  191.6
 31.350  102.250   -29.8    15.8     6.8    -0.919   44.8  -28.2    16.8   -30.8  188.3
 31.350  102.350   -27.0    17.8     3.5    -0.807   43.6  -34.7    18.1   -27.3  184.4
 31.350  102.450   -22.3    16.4     2.1    -0.600   43.8  -37.6    16.6   -22.4  183.1
 31.350  102.550   -14.8    12.9     2.1    -0.414   47.3  -38.8    13.1   -15.0  184.3
 31.350  102.650   -10.7    10.7     1.9    -0.344   50.1  140.1    10.9   -10.9  185.1
 31.350  102.750   -12.6     9.3     1.7    -0.288   45.0  -36.3     9.4   -12.7  184.4
 31.350  102.850   -11.5     7.9     1.1    -0.201   43.0  -36.4     8.0   -11.6  183.3
 31.350  102.950   -13.3     7.5    -0.4    -0.173  215.9  142.0     7.5   -13.3  179.0
 31.350  103.050   -16.7     6.5     0.3    -0.111   32.8  -31.3     6.5   -16.7  180.8
 31.350  103.150   -18.7     4.8     4.7     0.043   39.1  -17.3     5.7   -19.6  190.9
 31.350  103.250   -19.5     5.1     6.8     0.210   43.9  -15.1     6.8   -21.2  194.4
 31.350  103.350   -24.5     8.1     3.2     0.456   35.8  -24.8     8.5   -24.8  185.5
 31.350  103.450   -18.0     9.4    -1.0     0.770  213.7  142.1     9.4   -18.1  177.9
 31.350  103.550    -4.1     7.3    -3.4     0.773   36.4  112.5     8.2    -5.0  164.4
 31.350  103.650     3.0     5.9    -4.7     0.456   40.3   67.0     9.4    -0.5  143.7
 31.350  103.750     2.3     4.7    -3.0     0.259   56.0   56.0     6.8     0.2  146.0
 31.350  103.850     5.3     2.1    -1.2     0.127   18.8   18.8     5.7     1.7  108.8
 31.350  103.950     4.9     0.9    -0.2    -0.033    3.0    3.0     4.9     0.9   93.0
 31.450   99.050    -8.8    32.1    -7.4    -0.205   51.2  108.9    33.4   -10.1  170.0
 31.450   99.150    -7.8    32.9    -8.6    -0.384   50.9  106.2    34.6    -9.5  168.5
 31.450   99.250    -5.1    31.5    -7.0    -0.415   55.7  103.3    32.8    -6.4  169.5
 31.450   99.350    -2.8    31.8    -6.3    -0.396   61.0   98.9    32.9    -3.9  170.0
 31.450   99.450    -0.9    33.8    -5.3    -0.346   68.9   94.1    34.5    -1.7  171.5
 31.450   99.550     0.9    36.0    -7.6    -0.522   70.6   86.0    37.6    -0.7  168.3
 31.450   99.650     2.5    38.2   -10.1    -0.711   71.7   78.8    40.9    -0.2  165.2
 31.450   99.750     3.4    43.0    -8.6    -0.838   78.3   78.3    44.8     1.6  168.3
 31.450   99.850    11.1    55.5     5.3    -1.143   96.7   96.7    56.1    10.5  186.7
 31.450   99.950    -0.9    59.7    -8.0    -2.782   72.4   92.8    60.7    -2.0  172.6
 31.450  100.050   -24.2    50.9   -24.0    -1.778   37.4  110.0    57.9   -31.2  163.7
 31.450  100.150   -38.3    57.8   -32.6     2.663   32.8  113.1    67.8   -48.3  162.9
 31.450  100.250   -45.1    84.5   -59.3     5.185   30.3  107.3   107.5   -68.1  158.8
 31.450  100.350   -56.1    95.1   -81.1     5.126   26.6  106.4   130.4   -91.4  156.5
 31.450  100.450   -61.9    89.5   -78.2     5.059   25.7  108.4   122.6   -95.1  157.0
 31.450  100.550   -59.2    83.7   -59.8     5.113   28.8  111.3   105.4   -80.9  160.0
 31.450  100.650   -67.7    62.0   -29.2     4.762  211.7  124.0    68.3   -74.0  167.9
 31.450  100.750   -97.5    67.3     2.5     4.804   40.6  -38.9    67.3   -97.5  180.9
 31.450  100.850  -138.0   105.3    -3.9     3.935  220.2  137.9   105.3  -138.1  179.1
 31.450  100.950  -124.8   101.1    -7.7     3.666  220.0  136.1   101.3  -125.1  178.1
 31.450  101.050   -81.9    55.0    -0.6     3.613  219.1  140.4    55.0   -81.9  179.8
 31.450  101.150   -62.5    39.4    -6.1     2.510  215.1  138.1    39.8   -62.8  176.6
 31.450  101.250   -60.1    43.1   -11.2     1.476  214.3  133.5    44.3   -61.3  173.9
 31.450  101.350   -50.7    27.7    -8.8     1.086  210.4  137.0    28.7   -51.7  173.7
 31.450  101.450   -45.2    15.5   -11.5     0.492  201.0  138.2    17.6   -47.3  169.6
 31.450  101.550   -42.4    15.5   -10.2     0.115  202.3  138.2    17.3   -44.1  170.3
 31.450  101.650   -36.9    16.1    -3.0     0.062  210.3  143.2    16.2   -37.1  176.7
 31.450  101.750   -28.0    14.6    -3.3    -0.322  211.6  139.7    14.9   -28.3  175.7
 31.450  101.850   -14.1    13.3    -0.3    -0.364  223.5  135.3    13.3   -14.1  179.4
 31.450  101.950   -18.6    13.7    -0.2    -0.466  220.3  139.0    13.7   -18.6  179.6
 31.450  102.050   -35.2    17.2    -1.4    -0.583  213.5  143.5    17.2   -35.2  178.5
 31.450  102.150   -40.6    17.1    -0.5    -0.513  212.4  146.5    17.1   -40.6  179.5
 31.450  102.250   -33.2    15.3    -0.1    -0.449  214.1  145.8    15.3   -33.2  179.9
 31.450  102.350   -31.5    15.9    -1.1    -0.478  214.1  143.2    15.9   -31.5  178.6
 31.450  102.450   -25.6    15.0    -2.3    -0.521  214.2  139.4    15.1   -25.8  176.8
 31.450  102.550   -15.6    11.3    -0.9    -0.471  218.5  137.6    11.4   -15.6  178.1
 31.450  102.650   -10.4     8.7     1.5    -0.417   47.0  -37.9     8.8   -10.5  184.5
 31.450  102.750   -13.2     8.2     2.6    -0.427   45.4  -31.5     8.5   -13.5  186.9
 31.450  102.850   -12.7     8.2     3.9    -0.383   49.5  -29.0     9.0   -13.4  190.2
 31.450  102.950   -14.2     8.1     3.2    -0.428   45.5  -29.4     8.6   -14.6  188.0
 31.450  103.050   -15.9     7.2     3.0    -0.431   41.6  -27.0     7.6   -16.3  187.3
 31.450  103.150   -18.1     5.6     7.2    -0.170   47.2  -16.0     7.6   -20.2  195.6
 31.450  103.250   -22.8     6.1    11.4     0.115   50.6  -12.5    10.1   -26.7  199.1
 31.450  103.350   -32.9     9.2    11.5     0.220   44.5  -15.9    12.1   -35.8  194.3
 31.450  103.450   -24.0     9.8     8.2     0.146   46.9  -20.9    11.7   -25.9  193.0
 31.450  103.550    -2.9     6.9     6.0     0.062   77.8  153.0     9.8    -5.8  205.4
 31.450  103.650     7.1     5.5     3.9    -0.085  140.8  140.8    10.2     2.3   50.8
 31.450  103.750     4.9     4.6     2.3    -0.204  137.1  137.1     7.0     2.5   47.1
 31.450  103.850     8.4     2.1     2.0    -0.221  163.6  163.6     9.0     1.5   73.6
 31.450  103.950     7.0     1.1     2.6    -0.184  159.6  159.6     8.0     0.1   69.6
 31.550   99.050    -9.8    36.2    -6.8    -0.177   53.5  110.1    37.2   -10.8  171.8
 31.550   99.150    -6.8    37.7   -11.9    -0.185   49.7  102.1    40.7    -9.8  165.9
 31.550   99.250    -4.3    39.2   -13.3    -0.077   50.8   97.7    42.9    -8.1  164.3
 31.550   99.350    -1.4    39.3   -11.5    -0.065   57.4   93.1    42.3    -4.4  165.3
 31.550   99.450     0.8    37.4    -9.0    -0.117   66.6   87.3    39.5    -1.3  167.0
 31.550   99.550     1.2    38.0    -8.9    -0.159   68.8   85.2    40.1    -0.8  167.0
 31.550   99.650     4.0    49.2   -10.9    -0.152   77.1   77.1    51.7     1.5  167.1
 31.550   99.750    11.2    58.7   -12.1    -0.263   76.5   76.5    61.6     8.3  166.5
 31.550   99.850    42.5    53.8     1.0    -0.501   94.8   94.8    53.9    42.4  184.8
 31.550   99.950    -3.1    73.2    -6.8    -1.724   72.3   97.6    73.8    -3.7  175.0
 31.550  100.050  -113.5   122.6   -23.0    -0.662   40.6  128.4   124.8  -115.8  174.5
 31.550  100.150  -155.2   139.8   -39.5     3.368  216.1  128.9   145.0  -160.4  172.5
 31.550  100.250   -95.6   114.1   -68.9     5.738   30.5  116.2   134.7  -116.2  163.3
 31.550  100.350   -61.4   101.8   -88.8     5.521   26.1  106.5   140.8  -100.4  156.3
 31.550  100.450   -52.7   106.6   -84.6     5.364   28.3  104.9   143.1   -89.2  156.6
 31.550  100.550   -49.2   101.2   -81.5     5.497   28.1  104.6   136.9   -84.9  156.3
 31.550  100.650   -48.4    93.9   -69.2     6.412   29.5  106.3   122.0   -76.5  157.9
 31.550  100.750   -69.5    85.6   -37.9     7.638   34.7  119.3    94.4   -78.3  167.0
 31.550  100.850   -93.7    73.6   -29.7     5.853  212.0  128.5    78.7   -98.8  170.2
 31.550  100.950   -86.6    61.1   -26.3     3.178  210.5  129.9    65.7   -91.1  170.2
 31.550  101.050   -62.8    48.7    -9.3     2.442  216.7  133.9    49.4   -63.6  175.3
 31.550  101.150   -51.9    36.3    -3.7     2.050  217.5  137.7    36.5   -52.1  177.6
 31.550  101.250   -49.5    27.7   -13.4     1.052  207.7  133.1    30.0   -51.8  170.4
 31.550  101.350   -45.1    21.6   -14.2     0.664  204.0  132.9    24.5   -48.0  168.5
 31.550  101.450   -38.3     9.9   -18.0     0.204  192.5  130.7    15.9   -44.3  161.6
 31.550  101.550   -28.4    -4.2   -13.2    -0.051  168.4  144.2     1.6   -34.2  156.3
 31.550  101.650   -22.6    -7.8     1.6    -0.067    6.2    6.2    -7.7   -22.7  186.2
 31.550  101.750   -24.1     5.3     5.8    -0.352   37.5  -15.9     6.4   -25.2  190.8
 31.550  101.850   -20.6    18.6     1.7    -0.260   46.1  -41.0    18.7   -20.7  182.5
 31.550  101.950   -24.8    21.6    -6.4    -0.073  215.4  129.3    22.5   -25.7  172.3
 31.550  102.050   -36.1    21.2   -10.0    -0.033  208.2  132.5    22.9   -37.8  170.4
 31.550  102.150   -39.6    20.5    -9.8    -0.086  207.2  134.8    22.0   -41.1  171.0
 31.550  102.250   -31.1    17.8    -7.6    -0.150  208.9  133.9    19.0   -32.3  171.4
 31.550  102.350   -27.2    14.1    -5.3    -0.339  208.8  136.7    14.8   -27.9  172.7
 31.550  102.450   -21.6    10.5    -4.1    -0.644  208.0  137.6    11.0   -22.2  172.8
 31.550  102.550   -13.0     6.0    -1.7    -0.702  209.5  140.6     6.2   -13.1  175.1
 31.550  102.650    -8.5     3.4     2.2    -0.522   43.4  -22.9     3.8    -8.9  190.3
 31.550  102.750   -11.8     4.5     4.0    -0.444   46.3  -20.1     5.5   -12.8  193.1
 31.550  102.850   -11.9     6.2     5.7    -0.430   53.4  -21.2     7.9   -13.5  196.1
 31.550  102.950   -14.0     8.1     5.8    -0.501   52.0  -24.3     9.5   -15.5  193.9
 31.550  103.050   -17.2    11.8     5.7    -0.504   50.7  -29.3    12.9   -18.3  190.7
 31.550  103.150   -19.7    14.5     8.3    -0.248   54.0  -28.1    16.4   -21.6  193.0
 31.550  103.250   -21.8    12.6    12.6    -0.010   56.9  -20.7    16.7   -26.0  198.1
 31.550  103.350   -28.9     8.7    16.7    -0.115   53.9  -12.4    15.1   -35.3  200.8
 31.550  103.450   -21.4     5.8    17.3    -0.496   60.5   -8.7    14.2   -29.9  205.9
 31.550  103.550    -4.3     4.0    16.1    -0.633   82.5   -7.0    16.4   -16.7  217.8
 31.550  103.650     4.0     3.1    12.1    -0.594   99.6  172.5    15.7    -8.6   46.1
 31.550  103.750     2.3     2.8     7.2    -0.565   99.4  168.7     9.8    -4.7  224.1
 31.550  103.850     5.2     2.6     4.7    -0.451  123.8  161.2     8.8    -1.0   52.5
 31.550  103.950     4.4     2.2     3.7    -0.271  127.4  158.9     7.2    -0.6   53.2
 31.650   99.050   -13.9    45.0   -17.2     0.291   43.5  106.3    49.7   -18.5  164.9
 31.650   99.150   -11.4    41.1   -17.1     0.187   42.6  104.4    46.1   -16.5  163.5
 31.650   99.250    -5.0    40.6   -16.6     0.093   46.5   97.4    46.0   -10.4  161.9
 31.650   99.350     2.9    41.4   -14.6     0.098   59.7   83.2    46.3    -2.0  161.5
 31.650   99.450     2.5    42.3   -14.6     0.056   59.4   84.4    47.0    -2.3  161.9
 31.650   99.550    -4.1    44.6   -11.2     0.516   57.2   98.2    47.0    -6.6  167.7
 31.650   99.650    -4.6    55.7   -13.3     0.914   58.5   97.6    58.5    -7.4  168.1
 31.650   99.750     3.1    66.6   -27.2     0.967   52.9   86.5    76.7    -7.0  159.7
 31.650   99.850    38.1    63.3   -40.6     1.776   53.6   53.6    93.2     8.2  143.6
 31.650   99.950   -17.2    83.0   -41.9     3.384   40.2   99.9    98.2   -32.4  160.0
 31.650  100.050  -152.7   132.6   -42.2     3.780  214.8  128.7   138.7  -158.8  171.8
 31.650  100.150  -200.8   147.6   -46.5     2.681  213.3  131.8   153.7  -206.9  172.5
 31.650  100.250  -115.6   117.7   -42.7     2.120   35.2  124.7   125.3  -123.1  170.0
 31.650  100.350   -59.1   103.2   -35.5     2.387   40.4  116.0   110.7   -66.5  168.2
 31.650  100.450   -49.8   107.7   -32.2     2.727   43.8  113.9   114.1   -56.1  168.9
 31.650  100.550   -63.4   102.7   -41.4     2.781   37.8  115.6   112.4   -73.2  166.7
 31.650  100.650   -61.2    99.1   -37.9     4.166   38.5  116.2   107.6   -69.7  167.4
 31.650  100.750   -54.4    83.3   -24.8     5.461   40.8  119.4    87.7   -58.7  170.1
 31.650  100.850   -48.4    55.7   -27.4     4.329   32.9  119.3    62.5   -55.1  166.1
 31.650  100.950   -44.5    42.4   -26.6     2.727  208.7  119.8    49.9   -52.0  164.3
 31.650  101.050   -41.0    40.4   -14.1     2.217  215.2  125.7    42.8   -43.4  170.4
 31.650  101.150   -37.7    31.5    -9.1     1.548  215.1  130.1    32.7   -38.9  172.6
 31.650  101.250   -36.0    21.7   -11.8     0.564  207.3  130.6    24.0   -38.4  168.9
 31.650  101.350   -35.1    18.5    -9.0    -0.075  207.1  134.3    19.9   -36.6  170.7
 31.650  101.450   -30.3    10.1   -14.2    -1.011  195.4  129.5    14.6   -34.7  162.4
 31.650  101.550   -20.3    -1.8   -11.1    -1.044  174.9  134.8     3.4   -25.5  154.8
 31.650  101.650   -16.6    -4.9     5.7     0.172   22.2   22.2    -2.6   -18.9  202.2
 31.650  101.750   -24.2     7.1     9.3     0.637   46.3  -15.7     9.7   -26.7  195.3
 31.650  101.850   -28.8    19.6     2.7     0.334   42.7  -36.4    19.7   -29.0  183.2
 31.650  101.950   -31.1    22.3    -6.3    -0.182  213.7  133.0    23.0   -31.8  173.3
 31.650  102.050   -34.8    21.3    -6.1    -0.281  212.0  135.6    21.9   -35.4  173.8
 31.650  102.150   -35.2    20.6    -5.0    -0.451  212.4  137.4    21.0   -35.6  174.9
 31.650  102.250   -26.9    17.8    -4.7    -0.658  213.4  134.9    18.3   -27.4  174.1
 31.650  102.350   -20.7    13.7    -3.0    -0.745  214.4  135.9    14.0   -21.0  175.1
 31.650  102.450   -16.9     9.7    -3.9    -0.943  209.2  134.3    10.3   -17.5  171.8
 31.650  102.550   -13.0     4.5    -3.3    -0.925  201.1  138.0     5.1   -13.6  169.5
 31.650  102.650   -10.3     1.3     1.6    -0.520   28.5  -13.1     1.5   -10.5  187.7
 31.650  102.750   -11.7     3.2     4.3    -0.253   45.2  -15.0     4.3   -12.9  195.1
 31.650  102.850   -10.8     6.2     4.3    -0.217   51.4  -24.5     7.2   -11.8  193.5
 31.650  102.950   -12.8     8.5     4.4    -0.219   50.9  -28.5     9.4   -13.6  191.2
 31.650  103.050   -17.0    12.0     6.1    -0.202   51.9  -29.0    13.3   -18.3  191.5
 31.650  103.150   -19.0    14.6     8.5    -0.224   55.1  -28.2    16.6   -21.0  193.5
 31.650  103.250   -17.7    12.7    11.8    -0.242   60.2  -22.3    16.8   -21.8  199.0
 31.650  103.350   -19.4     8.0    15.4    -0.361   61.2  -12.8    15.0   -26.4  204.2
 31.650  103.450   -15.5     4.6    16.7    -0.608   66.3   -7.5    14.0   -24.9  209.4
 31.650  103.550    -8.1     3.2    15.6    -0.681   75.8   -5.8    14.2   -19.0  215.0
 31.650  103.650    -3.8     2.4    11.8    -0.607   81.0   -5.8    11.5   -12.9  217.6
 31.650  103.750    -2.9     2.2     7.2    -0.554   79.1   -8.6     7.3    -8.0  215.3
 31.650  103.850    -0.0     2.6     5.0    -0.455   89.7  165.3     6.5    -3.9  217.5
 31.650  103.950     0.4     2.4     3.9    -0.324   93.3  162.4     5.4    -2.6  217.9
 31.750   99.050    -0.6    68.7   -45.5     0.858   36.9   90.4    91.2   -23.1  153.6
 31.750   99.150    10.7    44.4   -26.2     0.090   47.6   75.2    58.7    -3.6  151.4
 31.750   99.250     0.0    32.3   -10.9    -0.455   56.0   89.9    35.7    -3.3  162.9
 31.750   99.350    -3.0    35.3    -7.2     0.062   60.9   98.6    36.6    -4.3  169.7
 31.750   99.450    -6.9    49.6   -15.1     0.559   51.9  100.1    53.3   -10.7  166.0
 31.750   99.550   -10.6    58.7   -15.1     1.058   53.0  103.5    61.8   -13.7  168.2
 31.750   99.650   -15.2    60.2   -11.4     1.350   54.0  109.1    61.9   -16.9  171.6
 31.750   99.750   -22.3    70.9   -20.5     1.405   47.3  108.9    75.3   -26.7  168.1
 31.750   99.850   -15.7    90.6   -42.1     2.370   42.6   99.0   105.3   -30.4  160.8
 31.750   99.950   -48.1    96.1   -43.7     4.635   37.6  111.1   108.3   -60.3  164.4
 31.750  100.050  -119.3    88.3   -37.3     4.589  211.1  129.2    94.8  -125.8  170.1
 31.750  100.150  -146.2    86.2   -32.2     1.583  210.1  134.5    90.6  -150.6  172.3
 31.750  100.250  -101.1    95.8   -15.6    -0.002  219.7  131.3    97.0  -102.3  175.5
 31.750  100.350   -70.6    98.8    -8.2     0.686   47.0  127.5    99.2   -71.0  177.2
 31.750  100.450   -68.2    92.5   -15.7     1.653   43.7  125.2    94.0   -69.7  174.5
 31.750  100.550   -88.2    89.8   -29.8     2.052   36.0  125.5    94.7   -93.0  170.8
 31.750  100.650   -85.0    88.7   -32.3     3.280   35.4  124.2    94.5   -90.9  169.8
 31.750  100.750   -49.3    67.4   -30.0     3.981   35.3  117.4    74.7   -56.6  166.4
 31.750  100.850   -13.8    41.4   -26.3     3.023   33.8  102.6    51.9   -24.3  158.2
 31.750  100.950   -10.4    33.8   -14.4     1.796   41.6  105.2    38.1   -14.7  163.4
 31.750  101.050   -22.5    30.6    -4.2     1.218   44.7  126.2    30.9   -22.9  175.5
 31.750  101.150   -24.0    23.4    -4.0     0.651  219.9  130.5    23.8   -24.3  175.2
 31.750  101.250   -22.4    19.1    -6.1     0.093  214.6  129.1    19.9   -23.3  171.9
 31.750  101.350   -20.8    18.9    -6.0    -0.394  215.3  127.9    19.8   -21.7  171.6
 31.750  101.450   -22.4    21.8   -13.9    -1.228  208.6  119.2    25.9   -26.4  163.9
 31.750  101.550   -26.2    28.1   -11.9    -1.170   34.1  122.3    30.6   -28.7  168.2
 31.750  101.650   -27.8    28.8     6.5     0.178   52.0  141.0    29.5   -28.5  186.5
 31.750  101.750   -26.3    23.1    12.5     0.737   56.8  -29.9    26.1   -29.3  193.5
 31.750  101.850   -25.0    18.6     6.4     0.270   49.1  -32.7    19.5   -25.9  188.2
 31.750  101.950   -26.0    17.6    -1.9    -0.457  216.9  138.0    17.6   -26.1  177.4
 31.750  102.050   -29.8    17.9    -0.6    -0.610  217.0  141.5    17.9   -29.8  179.3
 31.750  102.150   -30.2    17.4     0.1    -0.824   37.3  -37.0    17.4   -30.2  180.2
 31.750  102.250   -24.7    16.0    -1.2    -1.050  217.3  139.5    16.1   -24.7  178.4
 31.750  102.350   -20.9    15.4    -1.6    -0.991  218.2  136.8    15.5   -20.9  177.5
 31.750  102.450   -17.7    11.2    -7.0    -1.126  206.3  127.9    12.8   -19.3  167.1
 31.750  102.550   -13.7     2.5    -7.9    -1.127  188.0  127.8     5.7   -16.8  157.9
 31.750  102.650   -11.2    -3.6     2.2    -0.619   14.9   14.9    -3.0   -11.8  194.9
 31.750  102.750   -12.8    -0.7     9.2    -0.255   54.5    2.1     4.3   -17.7  208.3
 31.750  102.850   -12.9     5.8     8.4    -0.206   57.7  -15.9     9.0   -16.1  200.9
 31.750  102.950   -13.3     8.8     5.9    -0.221   53.8  -25.7    10.3   -14.8  194.1
 31.750  103.050   -14.1     8.3     6.9    -0.164   54.4  -22.8    10.2   -16.1  195.8
 31.750  103.150   -14.5     7.4     8.1    -0.208   55.8  -19.1    10.1   -17.2  198.3
 31.750  103.250   -14.3     7.1     9.7    -0.246   58.8  -16.7    10.8   -18.0  201.1
 31.750  103.350   -15.1     6.0    10.9    -0.282   59.3  -13.3    10.7   -19.8  203.0
 31.750  103.450   -13.4     4.7    10.8    -0.378   61.1  -11.0     9.8   -18.5  205.1
 31.750  103.550   -10.6     3.9    10.0    -0.424   64.2  -10.2     9.0   -15.6  207.0
 31.750  103.650    -8.4     3.0     8.0    -0.439   64.3   -9.8     7.1   -12.6  207.3
 31.750  103.750    -6.2     2.4     5.6    -0.463   63.4  -11.0     5.1    -8.9  206.2
 31.750  103.850    -3.4     2.4     4.4    -0.420   70.5  -13.7     4.7    -5.8  208.4
 31.750  103.950    -2.3     2.0     3.6    -0.354   73.3  -14.1     4.0    -4.4  209.6
 31.850   99.050    32.1    65.9   -58.5    -0.380   34.9   71.2   109.8   -11.9  143.0
 31.850   99.150    54.6    45.2   -34.4    -0.760   41.1   41.1    84.6    15.2  131.1
 31.850   99.250     8.0    37.3   -13.9    -0.715   68.3   68.3    42.8     2.5  158.3
 31.850   99.350   -25.4    41.1    -1.5     0.527   50.5  126.9    41.2   -25.5  178.7
 31.850   99.450   -29.2    53.8    -8.9     1.303   47.4  120.6    54.7   -30.2  174.0
 31.850   99.550   -14.2    62.8   -18.7     1.356   49.3  104.8    67.1   -18.5  167.0
 31.850   99.650   -16.1    62.8   -15.2     1.724   51.2  107.7    65.6   -19.0  169.5
 31.850   99.750   -36.1    70.8   -10.6     2.113   48.7  120.1    71.9   -37.2  174.4
 31.850   99.850   -50.7    90.3   -17.8     2.097   45.8  120.0    92.6   -52.9  172.9
 31.850   99.950   -63.5    90.9   -18.1     2.366   43.4  123.4    93.0   -65.6  173.4
 31.850  100.050   -79.4    71.8   -13.4     2.054  218.6  131.4    73.0   -80.6  175.0
 31.850  100.150   -89.8    65.8    -8.8     0.785  217.4  136.2    66.2   -90.3  176.8
 31.850  100.250   -87.4    80.4    -0.4     0.099  223.7  136.1    80.4   -87.4  179.9
 31.850  100.350   -89.6    85.9    -1.2     0.090  224.0  135.2    85.9   -89.6  179.6
 31.850  100.450   -90.6    79.0    -4.5     0.389  221.5  135.4    79.1   -90.7  178.5
 31.850  100.550  -104.1    77.0    -1.2     0.713  220.3  138.9    77.0  -104.1  179.6
 31.850  100.650   -97.3    75.4     0.8     0.698   41.6  -41.1    75.4   -97.3  180.3
 31.850  100.750   -45.5    55.9    -3.1     0.306   46.2  130.3    56.0   -45.6  178.3
 31.850  100.850     8.8    33.8     0.7     0.375   91.7   91.7    33.8     8.8  181.7
 31.850  100.950    10.8    27.5     6.9     0.575  109.8  109.8    30.0     8.3  199.8
 31.850  101.050   -13.2    24.1     4.9     0.332   60.5  134.1    24.7   -13.8  187.3
 31.850  101.150   -18.8    18.8     0.7    -0.016   46.0  136.0    18.8   -18.8  181.0
 31.850  101.250   -17.5    16.9    -0.3    -0.130  223.9  135.0    16.9   -17.5  179.5
 31.850  101.350   -17.9    18.2    -4.7    -0.322   37.9  127.5    18.8   -18.5  172.7
 31.850  101.450   -20.1    24.4   -12.7    -0.707   32.5  117.8    27.8   -23.5  165.1
 31.850  101.550   -24.3    35.1   -10.5    -0.711   40.2  120.3    36.9   -26.1  170.2
 31.850  101.650   -26.2    36.8     5.5    -0.130   54.8  135.2    37.3   -26.6  185.0
 31.850  101.750   -24.3    26.8    13.7     0.054   60.4  147.9    30.2   -27.7  194.1
 31.850  101.850   -23.2    17.8     9.5    -0.258   54.0  -29.1    19.9   -25.3  192.5
 31.850  101.950   -23.5    15.7     2.6    -0.662   43.1  -35.5    15.8   -23.6  183.8
 31.850  102.050   -25.0    16.1     2.6    -0.795   42.5  -35.1    16.3   -25.2  183.7
 31.850  102.150   -25.2    15.8     2.9    -1.042   42.5  -34.4    16.0   -25.4  184.1
 31.850  102.250   -23.3    15.3     2.3    -1.290   42.4  -35.7    15.4   -23.4  183.4
 31.850  102.350   -22.7    15.6     3.3    -1.335   44.6  -34.8    15.9   -23.0  184.9
 31.850  102.450   -20.3    13.3    -3.7    -1.748  212.9  134.7    13.7   -20.7  173.8
 31.850  102.550   -16.1     7.9    -7.2    -1.766  201.0  128.2     9.8   -18.1  164.6
 31.850  102.650   -13.8     3.9     3.2    -0.770   38.8  -19.2     4.4   -14.4  189.8
 31.850  102.750   -14.4     5.2    10.9    -0.008   59.9  -11.9    10.1   -19.3  204.0
 31.850  102.850   -13.9     9.1    10.7     0.015   62.1  -19.2    13.3   -18.1  201.4
 31.850  102.950   -13.8    10.0     6.7    -0.293   55.7  -26.3    11.7   -15.5  194.7
 31.850  103.050   -13.7     7.1     6.8    -0.318   53.8  -20.8     9.1   -15.7  196.5
 31.850  103.150   -13.7     4.6     8.0    -0.249   54.6  -13.5     7.6   -16.6  200.6
 31.850  103.250   -13.8     4.8     8.9    -0.185   56.6  -13.0     8.4   -17.3  201.8
 31.850  103.350   -14.5     5.3     8.3    -0.175   54.7  -14.6     8.4   -17.5  200.1
 31.850  103.450   -13.2     4.7     6.9    -0.210   52.7  -15.2     7.1   -15.5  198.7
 31.850  103.550   -11.2     4.0     5.8    -0.243   52.8  -15.1     6.0   -13.2  198.8
 31.850  103.650    -9.5     2.9     4.6    -0.308   50.8  -14.1     4.5   -11.0  198.3
 31.850  103.750    -7.3     2.2     3.5    -0.360   50.5  -14.2     3.4    -8.5  198.2
 31.850  103.850    -4.9     2.1     3.1    -0.355   57.1  -15.3     3.2    -6.1  200.9
 31.850  103.950    -3.8     1.6     2.7    -0.342   58.9  -14.6     2.7    -4.9  202.2
 31.950   99.050    46.7    32.2   -48.2    -1.642   22.7   58.7    88.1    -9.3  130.7
 31.950   99.150    65.3    41.7   -37.4    -0.546   36.2   36.2    92.7    14.3  126.2
 31.950   99.250     8.8    59.3   -27.5     0.453   54.1   78.4    71.4    -3.3  156.3
 31.950   99.350   -35.8    63.9   -11.7     1.303   46.3  120.4    65.2   -37.1  173.4
 31.950   99.450   -40.9    57.5    -6.6     1.449   46.0  126.4    57.9   -41.3  176.2
 31.950   99.550   -24.1    59.9   -13.0     1.293   48.4  114.4    61.9   -26.1  171.4
 31.950   99.650   -24.8    65.1   -14.2     1.833   48.9  113.6    67.3   -27.0  171.3
 31.950   99.750   -38.5    65.7    -9.2     2.502   47.5  122.5    66.5   -39.3  175.0
 31.950   99.850   -48.4    63.8   -11.7     2.147   43.0  125.3    65.0   -49.6  174.1
 31.950   99.950   -56.6    63.1   -11.9     1.655   40.9  127.8    64.3   -57.8  174.4
 31.950  100.050   -65.0    63.5   -10.2     1.380  220.1  130.8    64.3   -65.8  175.5
 31.950  100.150   -72.4    63.0   -10.9     1.050  218.5  132.4    63.9   -73.2  175.4
 31.950  100.250   -76.2    59.0    -8.4     0.788  217.8  135.1    59.5   -76.7  176.5
 31.950  100.350   -84.0    56.9    -6.0     0.309  217.0  138.1    57.2   -84.2  177.6
 31.950  100.450   -83.4    58.5     0.1    -0.099   40.0  -39.9    58.5   -83.4  180.0
 31.950  100.550   -87.7    55.6    14.1    -0.285   44.2  -33.1    56.9   -89.1  185.6
 31.950  100.650   -80.8    47.6    22.8    -1.150   47.7  -28.1    51.5   -84.7  189.8
 31.950  100.750   -44.4    41.3    19.9    -2.046   56.5  -31.6    45.7   -48.8  192.5
 31.950  100.850    -6.3    37.3    19.1    -1.341   81.8  139.4    44.5   -13.4  200.6
 31.950  100.950    -2.7    29.6    14.9    -0.240   85.2  137.4    35.4    -8.5  201.3
 31.950  101.050   -15.4    20.8     5.8    -0.138   58.0  139.8    21.7   -16.3  188.9
 31.950  101.150   -17.3    16.5     2.2    -0.312   48.0  -40.6    16.7   -17.5  183.7
 31.950  101.250   -17.8    16.7     3.9    -0.293   50.5  -37.7    17.2   -18.3  186.4
 31.950  101.350   -18.6    17.7     1.0    -0.500   45.9  -42.6    17.7   -18.7  181.7
 31.950  101.450   -20.0    22.1    -2.8    -0.790   42.7  129.8    22.3   -20.2  176.2
 31.950  101.550   -22.4    28.7    -2.0    -0.761   46.3  129.2    28.8   -22.5  177.7
 31.950  101.650   -23.4    29.9     4.2    -0.352   52.9  136.0    30.3   -23.8  184.5
 31.950  101.750   -22.0    23.0     7.7    -0.155   55.0  143.8    24.3   -23.3  189.4
 31.950  101.850   -21.3    16.4     6.0    -0.374   50.3  -32.6    17.3   -22.2  188.8
 31.950  101.950   -20.9    14.4     3.5    -0.696   45.5  -34.1    14.7   -21.2  185.7
 31.950  102.050   -20.5    14.2     3.8    -0.857   46.0  -33.7    14.6   -20.9  186.1
 31.950  102.150   -20.2    14.4     3.2    -1.070   45.5  -35.0    14.7   -20.5  185.3
 31.950  102.250   -19.9    14.7     2.4    -1.278   44.7  -36.8    14.9   -20.1  183.9
 31.950  102.350   -18.9    14.4     3.9    -1.365   47.8  -34.8    14.9   -19.3  186.5
 31.950  102.450   -20.3    17.7    -1.7    -1.799  220.5  134.3    17.8   -20.3  177.4
 31.950  102.550   -25.0    25.8    -4.6    -1.828   40.3  129.4    26.2   -25.4  174.8
 31.950  102.650   -25.6    30.7     4.6    -0.891   52.2  137.0    31.1   -25.9  184.6
 31.950  102.750   -18.8    26.1    11.1    -0.170   62.3  144.0    28.7   -21.4  193.2
 31.950  102.850   -13.0    18.2    10.4    -0.098   65.9  147.8    21.4   -16.1  196.8
 31.950  102.950   -11.7    11.6     4.8    -0.422   55.9  -33.7    12.5   -12.7  191.1
 31.950  103.050   -11.9     4.7     4.4    -0.509   47.8  -19.7     5.8   -13.0  194.1
 31.950  103.150   -11.9     0.0     9.2    -0.409   57.3   -0.1     5.1   -16.9  208.6
 31.950  103.250   -14.2     1.2    12.8    -0.296   61.5   -2.7     8.4   -21.4  209.4
 31.950  103.350   -17.3     4.5    10.8    -0.262   55.0  -10.3     9.0   -21.8  202.4
 31.950  103.450   -15.7     4.9     6.7    -0.270   48.4  -15.6     6.9   -17.7  196.4
 31.950  103.550   -11.7     3.6     4.8    -0.265   47.9  -15.7     5.0   -13.1  196.1
 31.950  103.650    -9.4     2.6     3.8    -0.318   46.9  -14.5     3.7   -10.5  196.2
 31.950  103.750    -7.8     2.2     3.1    -0.362   46.9  -14.9     3.1    -8.7  196.0
 31.950  103.850    -5.4     1.7     2.8    -0.361   51.6  -13.6     2.6    -6.4  199.0
 31.950  103.950    -4.5     1.1     2.3    -0.358   51.0  -11.1     1.9    -5.4  199.9
 32.050   99.050    22.4    24.9   -24.5    -2.358   38.8   54.1    48.1    -0.9  136.4
 32.050   99.150    32.6    42.6   -22.7     0.022   51.2   51.2    60.8    14.4  141.2
 32.050   99.250    -0.8    61.9   -25.9     1.554   49.6   90.8    71.2   -10.1  160.2
 32.050   99.350   -25.7    65.7   -24.7     1.630   42.1  109.5    71.9   -32.0  165.8
 32.050   99.450   -32.2    56.8   -16.1     1.452   42.6  117.5    59.7   -35.1  170.0
 32.050   99.550   -29.9    56.9   -10.3     1.572   47.2  119.5    58.1   -31.1  173.3
 32.050   99.650   -33.5    61.2    -9.5     1.743   47.7  121.0    62.1   -34.4  174.3
 32.050   99.750   -38.4    58.7    -6.3     1.994   47.3  125.4    59.1   -38.9  176.3
 32.050   99.850   -41.9    51.7    -9.4     1.699   42.3  126.4    52.7   -42.8  174.3
 32.050   99.950   -48.5    49.9    -8.2     1.530   40.7  129.9    50.5   -49.2  175.3
 32.050  100.050   -58.1    52.0    -5.3     1.277  220.7  133.8    52.3   -58.3  177.3
 32.050  100.150   -64.4    51.4    -6.9     0.556  218.4  134.8    51.8   -64.8  176.6
 32.050  100.250   -65.7    44.6    -4.7     0.068  217.1  138.1    44.8   -65.9  177.6
 32.050  100.350   -71.5    41.5     1.6    -0.055   38.1  -36.5    41.5   -71.5  180.8
 32.050  100.450   -68.9    44.4     6.0    -0.262   41.8  -35.8    44.7   -69.2  183.0
 32.050  100.550   -65.3    42.4    10.0    -0.590   44.2  -33.7    43.4   -66.3  185.3
 32.050  100.650   -59.7    34.9    13.7    -1.109   45.8  -29.6    36.8   -61.6  188.1
 32.050  100.750   -44.3    32.6    12.4    -1.552   49.8  -31.9    34.6   -46.2  188.9
 32.050  100.850   -29.0    33.1    11.7    -1.155   57.1  143.6    35.3   -31.2  190.3
 32.050  100.950   -22.9    25.7     8.3    -0.591   56.0  142.9    27.1   -24.3  189.5
 32.050  101.050   -19.4    16.5     3.7    -0.492   48.6  -36.9    16.9   -19.8  185.8
 32.050  101.150   -15.8    13.8     4.0    -0.432   50.8  -35.5    14.4   -16.4  187.6
 32.050  101.250   -17.8    15.7     5.9    -0.352   53.0  -33.6    16.7   -18.8  189.7
 32.050  101.350   -17.2    16.9     3.6    -0.487   50.6  -38.9    17.3   -17.6  185.9
 32.050  101.450   -18.7    20.3     1.4    -0.646   48.2  135.8    20.3   -18.7  182.0
 32.050  101.550   -22.2    24.9     2.2    -0.669   49.4  136.1    25.0   -22.3  182.7
 32.050  101.650   -23.3    25.8     5.1    -0.626   52.2  139.4    26.3   -23.8  185.8
 32.050  101.750   -20.6    20.5     7.1    -0.619   54.5  -35.4    21.7   -21.8  189.5
 32.050  101.850   -18.7    15.2     6.8    -0.708   53.2  -31.3    16.5   -20.0  190.9
 32.050  101.950   -18.3    13.4     5.6    -0.831   50.6  -31.2    14.4   -19.2  189.7
 32.050  102.050   -18.3    13.1     4.9    -0.918   49.2  -31.7    13.8   -19.0  188.7
 32.050  102.150   -18.2    13.6     3.5    -1.051   47.1  -34.7    13.9   -18.6  186.2
 32.050  102.250   -18.9    14.6     1.8    -1.161   44.3  -38.3    14.7   -19.0  183.0
 32.050  102.350   -18.7    14.9     0.8    -1.125   43.0  -40.4    14.9   -18.7  181.3
 32.050  102.450   -20.6    19.5    -2.5    -1.203  220.6  132.2    19.7   -20.8  176.4
 32.050  102.550   -25.7    29.9    -1.8    -1.225   45.3  131.0    30.0   -25.8  178.2
 32.050  102.650   -26.8    36.3     6.6    -0.996   55.2  136.7    37.0   -27.5  185.9
 32.050  102.750   -20.7    30.8    11.8    -0.856   62.5  142.1    33.4   -23.2  192.3
 32.050  102.850   -16.0    21.3    11.3    -0.770   64.1  147.2    24.5   -19.2  195.7
 32.050  102.950   -14.1    14.2     5.1    -0.895   54.9  144.8    15.1   -15.0  189.9
 32.050  103.050   -12.2     8.3     2.1    -0.857   45.4  -33.9     8.5   -12.4  185.7
 32.050  103.150   -11.6     4.3     6.6    -0.382   54.3  -14.7     6.6   -14.0  199.8
 32.050  103.250   -15.7     4.3    10.8     0.026   57.3  -10.1     9.0   -20.4  203.6
 32.050  103.350   -20.5     6.1     9.1    -0.011   48.9  -14.6     8.9   -23.3  197.1
 32.050  103.450   -18.3     5.7     4.8    -0.248   41.3  -19.6     6.6   -19.2  190.9
 32.050  103.550   -12.3     3.9     3.7    -0.302   43.1  -18.7     4.7   -13.1  192.2
 32.050  103.650    -9.2     2.4     3.2    -0.329   43.9  -15.3     3.2   -10.0  194.3
 32.050  103.750    -8.1     1.8     2.5    -0.362   41.0  -14.1     2.4    -8.7  193.5
 32.050  103.850    -5.9     1.2     2.1    -0.365   42.9  -12.2     1.8    -6.5  195.3
 32.050  103.950    -5.1     0.8     1.9    -0.354   42.1   -9.8     1.3    -5.6  196.2
 32.150   99.050   -11.9    36.2   -15.8    -1.800   40.9  105.9    40.9   -16.6  163.4
 32.150   99.150   -11.4    49.4    -9.6     0.053   54.6  107.9    50.9   -12.8  171.2
 32.150   99.250   -18.2    48.9   -11.7     1.202   48.2  112.6    50.9   -20.1  170.4
 32.150   99.350   -23.0    49.2   -19.1     1.192   40.4  111.7    53.9   -27.7  166.1
 32.150   99.450   -26.5    51.7   -17.1     1.345   41.8  114.6    55.2   -30.1  168.2
 32.150   99.550   -29.5    51.2   -10.9     1.714   45.0  119.9    52.6   -31.0  172.5
 32.150   99.650   -32.7    48.9    -9.7     1.715   43.9  122.8    50.0   -33.9  173.3
 32.150   99.750   -35.5    45.7    -6.8     1.738   43.8  126.7    46.3   -36.1  175.2
 32.150   99.850   -38.5    43.9    -8.8     1.488   40.8  127.1    44.8   -39.4  174.0
 32.150   99.950   -41.4    42.8    -6.5     1.390   41.1  130.2    43.3   -41.9  175.6
 32.150  100.050   -43.0    38.7    -3.2     1.039  221.2  134.2    38.9   -43.1  177.7
 32.150  100.150   -46.5    33.9    -3.7     0.136  217.9  136.9    34.0   -46.7  177.4
 32.150  100.250   -53.9    32.4     0.4    -0.419   38.0  -37.6    32.4   -53.9  180.2
 32.150  100.350   -63.5    31.9     8.5    -0.451   40.6  -30.4    32.7   -64.3  185.1
 32.150  100.450   -62.5    31.8    12.7    -0.547   43.4  -28.3    33.5   -64.2  187.6
 32.150  100.550   -58.2    33.9    11.2    -0.817   44.4  -30.7    35.2   -59.5  186.8
 32.150  100.650   -54.5    33.9     7.4    -1.040   43.1  -33.6    34.5   -55.1  184.8
 32.150  100.750   -45.1    29.5     3.5    -1.202   41.7  -36.3    29.7   -45.2  182.7
 32.150  100.850   -37.2    23.2     4.1    -1.068   42.2  -34.5    23.5   -37.4  183.9
 32.150  100.950   -30.4    15.4     4.1    -0.935   40.6  -30.6    15.8   -30.8  185.0
 32.150  101.050   -22.0     9.0     4.1    -0.840   40.5  -25.7     9.6   -22.6  187.4
 32.150  101.150   -16.8     9.2     8.1    -0.553   53.9  -21.8    11.5   -19.1  196.0
 32.150  101.250   -19.1    13.6     9.5    -0.424   55.9  -25.7    16.2   -21.7  195.1
 32.150  101.350   -18.9    16.0     6.2    -0.532   52.6  -33.0    17.1   -20.0  189.8
 32.150  101.450   -18.9    16.3     3.5    -0.622   48.7  -37.3    16.7   -19.2  185.7
 32.150  101.550   -18.9    16.5     4.1    -0.629   49.7  -36.6    17.0   -19.4  186.6
 32.150  101.650   -18.8    16.4     5.0    -0.734   51.0  -35.3    17.1   -19.5  187.8
 32.150  101.750   -18.7    15.2     5.9    -0.813   51.9  -32.7    16.2   -19.7  189.6
 32.150  101.850   -18.6    13.8     6.2    -0.833   51.5  -30.6    15.0   -19.8  190.5
 32.150  101.950   -18.3    13.0     5.8    -0.864   50.5  -30.4    14.1   -19.4  190.1
 32.150  102.050   -17.4    12.7     5.1    -0.925   50.2  -31.4    13.6   -18.2  189.4
 32.150  102.150   -17.4    13.2     4.1    -1.025   48.7  -33.8    13.7   -17.9  187.4
 32.150  102.250   -19.3    14.8     3.0    -1.114   46.3  -36.4    15.1   -19.5  185.0
 32.150  102.350   -20.7    16.7     2.7    -1.125   46.1  -37.9    16.9   -20.9  184.1
 32.150  102.450   -21.6    19.6     2.5    -1.122   47.1  -40.2    19.7   -21.7  183.5
 32.150  102.550   -22.9    23.3     3.5    -1.076   49.5  139.0    23.6   -23.1  184.3
 32.150  102.650   -23.2    24.8     6.0    -0.972   53.0  141.1    25.6   -23.9  187.1
 32.150  102.750   -20.8    22.9     6.8    -0.933   54.9  142.3    24.0   -21.9  188.6
 32.150  102.850   -18.8    19.9     6.9    -0.862   55.6  144.0    21.1   -20.0  189.8
 32.150  102.950   -18.4    19.3     3.4    -0.948   50.7  139.4    19.6   -18.7  185.0
 32.150  103.050   -18.9    21.1     0.7    -0.891   47.6  134.4    21.1   -18.9  181.0
 32.150  103.150   -18.7    21.7     4.1    -0.367   52.9  138.6    22.1   -19.1  185.8
 32.150  103.250   -18.1    17.3     7.6     0.056   56.1  -32.8    18.9   -19.6  191.7
 32.150  103.350   -18.5    11.1     7.0    -0.034   51.1  -25.9    12.7   -20.1  192.6
 32.150  103.450   -16.2     7.1     4.1    -0.362   43.9  -24.5     7.8   -16.9  189.7
 32.150  103.550   -12.2     4.1     3.5    -0.453   43.1  -19.9     4.8   -12.9  191.6
 32.150  103.650    -9.6     1.4     3.2    -0.441   40.0   -9.6     2.3   -10.5  195.2
 32.150  103.750    -8.5    -0.1     2.9    -0.422   33.2    1.2     0.8    -9.4  197.2
 32.150  103.850    -6.5    -0.0     2.6    -0.400   39.1    0.1     0.9    -7.4  199.6
 32.150  103.950    -5.6     0.5     2.3    -0.380   43.2   -5.6     1.3    -6.4  198.8
 32.250   99.050   -23.3    36.8   -20.7    -0.049   33.1  112.4    43.3   -29.8  162.7
 32.250   99.150   -26.0    47.9   -12.8     0.383   43.5  117.3    50.0   -28.2  170.4
 32.250   99.250   -26.7    43.4    -7.6     0.697   45.6  122.1    44.3   -27.6  173.9
 32.250   99.350   -28.2    42.6    -9.2     0.816   43.4  122.0    43.8   -29.3  172.7
 32.250   99.450   -29.4    46.6    -8.8     1.093   44.8  122.1    47.6   -30.5  173.5
 32.250   99.550   -30.5    45.3    -7.6     1.307   44.8  123.8    46.0   -31.2  174.3
 32.250   99.650   -31.8    41.5    -7.7     1.353   42.8  125.4    42.3   -32.6  174.1
 32.250   99.750   -33.8    37.9    -5.9     1.451   42.0  128.7    38.4   -34.3  175.3
 32.250   99.850   -36.6    36.3    -7.0     1.347  219.4  129.6    37.0   -37.2  174.5
 32.250   99.950   -36.4    34.7    -7.0     1.244  218.8  130.0    35.4   -37.0  174.4
 32.250  100.050   -31.8    30.3    -8.7     0.922  216.5  127.9    31.5   -33.0  172.2
 32.250  100.150   -32.8    26.0   -11.8     0.393  211.0  127.2    28.3   -35.1  169.1
 32.250  100.250   -43.8    26.4    -8.4     0.196  211.3  135.3    27.4   -44.8  173.3
 32.250  100.350   -54.7    26.5    -2.7     0.111  213.0  143.2    26.6   -54.8  178.1
 32.250  100.450   -55.9    25.0     3.2     0.026   36.0  -31.6    25.1   -56.1  182.2
 32.250  100.550   -55.0    26.4     4.8    -0.242   38.2  -31.4    26.7   -55.3  183.4
 32.250  100.650   -53.4    27.4     1.2    -0.778   36.4  -34.8    27.4   -53.4  180.8
 32.250  100.750   -44.0    24.3    -2.5    -1.239  214.5  141.3    24.3   -44.1  177.9
 32.250  100.850   -36.8    19.2    -0.4    -1.278  215.4  143.8    19.2   -36.8  179.6
 32.250  100.950   -30.9    14.1     1.5    -1.241   36.0  -32.2    14.2   -31.0  181.9
 32.250  101.050   -24.2    10.5     4.1    -1.020   40.4  -27.0    11.0   -24.7  186.7
 32.250  101.150   -19.5    10.9    10.3    -0.432   55.2  -21.3    14.1   -22.7  197.0
 32.250  101.250   -20.2    13.7    10.3    -0.251   56.0  -24.7    16.6   -23.1  195.7
 32.250  101.350   -18.7    15.0     6.6    -0.496   52.7  -31.4    16.2   -20.0  190.7
 32.250  101.450   -18.2    14.2     4.1    -0.743   48.7  -34.4    14.8   -18.8  187.2
 32.250  101.550   -18.2    13.0     5.2    -0.724   49.7  -31.4    13.9   -19.0  189.1
 32.250  101.650   -17.9    12.6     4.7    -0.729   48.9  -31.6    13.3   -18.6  188.6
 32.250  101.750   -17.7    12.8     4.3    -0.752   48.4  -32.6    13.4   -18.3  187.9
 32.250  101.850   -17.5    12.8     4.8    -0.785   49.5  -31.9    13.5   -18.2  188.8
 32.250  101.950   -17.4    12.6     5.1    -0.851   49.9  -31.3    13.4   -18.2  189.3
 32.250  102.050   -17.0    12.6     4.8    -0.902   50.0  -32.1    13.4   -17.7  189.0
 32.250  102.150   -17.2    13.4     4.0    -0.938   49.0  -34.2    13.9   -17.7  187.4
 32.250  102.250   -18.9    15.2     3.3    -0.979   47.4  -36.6    15.5   -19.2  185.4
 32.250  102.350   -20.1    17.5     3.4    -1.006   48.2  -37.9    17.8   -20.4  185.1
 32.250  102.450   -21.3    19.7     3.9    -1.019   49.3  -38.5    20.0   -21.7  185.4
 32.250  102.550   -23.3    21.5     4.3    -0.989   49.3  -38.4    21.9   -23.7  185.4
 32.250  102.650   -24.1    21.8     4.6    -0.925   49.3  -37.9    22.3   -24.6  185.7
 32.250  102.750   -22.1    21.2     4.4    -0.877   50.1  -38.6    21.6   -22.6  185.7
 32.250  102.850   -20.6    20.2     4.4    -0.796   50.8  -38.5    20.6   -21.1  186.1
 32.250  102.950   -20.5    21.2     3.2    -0.788   49.8  138.9    21.4   -20.7  184.4
 32.250  103.050   -21.6    24.4     3.1    -0.772   50.6  137.1    24.7   -21.8  183.9
 32.250  103.150   -21.3    25.8     6.4    -0.625   55.2  140.0    26.7   -22.2  187.6
 32.250  103.250   -18.9    20.7     8.7    -0.517   58.0  145.7    22.5   -20.8  191.8
 32.250  103.350   -17.4    13.4     8.0    -0.526   55.4  -28.0    15.3   -19.3  193.7
 32.250  103.450   -15.4     8.8     5.0    -0.635   49.0  -26.4     9.8   -16.4  191.3
 32.250  103.550   -13.1     5.5     3.3    -0.661   43.4  -23.9     6.0   -13.7  189.7
 32.250  103.650   -11.1     2.6     2.9    -0.590   39.0  -16.2     3.2   -11.7  191.4
 32.250  103.750    -9.5     0.8     3.2    -0.485   37.9   -6.4     1.7   -10.4  195.8
 32.250  103.850    -7.5     0.5     3.3    -0.408   43.7   -3.8     1.7    -8.7  200.0
 32.250  103.950    -6.5     0.6     2.9    -0.380   44.4   -5.6     1.6    -7.5  199.4
 32.350   99.050   -25.5    33.6   -13.6     0.389   36.3  119.1    36.6   -28.5  167.7
 32.350   99.150   -25.6    38.5   -13.0     0.559   39.4  118.6    41.1   -28.1  169.0
 32.350   99.250   -28.7    39.7   -11.1     0.767   40.4  121.6    41.5   -30.5  171.0
 32.350   99.350   -31.5    39.5    -9.9     0.926   40.4  124.1    40.9   -32.9  172.2
 32.350   99.450   -32.2    39.0    -8.0     1.099   41.3  126.0    39.9   -33.1  173.6
 32.350   99.550   -31.7    37.2    -7.8     1.150   40.8  126.4    38.1   -32.6  173.6
 32.350   99.650   -32.1    35.4    -7.7     1.175   40.0  127.2    36.3   -33.0  173.6
 32.350   99.750   -33.2    33.3    -6.0     1.250   39.9  129.9    33.8   -33.7  174.9
 32.350   99.850   -35.0    30.3    -6.1     1.153  217.7  131.8    30.8   -35.6  174.7
 32.350   99.950   -34.0    27.4    -6.1     1.026  216.4  132.3    28.1   -34.6  174.4
 32.350  100.050   -29.0    26.2    -9.3     0.780  214.3  127.0    27.7   -30.5  170.7
 32.350  100.150   -28.9    27.9   -13.9     0.535  211.5  122.4    31.2   -32.2  167.0
 32.350  100.250   -37.7    30.7   -12.2     0.520  212.4  128.0    32.8   -39.8  170.2
 32.350  100.350   -46.2    30.9    -8.6     0.346  213.2  134.3    31.8   -47.1  173.7
 32.350  100.450   -46.6    27.3    -2.5     0.169  215.5  140.6    27.4   -46.7  178.0
 32.350  100.550   -44.4    22.3     1.3    -0.133   36.5  -34.2    22.3   -44.4  181.2
 32.350  100.650   -43.0    18.6    -0.2    -0.806  213.2  146.4    18.6   -43.0  179.8
 32.350  100.750   -38.3    18.2    -2.4    -1.370  212.2  142.9    18.3   -38.4  177.6
 32.350  100.850   -34.5    20.1     0.1    -1.390   37.4  -37.3    20.1   -34.5  180.1
 32.350  100.950   -31.4    23.2     1.5    -1.307   42.2  -39.1    23.2   -31.5  181.5
 32.350  101.050   -28.9    24.8     3.9    -1.080   47.0  -38.7    25.1   -29.2  184.2
 32.350  101.150   -25.8    22.2    10.3    -0.511   54.6  -31.4    24.3   -27.9  191.6
 32.350  101.250   -22.1    16.7    10.4    -0.343   55.5  -27.4    19.3   -24.7  194.1
 32.350  101.350   -17.2    13.2     6.6    -0.543   53.3  -29.8    14.6   -18.6  191.8
 32.350  101.450   -16.3    12.9     3.8    -0.751   49.1  -34.3    13.4   -16.8  187.4
 32.350  101.550   -17.3    12.9     4.9    -0.735   50.0  -31.9    13.7   -18.1  189.0
 32.350  101.650   -17.1    12.6     5.2    -0.777   50.5  -31.1    13.4   -18.0  189.7
 32.350  101.750   -17.0    12.0     5.2    -0.825   50.1  -30.5    12.9   -17.9  189.8
 32.350  101.850   -16.6    11.6     5.4    -0.831   50.6  -29.8    12.6   -17.6  190.4
 32.350  101.950   -16.9    12.0     5.3    -0.837   50.5  -30.4    12.9   -17.8  190.1
 32.350  102.050   -17.1    13.3     5.0    -0.855   50.8  -32.5    14.1   -17.9  189.1
 32.350  102.150   -17.5    14.9     4.6    -0.878   50.7  -34.8    15.5   -18.2  187.9
 32.350  102.250   -19.0    16.4     4.2    -0.904   49.5  -36.3    16.8   -19.5  186.6
 32.350  102.350   -20.2    17.5     3.8    -0.917   48.8  -37.3    17.9   -20.6  185.8
 32.350  102.450   -21.2    18.7     4.0    -0.905   49.0  -37.6    19.1   -21.6  185.7
 32.350  102.550   -22.6    20.1     4.5    -0.904   49.3  -37.5    20.6   -23.1  185.9
 32.350  102.650   -23.4    21.0     4.8    -0.939   49.6  -37.4    21.5   -23.9  186.1
 32.350  102.750   -22.5    20.9     5.2    -0.955   50.8  -37.3    21.6   -23.1  186.7
 32.350  102.850   -22.2    20.5     5.8    -0.912   51.5  -36.3    21.3   -23.0  187.6
 32.350  102.950   -21.7    20.7     6.1    -0.866   52.4  -36.4    21.6   -22.6  188.0
 32.350  103.050   -21.2    21.2     6.2    -0.844   53.2  -36.7    22.1   -22.1  188.2
 32.350  103.150   -20.6    20.1     7.1    -0.798   54.2  -35.0    21.3   -21.8  189.6
 32.350  103.250   -19.5    17.3     7.4    -0.770   54.4  -32.5    18.7   -20.9  190.9
 32.350  103.350   -18.9    14.7     7.0    -0.755   53.0  -30.4    16.1   -20.3  191.3
 32.350  103.450   -17.2    11.7     4.7    -0.832   48.8  -30.8    12.5   -17.9  189.0
 32.350  103.550   -15.0     8.3     3.2    -0.850   44.7  -29.3     8.8   -15.5  187.7
 32.350  103.650   -13.2     6.4     3.5    -0.752   45.4  -25.7     7.0   -13.8  189.8
 32.350  103.750   -11.3     4.9     3.9    -0.638   47.6  -21.6     5.8   -12.2  193.0
 32.350  103.850    -9.0     2.6     4.2    -0.528   49.9  -13.8     4.0   -10.4  198.0
 32.350  103.950    -7.8     1.0     3.7    -0.468   46.8   -6.9     2.3    -9.1  199.9
 32.450   99.050   -29.0    31.5   -11.8     0.508   35.4  123.3    33.7   -31.3  169.4
 32.450   99.150   -29.8    33.6   -11.9     0.687   36.3  123.1    35.8   -32.0  169.7
 32.450   99.250   -30.8    35.3   -12.0     0.841   36.8  123.1    37.4   -32.9  170.0
 32.450   99.350   -32.0    35.1   -10.7     0.926   37.4  124.9    36.8   -33.7  171.1
 32.450   99.450   -32.2    33.6    -8.6     1.008   38.3  127.1    34.7   -33.3  172.7
 32.450   99.550   -32.0    31.6    -7.8     1.025  218.0  128.3    32.6   -32.9  173.1
 32.450   99.650   -31.9    30.1    -7.2     1.041  217.7  129.3    30.9   -32.8  173.5
 32.450   99.750   -31.8    28.2    -5.8     1.063  217.8  131.2    28.7   -32.4  174.5
 32.450   99.850   -31.9    25.1    -6.0     0.917  215.7  132.4    25.7   -32.5  174.1
 32.450   99.950   -31.4    22.1    -5.1     0.806  214.8  134.5    22.6   -31.8  174.6
 32.450  100.050   -29.7    21.3    -6.1     0.666  213.7  132.9    22.0   -30.5  173.3
 32.450  100.150   -29.6    23.6    -9.2     0.512  212.4  128.5    25.2   -31.1  170.5
 32.450  100.250   -32.2    26.3    -8.7     0.416  213.9  129.5    27.5   -33.5  171.7
 32.450  100.350   -34.6    26.4    -6.2     0.091  215.5  133.1    27.0   -35.2  174.3
 32.450  100.450   -34.9    22.6    -1.8    -0.266  217.0  139.3    22.7   -35.0  178.2
 32.450  100.550   -34.3    16.8     1.4    -0.537   36.6  -33.4    16.9   -34.3  181.6
 32.450  100.650   -34.2    13.1     0.3    -0.957   32.1  -31.4    13.1   -34.2  180.4
 32.450  100.750   -34.0    14.1    -1.5    -1.289  211.0  145.5    14.1   -34.0  178.2
 32.450  100.850   -34.8    17.6     1.3    -1.164   36.9  -34.0    17.6   -34.8  181.4
 32.450  100.950   -32.7    22.5     2.3    -1.041   42.1  -37.3    22.6   -32.8  182.4
 32.450  101.050   -29.6    25.8     3.2    -1.003   46.3  -39.8    25.9   -29.8  183.3
 32.450  101.150   -26.8    23.3     8.2    -0.794   52.1  -34.1    24.6   -28.1  189.0
 32.450  101.250   -22.9    16.9    10.1    -0.726   54.6  -27.7    19.3   -25.3  193.4
 32.450  101.350   -18.1    12.9     8.1    -0.773   54.5  -26.9    14.9   -20.1  193.8
 32.450  101.450   -16.9    12.3     5.6    -0.812   51.3  -30.4    13.4   -17.9  190.5
 32.450  101.550   -16.9    12.3     5.4    -0.776   50.9  -30.5    13.2   -17.9  190.2
 32.450  101.650   -16.4    12.0     5.1    -0.804   50.7  -30.9    12.9   -17.3  189.9
 32.450  101.750   -16.9    11.5     4.8    -0.827   49.3  -30.4    12.3   -17.7  189.4
 32.450  101.850   -17.0    11.3     4.8    -0.799   48.9  -30.0    12.1   -17.8  189.4
 32.450  101.950   -17.1    12.0     5.2    -0.748   50.0  -30.4    12.9   -18.0  189.8
 32.450  102.050   -16.7    13.5     5.2    -0.750   51.6  -32.6    14.4   -17.6  189.5
 32.450  102.150   -17.0    14.9     5.0    -0.799   51.9  -34.4    15.7   -17.8  188.8
 32.450  102.250   -18.8    16.4     4.9    -0.844   50.9  -35.4    17.1   -19.4  187.7
 32.450  102.350   -20.2    18.0     4.4    -0.879   49.9  -36.9    18.5   -20.7  186.5
 32.450  102.450   -21.1    18.9     4.6    -0.876   49.9  -37.0    19.4   -21.6  186.4
 32.450  102.550   -22.1    19.2     4.9    -0.872   49.7  -36.4    19.7   -22.6  186.7
 32.450  102.650   -22.6    19.5     4.8    -0.904   49.3  -36.5    20.0   -23.2  186.4
 32.450  102.750   -22.0    20.0     4.9    -0.924   50.2  -37.1    20.6   -22.6  186.6
 32.450  102.850   -21.9    20.1     5.7    -0.911   51.4  -36.2    20.9   -22.7  187.6
 32.450  102.950   -21.5    20.1     6.8    -0.886   53.1  -35.0    21.2   -22.6  189.0
 32.450  103.050   -21.3    19.9     6.8    -0.915   53.2  -34.9    20.9   -22.3  189.1
 32.450  103.150   -20.7    18.5     6.9    -0.929   53.2  -33.7    19.6   -21.8  189.7
 32.450  103.250   -19.2    16.5     7.6    -0.928   54.6  -31.4    18.1   -20.8  191.6
 32.450  103.350   -17.9    14.9     8.6    -0.983   56.5  -28.8    17.0   -20.0  193.9
 32.450  103.450   -17.0    12.7     7.1    -1.183   54.0  -28.4    14.3   -18.7  192.8
 32.450  103.550   -16.6    10.1     6.5    -1.204   51.7  -25.6    11.6   -18.1  193.0
 32.450  103.650   -15.7     8.6     7.1    -1.040   52.9  -22.6    10.6   -17.6  195.2
 32.450  103.750   -13.8     6.8     6.0    -0.932   51.5  -21.3     8.4   -15.5  195.1
 32.450  103.850   -12.3     4.0     5.5    -0.768   49.6  -15.7     5.7   -13.9  197.0
 32.450  103.950   -10.8     1.7     4.4    -0.620   44.3   -9.2     3.1   -12.2  197.5
 32.550   99.050   -29.0    28.8   -13.6     0.772  212.3  122.5    31.8   -32.0  167.4
 32.550   99.150   -30.5    30.2   -12.1     0.799  214.0  124.2    32.5   -32.8  169.1
 32.550   99.250   -30.5    30.6   -11.1     0.802   35.1  125.0    32.5   -32.4  170.0
 32.550   99.350   -31.3    30.4    -9.8     0.830  215.8  126.5    32.0   -32.8  171.2
 32.550   99.450   -31.3    29.5    -8.2     0.882  216.6  128.3    30.6   -32.4  172.4
 32.550   99.550   -31.3    27.8    -7.3     0.879  216.4  129.6    28.7   -32.2  173.0
 32.550   99.650   -31.0    25.8    -6.4     0.871  216.1  131.2    26.6   -31.8  173.6
 32.550   99.750   -30.0    23.5    -5.3     0.858  216.0  132.9    24.0   -30.5  174.4
 32.550   99.850   -29.2    21.3    -5.8     0.728  214.2  132.9    22.0   -29.8  173.5
 32.550   99.950   -28.5    19.2    -5.0     0.648  213.5  134.6    19.7   -29.0  174.0
 32.550  100.050   -28.0    16.7    -4.5     0.518  212.2  136.5    17.2   -28.4  174.4
 32.550  100.150   -27.3    15.1    -4.5     0.313  210.8  137.1    15.6   -27.8  173.9
 32.550  100.250   -26.4    14.5    -3.5     0.131  211.9  138.5    14.8   -26.7  175.2
 32.550  100.350   -24.7    14.1    -3.1    -0.167  212.6  138.3    14.3   -24.9  175.5
 32.550  100.450   -25.6    12.3    -2.5    -0.481  211.1  141.3    12.5   -25.7  176.2
 32.550  100.550   -27.4    10.0    -0.6    -0.651  210.2  147.9    10.0   -27.4  179.0
 32.550  100.650   -28.8    10.0    -0.9    -0.889  209.2  148.2    10.0   -28.8  178.7
 32.550  100.750   -30.8    12.4    -1.8    -1.126  210.0  145.2    12.4   -30.9  177.6
 32.550  100.850   -34.2    13.6     2.1    -1.053   34.8  -29.7    13.7   -34.3  182.5
 32.550  100.950   -32.8    13.8     4.7    -1.011   38.9  -27.5    14.2   -33.2  185.7
 32.550  101.050   -29.2    14.9     4.8    -1.027   41.9  -29.6    15.4   -29.8  186.2
 32.550  101.150   -26.8    15.7     6.5    -0.868   46.3  -29.3    16.7   -27.8  188.5
 32.550  101.250   -23.5    15.2     7.2    -0.761   49.3  -29.0    16.5   -24.8  190.2
 32.550  101.350   -19.7    14.2     6.4    -0.778   51.0  -30.2    15.4   -20.9  190.4
 32.550  101.450   -18.3    13.2     5.4    -0.816   50.0  -31.1    14.1   -19.2  189.4
 32.550  101.550   -17.7    12.6     5.2    -0.775   49.9  -30.9    13.5   -18.5  189.5
 32.550  101.650   -16.9    12.6     4.0    -0.756   48.6  -33.4    13.1   -17.4  187.6
 32.550  101.750   -17.2    12.2     3.1    -0.756   46.1  -34.4    12.5   -17.5  185.9
 32.550  101.850   -17.2    11.8     3.9    -0.736   47.3  -32.3    12.3   -17.7  187.5
 32.550  101.950   -17.1    12.6     5.6    -0.694   51.3  -30.5    13.6   -18.2  190.4
 32.550  102.050   -16.5    13.5     5.5    -0.720   52.4  -32.2    14.5   -17.5  190.1
 32.550  102.150   -16.7    13.6     5.1    -0.729   51.5  -33.0    14.4   -17.5  189.2
 32.550  102.250   -18.4    15.8     5.6    -0.704   52.0  -33.9    16.7   -19.3  189.0
 32.550  102.350   -19.7    20.4     5.5    -0.776   53.1  142.2    21.1   -20.4  187.6
 32.550  102.450   -20.6    21.6     4.8    -0.900   52.1  140.7    22.2   -21.1  186.4
 32.550  102.550   -21.6    19.2     4.8    -0.929   50.0  -36.7    19.8   -22.2  186.7
 32.550  102.650   -22.2    18.2     5.1    -0.894   49.3  -35.1    18.8   -22.9  187.1
 32.550  102.750   -21.5    19.4     5.0    -0.891   50.3  -36.7    20.0   -22.1  186.8
 32.550  102.850   -21.5    19.5     5.2    -0.902   50.7  -36.5    20.1   -22.2  187.1
 32.550  102.950   -20.8    18.5     6.2    -0.884   52.2  -34.7    19.5   -21.8  188.8
 32.550  103.050   -19.9    18.1     6.6    -0.925   53.2  -34.2    19.2   -21.0  189.5
 32.550  103.150   -19.0    17.7     6.6    -1.006   53.9  -34.1    18.8   -20.2  189.9
 32.550  103.250   -17.5    16.1     7.4    -1.047   55.7  -32.0    17.6   -19.0  191.8
 32.550  103.350   -15.2    13.4     8.1    -1.097   58.3  -28.6    15.6   -17.4  194.8
 32.550  103.450   -15.8    12.1     6.7    -1.259   54.3  -28.7    13.6   -17.3  192.8
 32.550  103.550   -18.5    12.1     6.4    -1.269   50.9  -28.1    13.4   -19.8  191.4
 32.550  103.650   -19.2    11.0     7.0    -1.152   50.4  -25.5    12.6   -20.7  192.4
 32.550  103.750   -17.3     8.2     5.7    -1.101   47.5  -23.3     9.4   -18.6  192.1
 32.550  103.850   -16.6     5.7     5.8    -0.944   45.8  -18.4     7.1   -18.1  193.7
 32.550  103.950   -15.1     3.3     5.0    -0.810   42.0  -13.5     4.5   -16.4  194.2
 32.650   99.050   -28.1    26.2   -11.9     0.775  212.2  124.1    28.6   -30.6  168.2
 32.650   99.150   -29.4    26.7   -11.2     0.767  212.8  125.4    28.8   -31.6  169.1
 32.650   99.250   -29.5    26.6   -10.2     0.766  213.6  126.4    28.4   -31.3  170.0
 32.650   99.350   -30.4    26.4    -9.3     0.759  214.0  127.8    27.9   -31.8  170.9
 32.650   99.450   -30.1    25.4    -7.9     0.770  214.7  129.4    26.5   -31.2  172.1
 32.650   99.550   -29.7    23.9    -6.9     0.733  214.7  130.8    24.7   -30.6  172.7
 32.650   99.650   -29.1    21.9    -5.8     0.685  214.6  132.5    22.6   -29.8  173.6
 32.650   99.750   -27.8    19.6    -4.4     0.643  214.9  134.6    20.0   -28.2  174.7
 32.650   99.850   -26.8    17.7    -4.3     0.520  213.8  135.3    18.1   -27.2  174.5
 32.650   99.950   -25.4    15.9    -3.6     0.413  213.5  136.6    16.2   -25.7  175.0
 32.650  100.050   -23.5    13.4    -3.1     0.252  212.4  138.2    13.6   -23.8  175.3
 32.650  100.150   -22.0    11.0    -2.2     0.062  211.5  140.9    11.1   -22.2  176.2
 32.650  100.250   -21.1     9.5    -0.6    -0.098  212.7  145.0     9.5   -21.2  178.8
 32.650  100.350   -18.8     8.8    -0.6    -0.354  213.0  144.3     8.8   -18.8  178.7
 32.650  100.450   -20.2     7.9    -1.6    -0.658  209.0  144.7     8.0   -20.3  176.9
 32.650  100.550   -23.4     6.7     0.3    -0.769   28.7  -27.8     6.7   -23.4  180.5
 32.650  100.650   -25.5     6.8     1.3    -0.893   29.7  -25.0     6.8   -25.5  182.3
 32.650  100.750   -27.8     8.5     0.3    -1.095   29.5  -28.4     8.5   -27.8  180.5
 32.650  100.850   -31.2     9.9     2.6    -1.066   33.2  -25.8    10.0   -31.4  183.7
 32.650  100.950   -31.2    10.9     4.8    -0.999   37.4  -24.5    11.4   -31.7  186.5
 32.650  101.050   -30.6    12.6     5.4    -0.946   40.0  -26.1    13.2   -31.3  187.0
 32.650  101.150   -29.3    14.0     6.2    -0.786   43.0  -27.1    14.8   -30.2  188.0
 32.650  101.250   -24.2    14.4     6.2    -0.706   46.9  -29.2    15.4   -25.2  188.8
 32.650  101.350   -19.0    14.2     5.5    -0.778   50.2  -31.9    15.1   -19.9  189.1
 32.650  101.450   -17.9    13.4     5.2    -0.872   50.2  -31.9    14.2   -18.7  189.1
 32.650  101.550   -18.7    12.6     6.2    -0.849   50.7  -28.9    13.8   -19.9  190.9
 32.650  101.650   -18.2    12.5     6.1    -0.874   50.8  -29.1    13.6   -19.4  190.9
 32.650  101.750   -17.9    12.4     5.0    -0.913   49.3  -30.8    13.2   -18.7  189.2
 32.650  101.850   -17.4    12.4     5.3    -0.800   50.2  -30.7    13.3   -18.3  189.8
 32.650  101.950   -17.2    13.0     5.9    -0.632   52.0  -30.5    14.1   -18.4  190.7
 32.650  102.050   -17.5    13.3     4.1    -0.657   48.8  -33.8    13.9   -18.0  187.5
 32.650  102.150   -17.3    13.1     3.8    -0.617   48.2  -34.2    13.6   -17.7  187.0
 32.650  102.250   -16.4    14.8     6.7    -0.511   55.2  -32.0    16.1   -17.8  191.6
 32.650  102.350   -14.1    18.2     8.9    -0.718   62.6  146.3    20.5   -16.4  194.4
 32.650  102.450   -16.8    19.4     8.0    -1.168   58.8  145.1    21.1   -18.5  191.9
 32.650  102.550   -23.5    18.0     7.5    -1.260   51.4  -31.4    19.3   -24.8  190.0
 32.650  102.650   -26.0    17.1     7.5    -1.001   49.0  -29.8    18.3   -27.2  189.6
 32.650  102.750   -22.5    17.6     5.6    -0.874   49.5  -33.8    18.4   -23.2  187.9
 32.650  102.850   -20.8    17.6     4.6    -0.910   49.4  -36.0    18.2   -21.4  186.7
 32.650  102.950   -19.6    16.7     5.4    -0.917   51.1  -34.6    17.5   -20.4  188.3
 32.650  103.050   -18.5    16.0     6.4    -0.923   53.3  -32.9    17.2   -19.6  190.2
 32.650  103.150   -17.4    15.7     6.2    -1.029   53.8  -33.4    16.8   -18.5  190.2
 32.650  103.250   -16.5    14.6     6.1    -1.102   54.0  -32.7    15.8   -17.7  190.6
 32.650  103.350   -14.7    12.6     5.8    -1.113   54.5  -31.4    13.7   -15.9  191.5
 32.650  103.450   -15.6    11.7     4.8    -1.141   50.9  -31.5    12.5   -16.4  189.7
 32.650  103.550   -18.2    12.3     4.8    -1.161   48.5  -30.8    13.0   -19.0  188.8
 32.650  103.650   -19.3    11.3     5.3    -1.211   47.4  -28.3    12.2   -20.2  189.5
 32.650  103.750   -18.7     8.6     5.1    -1.260   45.1  -24.6     9.5   -19.7  190.3
 32.650  103.850   -19.0     6.4     6.7    -1.144   45.9  -18.1     8.0   -20.6  193.9
 32.650  103.950   -18.4     3.8     6.2    -1.082   42.2  -12.9     5.4   -20.0  194.6
 32.750   99.050   -27.0    23.1   -11.0     0.781  211.1  125.2    25.4   -29.3  168.1
 32.750   99.150   -27.9    23.3   -10.6     0.736  211.4  126.1    25.4   -30.0  168.8
 32.750   99.250   -27.9    23.1    -9.5     0.716  212.3  127.3    24.9   -29.6  169.8
 32.750   99.350   -28.6    22.6    -8.7     0.675  212.5  128.9    24.0   -30.0  170.7
 32.750   99.450   -28.2    21.5    -7.4     0.650  213.1  130.4    22.6   -29.2  171.7
 32.750   99.550   -27.4    20.1    -6.4     0.595  213.1  131.7    20.9   -28.3  172.4
 32.750   99.650   -26.6    18.5    -5.5     0.533  213.1  133.2    19.1   -27.3  173.1
 32.750   99.750   -24.9    16.5    -4.2     0.480  213.6  135.0    17.0   -25.4  174.3
 32.750   99.850   -23.8    14.6    -3.7     0.364  212.8  136.4    14.9   -24.1  174.6
 32.750   99.950   -22.0    12.8    -3.0     0.245  212.6  137.6    13.1   -22.2  175.1
 32.750  100.050   -19.8    11.0    -2.7     0.098  211.9  138.1    11.3   -20.0  175.0
 32.750  100.150   -18.0     9.7    -2.2    -0.037  212.0  139.2     9.9   -18.1  175.6
 32.750  100.250   -16.5     8.3    -1.1    -0.157  212.9  142.1     8.4   -16.6  177.5
 32.750  100.350   -13.6     7.1    -1.5    -0.349  211.9  140.0     7.2   -13.8  175.9
 32.750  100.450   -14.7     7.0    -2.8    -0.630  207.7  137.8     7.3   -15.0  172.8
 32.750  100.550   -16.0     6.2     0.0    -0.864   32.1  -31.9     6.2   -16.0  180.1
 32.750  100.650   -18.5     2.4     5.1    -1.217   36.0  -10.2     3.6   -19.6  192.9
 32.750  100.750   -26.0    -1.4     7.5    -1.464   24.9    6.4     0.7   -28.1  195.7
 32.750  100.850   -34.8     1.3     8.5    -1.160   29.1   -4.0     3.2   -36.6  192.6
 32.750  100.950   -34.8     9.5     6.4    -0.779   36.5  -20.3    10.4   -35.7  188.1
 32.750  101.050   -32.0    15.2     3.8    -0.715   39.3  -30.1    15.5   -32.3  184.6
 32.750  101.150   -30.0    15.3     4.2    -0.709   40.9  -30.4    15.7   -30.4  185.3
 32.750  101.250   -24.3    13.4     5.4    -0.690   44.9  -28.9    14.1   -25.0  188.0
 32.750  101.350   -18.5    13.2     4.3    -0.730   47.9  -32.8    13.8   -19.1  187.6
 32.750  101.450   -16.7    13.3     3.2    -0.793   47.8  -35.8    13.6   -17.0  186.0
 32.750  101.550   -15.1    12.5     5.2    -0.846   52.8  -32.0    13.4   -16.1  190.4
 32.750  101.650   -14.7    11.5     8.7    -1.030   58.8  -25.2    14.1   -17.4  196.8
 32.750  101.750   -19.4    12.1     9.7    -1.149   55.2  -23.4    14.8   -22.2  195.9
 32.750  101.850   -24.5    13.5     7.8    -0.904   48.4  -26.1    15.1   -26.1  191.2
 32.750  101.950   -23.2    13.5     4.5    -0.556   44.4  -30.7    14.0   -23.7  186.9
 32.750  102.050   -19.1    12.7     1.4    -0.505   41.6  -36.7    12.7   -19.2  182.5
 32.750  102.150   -16.6    13.2     2.2    -0.492   46.0  -37.7    13.4   -16.7  184.2
 32.750  102.250   -13.1    12.7     5.7    -0.417   56.4  -32.8    13.9   -14.3  191.8
 32.750  102.350    -5.7     9.9     6.8    -0.563   71.5  149.7    12.5    -8.2  200.6
 32.750  102.450   -11.1    11.1     5.3    -0.892   57.8  -32.2    12.3   -12.3  192.8
 32.750  102.550   -26.2    16.4     4.5    -1.002   44.5  -32.5    16.9   -26.6  186.0
 32.750  102.650   -31.6    17.7     4.6    -0.886   42.3  -31.7    18.1   -32.0  185.3
 32.750  102.750   -24.1    15.0     4.0    -0.823   44.1  -32.6    15.4   -24.5  185.8
 32.750  102.850   -20.5    14.2     3.4    -0.855   45.5  -34.3    14.5   -20.8  185.6
 32.750  102.950   -18.3    14.5     3.9    -0.868   48.5  -35.0    15.0   -18.8  186.7
 32.750  103.050   -16.3    13.5     4.9    -0.896   51.6  -33.3    14.3   -17.1  189.1
 32.750  103.150   -14.8    12.4     5.2    -1.015   53.2  -32.1    13.4   -15.7  190.5
 32.750  103.250   -15.3    12.2     5.5    -1.126   53.0  -31.1    13.3   -16.3  191.0
 32.750  103.350   -14.5    12.1     5.9    -1.194   54.7  -30.6    13.4   -15.8  192.0
 32.750  103.450   -15.4    11.5     6.2    -1.247   53.6  -28.8    12.9   -16.8  192.4
 32.750  103.550   -17.3    10.5     6.3    -1.282   50.7  -26.4    11.8   -18.6  192.2
 32.750  103.650   -18.4     9.2     5.5    -1.334   46.7  -25.1    10.2   -19.4  190.8
 32.750  103.750   -18.8     8.0     4.8    -1.370   43.8  -23.9     8.8   -19.6  189.9
 32.750  103.850   -19.2     6.7     6.8    -1.293   46.2  -18.4     8.4   -20.9  193.9
 32.750  103.950   -20.2     3.8     6.7    -1.324   41.2  -12.2     5.5   -22.0  194.5
 32.850   99.050   -25.9    20.8    -9.6     0.707  211.0  126.7    22.7   -27.7  168.9
 32.850   99.150   -26.4    20.6    -9.3     0.652  211.0  127.5    22.4   -28.2  169.2
 32.850   99.250   -26.3    20.2    -8.4     0.622  211.6  128.6    21.7   -27.7  170.1
 32.850   99.350   -26.7    19.5    -7.8     0.566  211.5  129.9    20.8   -28.0  170.7
 32.850   99.450   -26.1    18.4    -6.7     0.524  211.9  131.3    19.4   -27.1  171.6
 32.850   99.550   -25.2    17.1    -5.9     0.464  211.9  132.6    17.9   -26.0  172.2
 32.850   99.650   -24.2    15.6    -5.0     0.396  211.9  133.9    16.3   -24.8  172.9
 32.850   99.750   -22.2    13.9    -4.0     0.332  212.3  135.3    14.4   -22.7  173.8
 32.850   99.850   -20.8    12.2    -3.4     0.231  211.8  136.5    12.6   -21.1  174.2
 32.850   99.950   -18.8    10.7    -2.8     0.123  211.8  137.5    11.0   -19.1  174.6
 32.850  100.050   -16.5     9.4    -2.4    -0.002  211.9  137.5     9.6   -16.7  174.7
 32.850  100.150   -14.6     8.5    -1.9    -0.129  212.8  137.7     8.7   -14.8  175.3
 32.850  100.250   -13.4     7.4    -1.5    -0.240  212.5  139.3     7.5   -13.5  175.9
 32.850  100.350   -12.3     6.3    -2.5    -0.332  208.4  136.6     6.6   -12.6  172.5
 32.850  100.450   -10.2     6.5    -4.5    -0.501  205.4  126.5     7.6   -11.3  165.9
 32.850  100.550    -1.4     6.3    -3.3    -0.823   39.4  100.4     7.5    -2.6  159.9
 32.850  100.650    -2.6     3.5     1.3    -1.347   60.0  143.0     3.7    -2.9  191.5
 32.850  100.750   -24.9     1.3     6.8    -1.492   32.1   -4.8     2.9   -26.6  193.6
 32.850  100.850   -48.6     4.5    11.0    -0.846   31.2   -8.7     6.7   -50.8  191.3
 32.850  100.950   -47.1    11.1     8.2    -0.279   34.6  -18.9    12.3   -48.2  187.9
 32.850  101.050   -33.6    15.4     0.9    -0.379   35.2  -33.1    15.5   -33.6  181.1
 32.850  101.150   -28.1    15.4    -1.3    -0.531  214.8  141.7    15.5   -28.2  178.3
 32.850  101.250   -24.2    13.5     0.8    -0.480   38.0  -35.6    13.5   -24.2  181.2
 32.850  101.350   -19.3    13.0     0.4    -0.493   40.1  -38.7    13.0   -19.3  180.7
 32.850  101.450   -15.7    13.3    -0.7    -0.566  221.1  136.0    13.3   -15.7  178.5
 32.850  101.550    -8.6    12.8    -0.1    -0.637   50.4  129.1    12.8    -8.6  179.8
 32.850  101.650    -7.6    11.9     2.8    -0.709   59.0  136.8    12.3    -8.0  187.9
 32.850  101.750   -20.7    12.7     4.4    -0.729   45.6  -30.9    13.2   -21.3  187.3
 32.850  101.850   -34.8    14.1     3.3    -0.578   36.5  -28.8    14.4   -35.0  183.9
 32.850  101.950   -31.9    13.7     0.4    -0.416   33.7  -32.7    13.7   -31.9  180.5
 32.850  102.050   -20.2    12.4    -1.2    -0.348  216.1  139.8    12.5   -20.2  177.9
 32.850  102.150   -15.0    12.7    -0.6    -0.313  221.5  136.2    12.7   -15.0  178.8
 32.850  102.250   -13.2    11.4    -0.4    -0.263  222.2  136.2    11.4   -13.2  179.2
 32.850  102.350    -6.5     7.5    -3.1    -0.179   34.9  121.2     8.2    -7.2  168.0
 32.850  102.450   -11.0     8.1    -4.5    -0.007  208.3  126.3     9.1   -12.0  167.3
 32.850  102.550   -23.6    13.2    -5.0    -0.107  209.5  135.3    13.9   -24.3  172.4
 32.850  102.650   -28.1    14.7    -4.6    -0.483  210.0  137.9    15.2   -28.6  173.9
 32.850  102.750   -21.9    12.2    -1.2    -0.668  214.7  141.2    12.2   -21.9  178.0
 32.850  102.850   -19.0    11.5     1.2    -0.711   40.2  -35.7    11.6   -19.0  182.3
 32.850  102.950   -16.6    11.9     2.3    -0.764   44.8  -35.7    12.1   -16.8  184.6
 32.850  103.050   -13.8    10.9     2.6    -0.872   47.6  -35.7    11.2   -14.1  185.9
 32.850  103.150   -12.0     9.9     3.5    -0.943   51.2  -33.7    10.5   -12.5  188.8
 32.850  103.250   -12.5    10.1     4.3    -1.033   52.4  -31.8    10.9   -13.3  190.3
 32.850  103.350   -11.3    10.5     5.4    -1.157   57.2  -31.0    11.7   -12.5  193.1
 32.850  103.450   -13.1    10.2     6.1    -1.302   55.8  -27.9    11.7   -14.6  193.9
 32.850  103.550   -17.1     9.2     6.4    -1.384   50.1  -24.2    10.6   -18.6  192.9
 32.850  103.650   -18.9     7.9     5.7    -1.420   45.4  -22.5     9.1   -20.1  191.5
 32.850  103.750   -17.9     7.1     5.4    -1.461   45.1  -21.6     8.3   -19.0  191.8
 32.850  103.850   -16.3     5.8     8.0    -1.492   51.6  -15.6     8.4   -19.0  198.0
 32.850  103.950   -19.2     3.4     8.5    -1.657   46.4   -9.5     6.2   -22.0  198.5
 32.950   99.050   -24.4    19.1    -8.9     0.649  210.6  127.1    20.9   -26.2  168.9
 32.950   99.150   -24.6    18.6    -8.6     0.584  210.4  127.9    20.2   -26.3  169.1
 32.950   99.250   -24.4    17.9    -7.8     0.541  210.7  129.0    19.3   -25.8  169.9
 32.950   99.350   -24.6    17.1    -7.2     0.476  210.5  130.3    18.3   -25.8  170.4
 32.950   99.450   -23.8    16.0    -6.4     0.419  210.7  131.4    17.0   -24.8  171.0
 32.950   99.550   -22.8    14.7    -5.6     0.357  210.6  132.6    15.5   -23.6  171.6
 32.950   99.650   -21.7    13.4    -4.9     0.287  210.6  133.9    14.0   -22.3  172.3
 32.950   99.750   -19.7    11.9    -4.0     0.218  210.9  134.7    12.4   -20.2  172.8
 32.950   99.850   -18.1    10.6    -3.5     0.139  210.8  135.6    11.0   -18.5  173.2
 32.950   99.950   -16.2     9.5    -3.0     0.054  211.0  135.7     9.8   -16.6  173.3
 32.950  100.050   -13.9     8.8    -2.7    -0.026  211.9  134.6     9.1   -14.2  173.2
 32.950  100.150   -12.1     8.8    -2.7    -0.118  213.3  132.2     9.2   -12.5  172.7
 32.950  100.250   -11.6     8.2    -3.3    -0.219  211.2  130.5     8.8   -12.1  170.8
 32.950  100.350   -11.9     7.6    -3.7    -0.282  208.7  130.6     8.3   -12.6  169.7
 32.950  100.450    -8.4     7.3    -5.8    -0.412  205.3  118.5     9.2   -10.3  161.9
 32.950  100.550     5.1     7.3    -8.9    -0.539   25.2   71.7    15.2    -2.8  138.5
 32.950  100.650     4.5    10.7   -11.1    -0.524   28.3   77.2    19.1    -4.0  142.8
 32.950  100.750   -24.5    19.7    -8.5    -0.313  211.5  127.4    21.2   -26.1  169.5
 32.950  100.850   -54.9    23.8    -0.8    -0.028  212.8  146.1    23.8   -54.9  179.4
 32.950  100.950   -52.8    18.8     3.5    -0.012   33.7  -28.1    18.9   -53.0  182.8
 32.950  101.050   -34.9    15.3     0.2    -0.281   33.7  -33.3    15.3   -34.9  180.2
 32.950  101.150   -27.9    16.0    -3.5    -0.430  212.8  138.2    16.3   -28.2  175.5
 32.950  101.250   -24.1    15.5    -3.4    -0.370  213.9  136.4    15.7   -24.4  175.1
 32.950  101.350   -18.5    12.9    -2.5    -0.370  215.4  135.5    13.1   -18.7  175.4
 32.950  101.450   -15.3    12.9    -2.6    -0.425  217.3  132.2    13.1   -15.6  174.8
 32.950  101.550    -9.5    13.8    -4.4    -0.406   39.5  119.6    14.6   -10.3  169.5
 32.950  101.650    -8.9    14.3    -6.2    -0.187   36.8  115.0    15.8   -10.4  165.9
 32.950  101.750   -21.3    14.9    -6.7    -0.022  210.1  129.8    16.0   -22.5  169.9
 32.950  101.850   -34.8    14.9    -4.9    -0.107  207.9  141.0    15.4   -35.3  174.5
 32.950  101.950   -32.2    13.9    -3.0    -0.312  209.7  143.0    14.0   -32.4  176.3
 32.950  102.050   -21.2    12.9    -1.8    -0.343  214.9  138.9    13.0   -21.3  176.9
 32.950  102.150   -16.6    11.8    -2.0    -0.269  216.1  135.7    12.0   -16.8  175.9
 32.950  102.250   -16.1    10.4    -3.5    -0.220  211.6  133.5    10.9   -16.6  172.5
 32.950  102.350   -12.9     9.6    -5.6    -0.143  208.0  125.6    10.9   -14.2  166.8
 32.950  102.450   -13.7     8.5    -4.8     0.079  207.0  129.5     9.5   -14.7  168.2
 32.950  102.550   -17.2     6.6    -4.9    -0.014  201.7  136.0     7.6   -18.2  168.8
 32.950  102.650   -18.2     6.8    -5.7    -0.424  200.5  135.1     8.0   -19.4  167.8
 32.950  102.750   -16.3     8.3    -2.8    -0.606  209.5  137.9     8.7   -16.6  173.7
 32.950  102.850   -15.7     8.6    -0.1    -0.645  216.4  143.3     8.6   -15.7  179.9
 32.950  102.950   -14.1     7.9     1.0    -0.717   39.5  -34.2     7.9   -14.1  182.6
 32.950  103.050   -11.4     7.4     1.0    -0.834   42.0  -35.9     7.5   -11.4  183.1
 32.950  103.150    -9.8     7.3     2.0    -0.868   47.4  -34.4     7.5   -10.0  186.5
 32.950  103.250    -9.9     7.4     2.5    -0.919   49.1  -32.9     7.8   -10.3  188.1
 32.950  103.350    -8.3     7.0     2.4    -1.000   51.4  -34.2     7.4    -8.6  188.6
 32.950  103.450   -10.2     6.8     2.2    -1.090   46.7  -32.3     7.1   -10.5  187.2
 32.950  103.550   -14.8     7.1     2.6    -1.222   41.7  -28.3     7.4   -15.1  186.7
 32.950  103.650   -16.7     6.1     3.9    -1.392   41.2  -22.5     6.7   -17.4  189.3
 32.950  103.750   -15.3     5.7     5.6    -1.494   47.2  -19.1     7.1   -16.7  194.1
 32.950  103.850   -12.3     3.4     6.3    -1.563   51.3  -12.5     5.6   -14.5  199.4
 32.950  103.950   -17.3     1.8     6.6    -1.596   41.4   -6.8     3.9   -19.4  197.3
