6.45039888958747e-15	0.270398738495047
6.44652582311811e-15	0.363494238339193
6.44265275664874e-15	0.483135660225532
6.43877969017937e-15	0.629320853899724
6.43490662371000e-15	0.802046211595940
6.43103355724063e-15	1.00130608776440
6.42716049077126e-15	1.22709204869225
6.42328742430189e-15	1.47939195272605
6.41941435783253e-15	1.75818886221094
6.41554129136316e-15	2.06345978881140
6.41166822489379e-15	2.39517427460346
6.40779515842442e-15	2.75329281224794
6.40392209195505e-15	3.13776510869731
6.40004902548568e-15	3.54852819826380
6.39617595901631e-15	3.98550441251031
6.39230289254695e-15	4.44859921631957
6.38842982607758e-15	4.93769892166297
6.38292235496395e-15	5.38287640825268
6.37738985944060e-15	5.79283962163773
6.37185736391725e-15	6.16828646332755
6.36632486839389e-15	6.50930888875707
6.36079237287054e-15	6.81600162456484
6.35525987734719e-15	7.08845868168870
6.34972738182383e-15	7.32677027037833
6.34419488630048e-15	7.53102010759666
6.33866239077713e-15	7.70128310653000
6.33312989525377e-15	7.83762343790848
6.32759739973042e-15	7.94009295340958
6.32206490420707e-15	8.00872996252644
6.31653240868371e-15	8.04355835573456
6.31099991316036e-15	8.04458706859595
6.30546741763701e-15	8.01180988339500
6.29993492211365e-15	7.94520556704889
6.29632685093457e-15	7.85361594200443
6.29821577831519e-15	7.78176850097756
6.30010470569582e-15	7.72094710495150
6.30199363307644e-15	7.67116687646720
6.30388256045707e-15	7.63244103374765
6.30577148783769e-15	7.60478098946163
6.30766041521832e-15	7.58819643820527
6.30954934259894e-15	7.58269543250593
6.31143826997957e-15	7.58828444719841
6.31332719736019e-15	7.60496843204373
6.31521612474082e-15	7.63275085248165
6.31710505212144e-15	7.67163371844714
6.31899397950207e-15	7.72161760119325
6.32088290688269e-15	7.78270163808320
6.32277183426332e-15	7.85488352535472
6.32466076164394e-15	7.93815949885711
6.32654968902457e-15	8.03252430280924
6.32843861640519e-15	8.13797114662332
6.33032754378582e-15	8.25449164989680
6.33221647116644e-15	8.38207577565872
6.33410539854707e-15	8.52071175202262
6.33599432592769e-15	8.67038598239954
6.33788325330832e-15	8.83108294446229
6.33977218068894e-15	9.00278507809599
6.34166110806957e-15	9.18547266257816
6.34355003545019e-15	9.37912368329707
6.34543896283082e-15	9.58371368834240
6.34732789021144e-15	9.79921563534295
6.34921681759207e-15	10.0255997289760
6.35110574497269e-15	10.2628332496281
6.34792310480482e-15	10.4863124353353
6.34215522248580e-15	10.6721508480240
6.33638734016678e-15	10.8256475522845
6.33061945784776e-15	10.9468686848781
6.32485157552874e-15	11.0358654372347
6.31908369320972e-15	11.0926731611557
6.31331581089070e-15	11.1173107644354
6.30754792857168e-15	11.1097803918803
6.30178004625266e-15	11.0700673893135
6.29601216393364e-15	10.9981405502781
6.29024428161463e-15	10.8939526473257
6.28447639929561e-15	10.7574412518786
6.27870851697659e-15	10.5885298486462
6.27294063465757e-15	10.3871292524293
6.26717275233855e-15	10.1531393367149
6.25959771805807e-15	9.88692650967496
6.24692484776553e-15	9.59302675641959
6.23425197747299e-15	9.27221503771145
6.22157910718045e-15	8.92439940355647
6.20890623688791e-15	8.54949119848783
6.19623336659538e-15	8.14740751852466
6.18356049630284e-15	7.71807388019312
6.17088762601030e-15	7.26142710244747
6.15821475571776e-15	6.77741839993212
6.14554188542522e-15	6.26601668311631
6.13286901513268e-15	5.72721205733834
6.12019614484014e-15	5.16101950870718
6.10752327454761e-15	4.56748276011872
6.09485040425507e-15	3.94667827535789
6.08217753396253e-15	3.29871938341379
6.06950466366999e-15	2.62376048879292
6.05683179337745e-15	1.92200132687326
6.04415892308491e-15	1.19369121633205
6.03148605279237e-15	0.439133253574290
6.01881318249984e-15	-0.341311612891021
6.00614031220730e-15	-1.14722069678382
5.99346744191476e-15	-1.97810595167219
5.98079457162222e-15	-2.83341069137001
5.96812170132968e-15	-3.71250673615507
5.95544883103714e-15	-4.61469206967885
5.94414741533006e-15	-5.49853734872197
5.93374741597117e-15	-6.32050691691993
5.92334741661228e-15	-7.09343485326163
5.91294741725338e-15	-7.81767059465380
5.90254741789449e-15	-8.49363390002433
5.89214741853559e-15	-9.12179747477973
5.88174741917670e-15	-9.70267116751971
5.87134741981781e-15	-10.2367877310281
5.86094742045891e-15	-10.7246901034512
5.85054742110002e-15	-11.1669201394014
5.84014742174112e-15	-11.5640087030981
5.82974742238223e-15	-11.9164670251553
5.81934742302334e-15	-12.2247792198883
5.80894742366444e-15	-12.4893958598507
5.79854742430555e-15	-12.7107285077024
5.78814742494666e-15	-12.8891451115182
5.77774742558776e-15	-13.0249661776167
5.76734742622887e-15	-13.1184616443173
5.75694742686997e-15	-13.1698483902690
5.74654742751108e-15	-13.1792883218647
5.73614742815219e-15	-13.1468869954586
5.72574742879329e-15	-13.0726927415248
5.71534742943440e-15	-12.9566962694541
5.70494743007550e-15	-12.7988307432440
5.69454743071661e-15	-12.5989723299507
5.68414743135772e-15	-12.3569412343876
5.67374743199882e-15	-12.0725032450894
5.66334743263993e-15	-11.7453718281181
5.64789461209890e-15	-11.3701310760895
5.62434096138222e-15	-10.9854005670475
5.60078731066554e-15	-10.6180948018894
5.57723365994886e-15	-10.2683728223456
5.55368000923218e-15	-9.93638037101368
5.53012635851549e-15	-9.62225039105501
5.50657270779881e-15	-9.32610351367307
5.48301905708213e-15	-9.04804852811076
5.45946540636545e-15	-8.78818282933871
5.43591175564877e-15	-8.54659283902820
5.41235810493209e-15	-8.32335439582899
5.38880445421541e-15	-8.11853311140169
5.36525080349872e-15	-7.93218468907856
5.34169715278204e-15	-7.76435520241950
5.31814350206536e-15	-7.61508133136590
5.29458985134868e-15	-7.48439055406287
5.27103620063200e-15	-7.37230129282632
5.24748254991532e-15	-7.27882301310951
5.22392889919864e-15	-7.20395627470416
5.20037524848195e-15	-7.14769273477391
5.17682159776527e-15	-7.11001510270351
5.15326794704859e-15	-7.09089704710872
5.12971429633191e-15	-7.09030305572902
5.10616064561523e-15	-7.10818824929851
5.08260699489855e-15	-7.14449815087882
5.05905334418187e-15	-7.19916841251325
5.04719901472197e-15	-7.28108945067705
5.03584649756302e-15	-7.35337764499586
5.02449398040407e-15	-7.41509315405836
5.01314146324512e-15	-7.46627248551797
5.00178894608617e-15	-7.50694963083630
4.99043642892722e-15	-7.53715596620091
4.97908391176827e-15	-7.55692016349218
4.96773139460932e-15	-7.56626811089488
4.95637887745037e-15	-7.56522284279326
4.94502636029142e-15	-7.55380447862247
4.93367384313247e-15	-7.53203017038931
4.92232132597352e-15	-7.49991405859692
4.91096880881457e-15	-7.45746723637208
4.89961629165562e-15	-7.40469772160671
4.88826377449667e-15	-7.34161043697658
4.87691125733772e-15	-7.26820719773705
4.86555874017877e-15	-7.18448670723955
4.85420622301982e-15	-7.09044456013213
4.84285370586087e-15	-6.98607325327494
4.83150118870192e-15	-6.87136220441933
4.82014867154297e-15	-6.74629777874279
4.80879615438402e-15	-6.61086332337674
4.79744363722507e-15	-6.46503921009938
4.78609112006612e-15	-6.30880288639690
4.77463421412157e-15	-6.14385251455336
4.76309646986941e-15	-5.94914829224073
4.75155872561725e-15	-5.71747267944645
4.74002098136510e-15	-5.44865134572960
4.72848323711294e-15	-5.14247653574379
4.71694549286078e-15	-4.79870925187472
4.70540774860862e-15	-4.41708190130924
4.69387000435647e-15	-3.99730144563829
4.68233226010431e-15	-3.53905309540021
4.67079451585215e-15	-3.04200459551256
4.65925677159999e-15	-2.50581115002574
4.64771902734783e-15	-1.93012103574329
4.63618128309568e-15	-1.31458195367610
4.62464353884352e-15	-0.658848164540892
4.61310579459136e-15	0.0374115507975557
4.60156805033920e-15	0.774505073549550
4.59003030608705e-15	1.55270725159037
4.57849256183489e-15	2.37224932247640
4.56695481758273e-15	3.23330747195009
4.55541707333057e-15	4.13599057113840
4.54387932907841e-15	5.08032716711943
4.53234158482626e-15	6.06625183840083
4.53156253271774e-15	7.05053928278540
4.53468431924378e-15	7.98950363416336
4.53780610576982e-15	8.88727304112290
4.54092789229585e-15	9.74332652782423
4.54404967882189e-15	10.5572569078507
4.54717146534793e-15	11.3287586789457
4.55029325187396e-15	12.0576159453524
4.55341503840000e-15	12.7436905680518
4.55653682492604e-15	13.3869107066077
4.55965861145207e-15	13.9872598819899
4.56278039797811e-15	14.5447666585242
4.56590218450415e-15	15.0594950155736
4.56902397103018e-15	15.5315354559429
4.57214575755622e-15	15.9609968783610
4.57526754408226e-15	16.3479992255939
4.57838933060829e-15	16.6926669075290
4.58151111713433e-15	16.9951229896203
4.58463290366037e-15	17.2554841310320
4.58775469018640e-15	17.4738562532778
4.59087647671244e-15	17.6503309187443
4.59399826323848e-15	17.7849823988820
4.59712004976451e-15	17.8778654136437
4.60024183629055e-15	17.9290135267334
4.60344357712557e-15	17.9311812652001
4.60678617774246e-15	17.8872779025826
4.61012877835934e-15	17.8140240829307
4.61347137897623e-15	17.7113899518574
4.61681397959311e-15	17.5793357214819
4.62015658021000e-15	17.4178125070964
4.62349918082688e-15	17.2267633942314
4.62684178144377e-15	17.0061247410745
4.63018438206065e-15	16.7558277218471
4.63352698267754e-15	16.4758001171138
4.63686958329442e-15	16.1659683570656
4.64021218391131e-15	15.8262598235423
4.64355478452819e-15	15.4566054158275
4.64689738514508e-15	15.0569423840634
4.65023998576196e-15	14.6272174323636
4.65358258637885e-15	14.1673900913359
4.65692518699573e-15	13.6774363566631
4.66026778761262e-15	13.1573525866012
4.66361038822950e-15	12.6071596466760
4.66711043548985e-15	12.0436847604441
4.67069441556826e-15	11.5458900104899
4.67427839564668e-15	11.1231988720489
4.67786237572509e-15	10.7756764689557
4.68144635580351e-15	10.5033458336117
4.68503033588193e-15	10.3062057937386
4.68861431596034e-15	10.1842449944336
4.69219829603876e-15	10.1374520347032
4.69578227611717e-15	10.1658217170971
4.69936625619559e-15	10.2693574153175
4.70295023627400e-15	10.4480695627871
4.70653421635242e-15	10.7019702602007
4.71011819643083e-15	11.0310639970774
4.71370217650925e-15	11.4353344863568
4.71728615658767e-15	11.9147276271763
4.72087013666608e-15	12.4691306441700
4.72445411674450e-15	13.0983475067504
4.72803809682291e-15	13.8020708132762
4.73162207690133e-15	14.5798504362810
4.73520605697974e-15	15.4310593681089
4.74009097192779e-15	16.3221084633057
4.74704440747786e-15	17.0407310092038
4.75399784302794e-15	17.5548300520069
4.76095127857801e-15	17.8655777190256
4.76790471412808e-15	17.9738021734468
4.77485814967816e-15	17.8798627658650
4.78181158522823e-15	17.5835995812125
4.78876502077830e-15	17.0843556385960
4.79571845632838e-15	16.3810725249980
4.80267189187845e-15	15.4724625724240
4.80962532742853e-15	14.3572621555903
4.81657876297860e-15	13.0345705290197
4.82353219852867e-15	11.5042759479827
4.83048563407875e-15	9.76756467561133
4.83743906962882e-15	7.82749806809198
4.84439250517889e-15	5.68962800795451
4.85134594072897e-15	3.36260242829106
4.85829937627904e-15	0.858693235867406
4.86525281182912e-15	-1.80583654783732
4.87220624737919e-15	-4.61061455302685
4.87915968292926e-15	-7.53136556306749
4.88611311847934e-15	-10.5404851172811
4.87846251142483e-15	-13.5145213234212
4.85792517621327e-15	-16.0325009537534
4.83738784100171e-15	-18.0858182670647
4.81685050579015e-15	-19.7141029420694
4.79631317057859e-15	-20.9508907717590
4.77577583536703e-15	-21.8226079642334
4.75523850015547e-15	-22.3482420849821
4.73470116494391e-15	-22.5393210045188
0	0
0	0
0	0
0	0
0	0
0	0
0	0
0	0
0	0
0	0
0	0
0	0
0	0
0	0
0	0
0	0
0	0
0	0
0	0
0	0
0	0
0	0
0	0
0	0
0	0
0	0
0	0
0	0
0	0
0	0
0	0
0	0
0	0
0	0
0	0
0	0
0	0
0	0
0	0
0	0
0	0
0	0
0	0
0	0
0	0
0	0
0	0
0	0
0	0
0	0
0	0
0	0
0	0
0	0
0	0
0	0
0	0
0	0
0	0
0	0
0	0
0	0
0	0
0	0
0	0
0	0
0	0
0	0
0	0
0	0
0	0
0	0
0	0
0	0
0	0
0	0
0	0
0	0
0	0
0	0
0	0
0	0
0	0
0	0
0	0
0	0
0	0
0	0
0	0
0	0
0	0
0	0
0	0
0	0
0	0
0	0
0	0
0	0
0	0
0	0
0	0
0	0
0	0
0	0
0	0
0	0
0	0
0	0
0	0
0	0
0	0
0	0
0	0
0	0
0	0
0	0
0	0
0	0
0	0
0	0
0	0
0	0
0	0
0	0
0	0
0	0
0	0
0	0
0	0
0	0
0	0
0	0
0	0
0	0
0	0
0	0
0	0
0	0
0	0
0	0
0	0
0	0
0	0
0	0
0	0
0	0
0	0
0	0
0	0
0	0
0	0
0	0
0	0
0	0
0	0
0	0
0	0
0	0
0	0
0	0
0	0
0	0
0	0
0	0
0	0
0	0
0	0
0	0
0	0
0	0
0	0
0	0
0	0
0	0
0	0
0	0
0	0
0	0
0	0
0	0
0	0
0	0
0	0
0	0
0	0
0	0
0	0
0	0
0	0
0	0
0	0
0	0
0	0
0	0
0	0
0	0
0	0
0	0
0	0
0	0
0	0
0	0
0	0
0	0
0	0
0	0
0	0
0	0
0	0
0	0
0	0
0	0
0	0
0	0
0	0
0	0
0	0
0	0
0	0
0	0
0	0
0	0
0	0
0	0
0	0
0	0
0	0
0	0
0	0
0	0
0	0
0	0
0	0
0	0
0	0
0	0
0	0
0	0
0	0
0	0
0	0
0	0
0	0
0	0
0	0
0	0
0	0
0	0
0	0
0	0
0	0
0	0
0	0
0	0
0	0
0	0
0	0
0	0
0	0
0	0
0	0
0	0
0	0
0	0
0	0
0	0
0	0
0	0
0	0
0	0
0	0
0	0
0	0
0	0
0	0
0	0
0	0
0	0
0	0
0	0
0	0
0	0
0	0
0	0
0	0
0	0
0	0
0	0
0	0
0	0
0	0
0	0
0	0
0	0
0	0
0	0
0	0
0	0
0	0
0	0
0	0
0	0
0	0
0	0
0	0
0	0
0	0
0	0
0	0
0	0
0	0
0	0
0	0
0	0
0	0
0	0
0	0
0	0
0	0
0	0
0	0
0	0
0	0
0	0
0	0
0	0
0	0
0	0
0	0
0	0
0	0
0	0
0	0
0	0
0	0
0	0
0	0
0	0
0	0
0	0
0	0
0	0
0	0
0	0
0	0
0	0
0	0
0	0
0	0
0	0
0	0
0	0
0	0
0	0
0	0
0	0
0	0
0	0
0	0
0	0
0	0
0	0
0	0
0	0
0	0
0	0
0	0
0	0
0	0
0	0
0	0
0	0
0	0
0	0
0	0
0	0
0	0
0	0
0	0
0	0
0	0
0	0
0	0
0	0
0	0
0	0
0	0
0	0
0	0
0	0
0	0
0	0
0	0
0	0
0	0
0	0
0	0
0	0
0	0
0	0
0	0
0	0
0	0
0	0
0	0
0	0
0	0
0	0
0	0
0	0
0	0
0	0
0	0
0	0
0	0
0	0
0	0
0	0
0	0
0	0
0	0
0	0
0	0
0	0
0	0
0	0
0	0
0	0
0	0
0	0
0	0
0	0
0	0
0	0
0	0
0	0
0	0
0	0
0	0
0	0
0	0
0	0
0	0
0	0
0	0
0	0
0	0
0	0
0	0
0	0
0	0
0	0
0	0
0	0
0	0
0	0
0	0
0	0
0	0
0	0
0	0
0	0
0	0
0	0
0	0
0	0
0	0
0	0
0	0
0	0
0	0
0	0
0	0
0	0
0	0
0	0
0	0
0	0
0	0
0	0
0	0
0	0
0	0
0	0
0	0
0	0
0	0
0	0
0	0
0	0
0	0
0	0
0	0
0	0
0	0
0	0
0	0
0	0
0	0
0	0
0	0
0	0
0	0
0	0
0	0
0	0
0	0
0	0
0	0
0	0
0	0
0	0
0	0
0	0
0	0
0	0
0	0
0	0
0	0
0	0
0	0
0	0
0	0
0	0
0	0
0	0
0	0
0	0
0	0
0	0
0	0
0	0
0	0
0	0
0	0
0	0
0	0
0	0
0	0
0	0
0	0
0	0
0	0
0	0
0	0
0	0
0	0
0	0
0	0
0	0
0	0
0	0
0	0
0	0
0	0
0	0
0	0
0	0
0	0
0	0
0	0
0	0
0	0
0	0
0	0
0	0
0	0
0	0
0	0
0	0
0	0
0	0
0	0
0	0
0	0
0	0
0	0
0	0
0	0
0	0
0	0
0	0
0	0
0	0
0	0
0	0
0	0
0	0
0	0
0	0
0	0
0	0
0	0
0	0
0	0
0	0
0	0
0	0
0	0
0	0
0	0
0	0
0	0
0	0
0	0
0	0
0	0
0	0
0	0
0	0
0	0
0	0
0	0
0	0
0	0
0	0
0	0
0	0
0	0
0	0
0	0
0	0
0	0
0	0
0	0
0	0
0	0
0	0
0	0
0	0
0	0
0	0
0	0
0	0
0	0
0	0
0	0
0	0
0	0
0	0
0	0
0	0
0	0
0	0
0	0
0	0
0	0
0	0
0	0
0	0
0	0
0	0
0	0
0	0
0	0
0	0
0	0
0	0
0	0
0	0
0	0
0	0
0	0
0	0
0	0
0	0
0	0
0	0
0	0
0	0
0	0
0	0
0	0
0	0
0	0
0	0
0	0
0	0
0	0
0	0
0	0
0	0
0	0
0	0
0	0
0	0
0	0
0	0
0	0
0	0
0	0
0	0
0	0
0	0
0	0
0	0
0	0
0	0
0	0
0	0
0	0
0	0
0	0
0	0
0	0
0	0
0	0
0	0
0	0
0	0
0	0
0	0
0	0
0	0
0	0
0	0
0	0
0	0
0	0
0	0
0	0
0	0
0	0
0	0
0	0
0	0
0	0
0	0
0	0
0	0
0	0
0	0
0	0
0	0
0	0
0	0
0	0
0	0
0	0
0	0
0	0
0	0
0	0
0	0
0	0
0	0
0	0
0	0
0	0
0	0
0	0
0	0
0	0
0	0
0	0
0	0
0	0
0	0
0	0
0	0
0	0
0	0
0	0
0	0
0	0
0	0
0	0
0	0
0	0
0	0
0	0
0	0
0	0
0	0
0	0
0	0
0	0
0	0
0	0
0	0
0	0
0	0
0	0
0	0
0	0
0	0
0	0
0	0
0	0
0	0
0	0
0	0
0	0
0	0
0	0
0	0
0	0
0	0
0	0
0	0
0	0
0	0
0	0
0	0
0	0
0	0
0	0
0	0
0	0
0	0
0	0
0	0
0	0
0	0
0	0
0	0
0	0
0	0
0	0
0	0
0	0
0	0
0	0
0	0
0	0
0	0
0	0
0	0
0	0
0	0
0	0
0	0
0	0
0	0
0	0
0	0
0	0
0	0
0	0
0	0
0	0
0	0
0	0
0	0
0	0
0	0
0	0
0	0
0	0
0	0
0	0
0	0
0	0
0	0
0	0
0	0
0	0
0	0
0	0
0	0
0	0
0	0
0	0
0	0
0	0
0	0
0	0
0	0
0	0
0	0
0	0
0	0
0	0
0	0
0	0
0	0
0	0
0	0
0	0
0	0
0	0
0	0
0	0
0	0
0	0
0	0
0	0
0	0
0	0
0	0
0	0
0	0
0	0
0	0
0	0
0	0
0	0
0	0
0	0
0	0
0	0
0	0
0	0
0	0
0	0
0	0
0	0
0	0
0	0
0	0
0	0
0	0
0	0
0	0
0	0
0	0
0	0
0	0
0	0
0	0
0	0
0	0
0	0
0	0
0	0
0	0
0	0
0	0
0	0
0	0
0	0
0	0
0	0
0	0
0	0
0	0
0	0
0	0
0	0
0	0
0	0
0	0
0	0
0	0
0	0
0	0
0	0
0	0
0	0
0	0
0	0
0	0
0	0
0	0
0	0
0	0
0	0
0	0
0	0
0	0
0	0
0	0
0	0
0	0
0	0
0	0
0	0
0	0
0	0
0	0
0	0
0	0
0	0
0	0
0	0
0	0
0	0
0	0
0	0
0	0
0	0
0	0
0	0
0	0
0	0
0	0
0	0
0	0
0	0
0	0
0	0
0	0
0	0
0	0
0	0
0	0
0	0
0	0
0	0
0	0
0	0
0	0
0	0
0	0
0	0
0	0
0	0
0	0
0	0
0	0
0	0
0	0
0	0
0	0
0	0
0	0
0	0
0	0
0	0
0	0
0	0
0	0
0	0
0	0
0	0
0	0
0	0
0	0
0	0
0	0
0	0
0	0
0	0
0	0
0	0
0	0
0	0
0	0
0	0
0	0
0	0
0	0
0	0
0	0
0	0
0	0
0	0
0	0
0	0
0	0
0	0
0	0
0	0
0	0
0	0
0	0
0	0
0	0
0	0
0	0
0	0
0	0
0	0
0	0
0	0
0	0
0	0
0	0
0	0
0	0
0	0
0	0
0	0
0	0
0	0
0	0
0	0
0	0
0	0
0	0
0	0
0	0
0	0
0	0
0	0
0	0
0	0
0	0
0	0
0	0
0	0
0	0
0	0
0	0
0	0
0	0
0	0
0	0
0	0
0	0
0	0
0	0
0	0
0	0
0	0
0	0
0	0
0	0
0	0
0	0
0	0
0	0
0	0
0	0
0	0
0	0
0	0
0	0
0	0
0	0
0	0
0	0
0	0
0	0
0	0
0	0
0	0
0	0
0	0
0	0
0	0
0	0
0	0
0	0
0	0
0	0
0	0
0	0
0	0
0	0
0	0
0	0
0	0
0	0
0	0
0	0
0	0
0	0
0	0
0	0
0	0
0	0
0	0
0	0
0	0
0	0
0	0
0	0
0	0
0	0
0	0
0	0
0	0
0	0
0	0
0	0
0	0
0	0
0	0
0	0
0	0
0	0
0	0
0	0
0	0
0	0
0	0
0	0
0	0
0	0
0	0
0	0
0	0
0	0
0	0
0	0
0	0
0	0
0	0
0	0
0	0
0	0
0	0
0	0
0	0
0	0
0	0
0	0
0	0
0	0
0	0
0	0
0	0
0	0
0	0
0	0
0	0
0	0
0	0
0	0
0	0
0	0
0	0
0	0
0	0
0	0
0	0
0	0
0	0
0	0
0	0
0	0
0	0
0	0
0	0
0	0
0	0
0	0
0	0
0	0
0	0
0	0
0	0
0	0
0	0
0	0
0	0
0	0
0	0
0	0
0	0
0	0
0	0
0	0
0	0
0	0
0	0
0	0
0	0
0	0
0	0
0	0
0	0
0	0
0	0
0	0
0	0
0	0
0	0
0	0
0	0
0	0
0	0
0	0
0	0
0	0
0	0
0	0
0	0
0	0
0	0
0	0
0	0
0	0
0	0
0	0
0	0
0	0
0	0
0	0
0	0
0	0
0	0
0	0
0	0
0	0
0	0
0	0
0	0
0	0
0	0
0	0
0	0
0	0
0	0
0	0
0	0
0	0
0	0
0	0
0	0
0	0
0	0
0	0
0	0
0	0
0	0
0	0
0	0
0	0
0	0
0	0
0	0
0	0
0	0
0	0
0	0
0	0
0	0
0	0
0	0
0	0
0	0
0	0
0	0
0	0
0	0
0	0
0	0
0	0
0	0
0	0
0	0
0	0
0	0
0	0
0	0
0	0
0	0
0	0
0	0
0	0
0	0
0	0
0	0
0	0
0	0
0	0
0	0
0	0
0	0
0	0
0	0
0	0
0	0
0	0
0	0
0	0
0	0
0	0
0	0
0	0
0	0
0	0
0	0
0	0
0	0
0	0
0	0
0	0
0	0
0	0
0	0
0	0
0	0
0	0
0	0
0	0
0	0
0	0
0	0
0	0
0	0
0	0
0	0
0	0
0	0
0	0
0	0
0	0
0	0
0	0
0	0
0	0
0	0
0	0
0	0
0	0
0	0
0	0
0	0
0	0
0	0
0	0
0	0
0	0
0	0
0	0
0	0
0	0
0	0
0	0
0	0
0	0
0	0
0	0
0	0
0	0
0	0
0	0
0	0
0	0
0	0
0	0
0	0
0	0
0	0
0	0
0	0
0	0
0	0
0	0
0	0
0	0
0	0
0	0
0	0
0	0
0	0
0	0
0	0
0	0
0	0
0	0
0	0
0	0
0	0
0	0
0	0
0	0
0	0
0	0
0	0
0	0
0	0
0	0
0	0
0	0
0	0
0	0
0	0
0	0
0	0
0	0
0	0
0	0
0	0
0	0
0	0
0	0
0	0
0	0
0	0
0	0
4.66489251533453e-15	2.49752009873442
4.66861547029173e-15	2.49491617155219
4.67233842524894e-15	2.49598507393317
4.67606138020614e-15	2.50072713058728
4.67978433516335e-15	2.50914287742444
4.68350729012055e-15	2.52123306049040
4.68723024507776e-15	2.53699863446815
4.69095320003496e-15	2.55644076076169
4.69467615499217e-15	2.57956080515112
4.69839910994938e-15	2.60636033501522
4.70212206490658e-15	2.63684111613055
4.70584501986379e-15	2.67100510902948
4.70956797482099e-15	2.70885446492664
4.71329092977820e-15	2.75039152120504
4.71701388473540e-15	2.79561879645642
4.72073683969261e-15	2.84453898507675
4.72445979464981e-15	2.89715495141109
4.72818274960702e-15	2.95346972344002
4.73190570456422e-15	3.01348648600834
4.73562865952143e-15	3.07720857358913
4.73935161447863e-15	3.14463946257422
4.74307456943584e-15	3.21578276309469
4.74679752439304e-15	3.29064221035460
4.75052047935025e-15	3.36922165548526
4.75424343430746e-15	3.45152505590125
4.75796638926466e-15	3.53755646516165
4.76168934422187e-15	3.62732002233005
4.76491702410201e-15	3.71688963469932
4.76559156311179e-15	3.78748620830128
4.76626610212158e-15	3.85760346317727
4.76694064113136e-15	3.92724017786298
4.76761518014114e-15	3.99639515055383
4.76828971915093e-15	4.06506719896088
4.76896425816071e-15	4.13325516017192
4.76963879717049e-15	4.20095789050432
4.77031333618028e-15	4.26817426536043
4.77098787519006e-15	4.33490317908023
4.77166241419984e-15	4.40114354479320
4.77233695320962e-15	4.46689429426437
4.77301149221941e-15	4.53215437774584
4.77368603122919e-15	4.59692276382138
4.77436057023898e-15	4.66119843925407
4.77505476652031e-15	4.72513197435801
4.77708560634312e-15	4.81985256230060
4.77911644616593e-15	4.95546447359437
4.78114728598875e-15	5.13202950354314
4.78317812581156e-15	5.34962172662391
4.78520896563437e-15	5.60832456514533
4.78723980545719e-15	5.90822721150138
4.78927064528000e-15	6.24942038974782
4.79130148510282e-15	6.63199144305666
4.79333232492563e-15	7.05601873610800
4.79536316474844e-15	7.52156536597194
4.79739400457126e-15	8.02867218180946
4.79942484439407e-15	8.57735012309005
4.80145568421688e-15	9.16757189824333
4.80348652403970e-15	9.79926304095116
4.80551736386251e-15	10.4722923997784
4.80754820368532e-15	11.1864621385397
4.80957904350814e-15	11.9414973495588
4.81442616627968e-15	12.6826959598592
4.82050294087726e-15	13.2862022370194
4.82657971547484e-15	13.7483739323890
4.83265649007242e-15	14.0695646684181
4.83873326467000e-15	14.2500915688227
4.84481003926758e-15	14.2901715742931
4.85088681386516e-15	14.1898833522603
4.85696358846274e-15	13.9491543218366
4.86304036306032e-15	13.5677726104087
4.86911713765789e-15	13.0454241113766
4.87519391225547e-15	12.3817551124308
4.88127068685305e-15	11.5764610971198
4.88734746145063e-15	10.6294021690850
4.89342423604821e-15	9.54074498139932
4.89950101064579e-15	8.31112994729422
4.90557778524337e-15	6.94186075740848
4.91165455984095e-15	5.43511077896767
4.91773133443853e-15	3.79413780855893
4.92576855789743e-15	2.14682626974209
4.93429032509630e-15	0.746802677223970
4.94281209229517e-15	-0.401784229885271
4.95133385949404e-15	-1.30274916673208
4.95985562669291e-15	-1.95967829234008
4.96837739389177e-15	-2.37547567338976
4.97689916109064e-15	-2.55205553978708
4.98542092828951e-15	-2.49016179810994
4.99394269548838e-15	-2.18930203073867
5.00246446268724e-15	-1.64779093813161
5.01098622988611e-15	-0.862906566218960
5.01950799708498e-15	0.168829381486759
5.02802976428385e-15	1.45122955181244
5.03655153148271e-15	2.98785679254136
5.04507329868158e-15	4.78126043126992
5.05359506588045e-15	6.83202788559512
5.06211683307932e-15	9.13767161499030
5.06760669854969e-15	11.6195081420365
5.07125599540127e-15	13.9319239996785
5.07490529225285e-15	16.0290703041786
5.07855458910444e-15	17.9099806457403
5.08220388595602e-15	19.5762081963259
5.08585318280760e-15	21.0310023179994
5.08950247965918e-15	22.2785969826741
5.09315177651077e-15	23.3236247272066
5.09680107336235e-15	24.1706528697590
5.10045037021393e-15	24.8238293376659
5.10409966706551e-15	25.2866217504980
5.10774896391709e-15	25.5616334486159
5.11139826076868e-15	25.6504824395539
5.11504755762026e-15	25.5537327095790
5.11869685447184e-15	25.2708713831460
5.12234615132342e-15	24.8003294705912
5.12599544817501e-15	24.1395482586633
5.12964474502659e-15	23.2850976616481
5.13329404187817e-15	22.2328569026782
5.13694333872975e-15	20.9782714080101
5.13584812161791e-15	19.5689934150074
5.13192186783850e-15	18.1963941884772
5.12799561405910e-15	16.8812612042398
5.12406936027969e-15	15.6262906125596
5.12014310650028e-15	14.4337746967774
5.11621685272088e-15	13.3056249039209
5.11229059894147e-15	12.2434006607286
5.10836434516206e-15	11.2483422770212
5.10443809138266e-15	10.3214063630357
5.10051183760325e-15	9.46330236663389
5.09658558382385e-15	8.67452904570333
5.09265933004444e-15	7.95540990976883
5.08873307626503e-15	7.30612687669990
5.08480682248563e-15	6.72675158400553
5.08088056870622e-15	6.21727396250338
5.07695431492681e-15	5.77762781968686
5.07302806114741e-15	5.40771329025970
5.06910180736800e-15	5.10741609342509
5.06517555358859e-15	4.87662359326766
5.06124929980919e-15	4.71523769335248
5.05732304602978e-15	4.62318461319259
5.05339679225038e-15	4.60042159628381
5.04947053847097e-15	4.64694059063199
5.04554428469156e-15	4.76276892660014
5.04440343467803e-15	4.93923941805676
5.05268226947459e-15	5.04909575702529
5.06096110427115e-15	5.05485975372115
5.06923993906770e-15	4.95650973410952
5.07751877386426e-15	4.75409656736430
5.08579760866082e-15	4.44775077498644
5.09407644345737e-15	4.03769973387123
5.10235527825393e-15	3.52429477538024
5.11063411305049e-15	2.90804781868135
5.11891294784705e-15	2.18967695090438
5.12719178264360e-15	1.37016006157892
5.13547061744016e-15	0.450795243417277
5.14374945223672e-15	-0.566733815371752
5.15202828703327e-15	-1.68028978795849
5.16030712182983e-15	-2.88721397059232
5.16657189404563e-15	-4.18180802528660
5.16416279955878e-15	-5.46155772266276
5.16175370507194e-15	-6.67460396263719
5.15934461058510e-15	-7.82182772113873
5.15693551609826e-15	-8.90429144807305
5.15452642161142e-15	-9.92319343911611
5.15211732712458e-15	-10.8798272575234
5.14970823263774e-15	-11.7755461591131
5.14729913815089e-15	-12.6117323070299
5.14489004366405e-15	-13.3897704508014
5.14248094917721e-15	-14.1110256765220
5.14007185469037e-15	-14.7768248020296
5.13766276020353e-15	-15.3884409839398
5.13525366571669e-15	-15.9470811150097
5.13284457122984e-15	-16.4538756143464
5.13043547674300e-15	-16.9098702448259
5.12802638225616e-15	-17.3160196280722
5.12561728776932e-15	-17.6731821649376
5.12320819328248e-15	-17.9821161067840
5.12079909879564e-15	-18.2434765589220
5.11839000430880e-15	-18.4578132315581
5.11598090982196e-15	-18.6255687853689
5.11357181533511e-15	-18.7470776482311
5.11116272084827e-15	-18.8225652069374
0	0
0	0
0	0
0	0
0	0
0	0
0	0
0	0
0	0
0	0
0	0
0	0
0	0
0	0
0	0
0	0
0	0
0	0
0	0
0	0
0	0
0	0
0	0
0	0
0	0
0	0
0	0
0	0
0	0
0	0
0	0
0	0
0	0
0	0
0	0
0	0
0	0
0	0
0	0
0	0
0	0
0	0
0	0
0	0
0	0
0	0
0	0
0	0
0	0
0	0
0	0
0	0
0	0
0	0
0	0
0	0
0	0
0	0
0	0
0	0
0	0
0	0
0	0
0	0
0	0
0	0
0	0
0	0
0	0
0	0
0	0
0	0
0	0
0	0
0	0
0	0
0	0
0	0
0	0
0	0
0	0
0	0
0	0
0	0
0	0
0	0
0	0
0	0
0	0
0	0
0	0
0	0
0	0
0	0
0	0
0	0
0	0
0	0
0	0
0	0
0	0
0	0
0	0
0	0
0	0
0	0
0	0
0	0
0	0
0	0
0	0
0	0
0	0
0	0
0	0
0	0
0	0
0	0
0	0
0	0
0	0
0	0
0	0
0	0
0	0
0	0
0	0
0	0
0	0
0	0
0	0
0	0
0	0
0	0
0	0
0	0
0	0
0	0
0	0
0	0
0	0
0	0
0	0
0	0
0	0
0	0
0	0
0	0
0	0
0	0
0	0
0	0
0	0
0	0
0	0
0	0
0	0
0	0
0	0
0	0
0	0
0	0
0	0
0	0
0	0
0	0
0	0
0	0
0	0
0	0
0	0
0	0
0	0
0	0
0	0
0	0
0	0
0	0
0	0
0	0
0	0
0	0
0	0
0	0
0	0
0	0
0	0
0	0
0	0
0	0
0	0
0	0
0	0
0	0
0	0
0	0
0	0
0	0
0	0
0	0
0	0
0	0
0	0
0	0
0	0
0	0
0	0
0	0
0	0
0	0
0	0
0	0
0	0
0	0
0	0
0	0
0	0
0	0
0	0
0	0
0	0
0	0
0	0
0	0
0	0
0	0
0	0
0	0
0	0
0	0
0	0
0	0
0	0
0	0
0	0
0	0
0	0
0	0
0	0
0	0
0	0
0	0
0	0
0	0
0	0
0	0
0	0
0	0
0	0
0	0
0	0
0	0
0	0
0	0
0	0
0	0
0	0
0	0
0	0
0	0
0	0
0	0
0	0
0	0
0	0
0	0
0	0
0	0
0	0
0	0
0	0
0	0
0	0
0	0
0	0
0	0
0	0
0	0
0	0
0	0
0	0
0	0
0	0
0	0
0	0
0	0
0	0
0	0
0	0
0	0
0	0
0	0
0	0
0	0
0	0
0	0
0	0
0	0
0	0
0	0
0	0
0	0
0	0
0	0
0	0
0	0
0	0
0	0
0	0
0	0
0	0
0	0
0	0
0	0
0	0
0	0
0	0
0	0
0	0
0	0
0	0
0	0
0	0
0	0
0	0
0	0
0	0
0	0
0	0
0	0
0	0
0	0
0	0
0	0
0	0
0	0
0	0
0	0
0	0
0	0
0	0
0	0
0	0
0	0
0	0
0	0
0	0
0	0
0	0
0	0
0	0
0	0
0	0
0	0
0	0
0	0
0	0
0	0
0	0
0	0
0	0
0	0
0	0
0	0
0	0
0	0
0	0
0	0
0	0
0	0
0	0
0	0
0	0
0	0
0	0
0	0
0	0
0	0
0	0
0	0
0	0
0	0
0	0
0	0
0	0
0	0
0	0
0	0
0	0
0	0
0	0
0	0
0	0
0	0
0	0
0	0
0	0
0	0
0	0
0	0
0	0
0	0
0	0
0	0
0	0
0	0
0	0
0	0
0	0
0	0
0	0
0	0
0	0
0	0
0	0
0	0
0	0
0	0
0	0
0	0
0	0
0	0
0	0
0	0
0	0
0	0
0	0
0	0
0	0
0	0
0	0
0	0
0	0
0	0
0	0
0	0
0	0
0	0
0	0
0	0
0	0
0	0
0	0
0	0
0	0
0	0
0	0
0	0
0	0
0	0
0	0
0	0
0	0
0	0
0	0
0	0
0	0
0	0
0	0
0	0
0	0
0	0
0	0
0	0
0	0
0	0
0	0
0	0
0	0
0	0
0	0
0	0
0	0
0	0
0	0
0	0
0	0
0	0
0	0
0	0
0	0
0	0
0	0
0	0
0	0
0	0
0	0
0	0
0	0
0	0
0	0
0	0
0	0
0	0
0	0
0	0
0	0
0	0
0	0
0	0
0	0
0	0
0	0
0	0
0	0
0	0
0	0
0	0
0	0
0	0
0	0
0	0
0	0
0	0
0	0
0	0
0	0
0	0
0	0
0	0
0	0
0	0
0	0
0	0
0	0
0	0
0	0
0	0
0	0
0	0
0	0
0	0
0	0
0	0
0	0
0	0
0	0
0	0
0	0
0	0
0	0
0	0
0	0
0	0
0	0
0	0
0	0
0	0
0	0
0	0
0	0
0	0
0	0
0	0
0	0
0	0
0	0
0	0
0	0
0	0
0	0
0	0
0	0
0	0
0	0
0	0
0	0
0	0
0	0
0	0
0	0
0	0
0	0
0	0
0	0
0	0
0	0
0	0
0	0
0	0
0	0
0	0
0	0
0	0
0	0
0	0
0	0
0	0
0	0
0	0
0	0
0	0
0	0
0	0
0	0
0	0
0	0
0	0
0	0
0	0
0	0
0	0
0	0
0	0
0	0
0	0
0	0
0	0
0	0
0	0
0	0
0	0
0	0
0	0
0	0
0	0
0	0
0	0
0	0
0	0
0	0
0	0
0	0
0	0
0	0
0	0
0	0
0	0
0	0
0	0
0	0
0	0
0	0
0	0
0	0
0	0
0	0
0	0
0	0
0	0
0	0
0	0
0	0
0	0
0	0
0	0
0	0
0	0
0	0
0	0
0	0
0	0
0	0
0	0
0	0
0	0
0	0
0	0
0	0
0	0
0	0
0	0
0	0
0	0
0	0
0	0
0	0
0	0
0	0
0	0
0	0
0	0
0	0
0	0
0	0
0	0
0	0
0	0
0	0
0	0
0	0
0	0
0	0
0	0
0	0
0	0
0	0
0	0
0	0
0	0
0	0
0	0
0	0
0	0
0	0
0	0
0	0
0	0
0	0
0	0
0	0
0	0
0	0
0	0
0	0
0	0
0	0
0	0
0	0
0	0
0	0
0	0
0	0
0	0
0	0
0	0
0	0
0	0
0	0
0	0
0	0
0	0
0	0
0	0
0	0
0	0
0	0
0	0
0	0
0	0
0	0
0	0
0	0
0	0
0	0
0	0
0	0
0	0
0	0
0	0
0	0
0	0
0	0
0	0
0	0
0	0
0	0
0	0
0	0
0	0
0	0
0	0
0	0
0	0
0	0
0	0
0	0
0	0
0	0
0	0
0	0
0	0
0	0
0	0
0	0
0	0
0	0
0	0
0	0
0	0
0	0
0	0
0	0
0	0
0	0
0	0
0	0
0	0
0	0
0	0
0	0
0	0
0	0
0	0
0	0
0	0
0	0
0	0
0	0
0	0
0	0
0	0
0	0
0	0
0	0
0	0
0	0
0	0
0	0
0	0
0	0
0	0
0	0
0	0
0	0
0	0
0	0
0	0
0	0
0	0
0	0
0	0
0	0
0	0
0	0
0	0
0	0
0	0
0	0
0	0
0	0
0	0
0	0
0	0
0	0
0	0
0	0
0	0
0	0
0	0
0	0
0	0
0	0
0	0
0	0
0	0
0	0
0	0
0	0
0	0
0	0
0	0
0	0
0	0
0	0
0	0
0	0
0	0
0	0
0	0
0	0
0	0
0	0
0	0
0	0
0	0
0	0
0	0
0	0
0	0
0	0
0	0
0	0
0	0
0	0
0	0
0	0
0	0
0	0
0	0
0	0
0	0
0	0
0	0
0	0
0	0
0	0
0	0
0	0
0	0
0	0
0	0
0	0
0	0
0	0
0	0
0	0
0	0
0	0
0	0
0	0
0	0
0	0
0	0
0	0
0	0
0	0
0	0
0	0
0	0
0	0
0	0
0	0
0	0
0	0
0	0
0	0
0	0
0	0
0	0
0	0
0	0
0	0
0	0
0	0
0	0
0	0
0	0
0	0
0	0
0	0
0	0
0	0
0	0
0	0
0	0
0	0
0	0
0	0
0	0
0	0
0	0
0	0
0	0
0	0
0	0
0	0
0	0
0	0
0	0
0	0
0	0
0	0
0	0
0	0
0	0
0	0
0	0
0	0
0	0
0	0
0	0
0	0
0	0
0	0
0	0
0	0
0	0
0	0
0	0
0	0
0	0
0	0
0	0
0	0
0	0
0	0
0	0
0	0
0	0
0	0
0	0
0	0
0	0
0	0
0	0
0	0
0	0
0	0
0	0
0	0
0	0
0	0
0	0
0	0
0	0
0	0
0	0
0	0
0	0
0	0
0	0
0	0
0	0
0	0
0	0
0	0
0	0
0	0
0	0
0	0
0	0
0	0
0	0
0	0
0	0
0	0
0	0
0	0
0	0
0	0
0	0
0	0
0	0
0	0
0	0
0	0
0	0
0	0
0	0
0	0
0	0
0	0
0	0
0	0
0	0
0	0
0	0
0	0
0	0
0	0
0	0
0	0
0	0
0	0
0	0
0	0
0	0
0	0
0	0
0	0
0	0
0	0
0	0
0	0
0	0
0	0
0	0
0	0
0	0
0	0
0	0
0	0
0	0
0	0
0	0
0	0
0	0
0	0
0	0
0	0
0	0
0	0
0	0
0	0
0	0
0	0
0	0
0	0
0	0
0	0
0	0
0	0
0	0
0	0
0	0
0	0
0	0
0	0
0	0
0	0
0	0
0	0
0	0
0	0
0	0
0	0
0	0
0	0
0	0
0	0
0	0
0	0
0	0
0	0
0	0
0	0
0	0
0	0
0	0
0	0
0	0
0	0
0	0
0	0
0	0
0	0
0	0
0	0
0	0
0	0
0	0
0	0
0	0
0	0
0	0
0	0
0	0
0	0
0	0
0	0
0	0
0	0
0	0
0	0
0	0
0	0
0	0
0	0
0	0
0	0
0	0
0	0
0	0
0	0
0	0
0	0
0	0
0	0
0	0
0	0
0	0
0	0
0	0
0	0
0	0
0	0
0	0
0	0
0	0
0	0
0	0
0	0
0	0
0	0
0	0
0	0
0	0
0	0
0	0
0	0
0	0
0	0
0	0
0	0
0	0
0	0
0	0
0	0
0	0
0	0
0	0
0	0
0	0
0	0
0	0
0	0
0	0
0	0
0	0
0	0
0	0
0	0
0	0
0	0
0	0
0	0
0	0
0	0
0	0
0	0
0	0
0	0
0	0
0	0
0	0
0	0
0	0
0	0
0	0
0	0
0	0
0	0
0	0
0	0
0	0
0	0
0	0
0	0
0	0
0	0
0	0
0	0
0	0
0	0
0	0
0	0
0	0
0	0
0	0
0	0
0	0
0	0
0	0
0	0
0	0
0	0
0	0
0	0
0	0
0	0
0	0
0	0
0	0
0	0
0	0
0	0
0	0
0	0
0	0
0	0
0	0
0	0
0	0
0	0
0	0
0	0
0	0
0	0
0	0
0	0
0	0
0	0
0	0
0	0
0	0
0	0
0	0
0	0
0	0
0	0
0	0
0	0
0	0
0	0
0	0
0	0
0	0
0	0
0	0
0	0
0	0
0	0
0	0
0	0
0	0
0	0
0	0
0	0
0	0
0	0
0	0
0	0
0	0
0	0
0	0
0	0
0	0
0	0
0	0
0	0
0	0
0	0
0	0
0	0
0	0
0	0
0	0
0	0
0	0
0	0
0	0
0	0
0	0
0	0
0	0
0	0
0	0
0	0
0	0
0	0
0	0
0	0
0	0
0	0
0	0
0	0
0	0
0	0
0	0
0	0
0	0
0	0
0	0
0	0
0	0
0	0
0	0
0	0
0	0
0	0
0	0
0	0
0	0
0	0
0	0
0	0
0	0
0	0
0	0
0	0
0	0
0	0
0	0
0	0
0	0
0	0
0	0
0	0
0	0
0	0
0	0
0	0
0	0
0	0
0	0
0	0
0	0
0	0
0	0
0	0
0	0
0	0
0	0
0	0
0	0
0	0
0	0
0	0
0	0
0	0
0	0
0	0
0	0
0	0
0	0
0	0
0	0
0	0
0	0
0	0
0	0
0	0
0	0
0	0
0	0
0	0
0	0
0	0
0	0
0	0
0	0
0	0
0	0
0	0
0	0
0	0
0	0
0	0
0	0
0	0
0	0
0	0
0	0
0	0
0	0
0	0
0	0
0	0
0	0
0	0
0	0
0	0
0	0
0	0
0	0
0	0
0	0
0	0
0	0
0	0
0	0
0	0
0	0
0	0
0	0
0	0
0	0
0	0
0	0
0	0
0	0
0	0
0	0
0	0
0	0
0	0
0	0
0	0
0	0
0	0
0	0
0	0
0	0
0	0
0	0
0	0
0	0
0	0
0	0
0	0
0	0
0	0
0	0
0	0
0	0
0	0
0	0
0	0
0	0
0	0
0	0
0	0
0	0
0	0
0	0
0	0
0	0
0	0
0	0
0	0
0	0
0	0
0	0
0	0
0	0
0	0
0	0
0	0
0	0
0	0
0	0
0	0
0	0
0	0
0	0
0	0
0	0
0	0
0	0
0	0
0	0
0	0
0	0
0	0
0	0
0	0
0	0
0	0
0	0
0	0
0	0
0	0
0	0
0	0
0	0
0	0
0	0
0	0
0	0
0	0
0	0
0	0
0	0
0	0
0	0
0	0
0	0
0	0
0	0
0	0
0	0
0	0
0	0
0	0
0	0
0	0
0	0
0	0
0	0
0	0
0	0
0	0
0	0
0	0
0	0
0	0
0	0
0	0
0	0
0	0
0	0
0	0
0	0
0	0
0	0
0	0
0	0
0	0
0	0
0	0
0	0
0	0
0	0
0	0
0	0
0	0
0	0
0	0
0	0
0	0
0	0
0	0
0	0
0	0
0	0
0	0
0	0
0	0
0	0
0	0
0	0
0	0
0	0
0	0
0	0
0	0
0	0
0	0
0	0
0	0
0	0
0	0
0	0
0	0
0	0
0	0
0	0
0	0
0	0
0	0
1.69862974734961e-14	-1.13803572118385
1.69500390845214e-14	-1.02962688154925
1.69137806955467e-14	-0.901751148946262
1.68775223065721e-14	-0.754389415294985
1.68412639175974e-14	-0.587509911665102
1.68050055286227e-14	-0.401068326041251
1.67687471396481e-14	-0.195007970144188
1.67324887506734e-14	0.0307400027720185
1.66962303616987e-14	0.276256326639578
1.66599719727241e-14	0.541633294791686
1.66237135837494e-14	0.826974372076097
1.65874551947747e-14	1.13239374276223
1.65511968058000e-14	1.45801578959164
1.65149384168254e-14	1.80397449882320
1.64786800278507e-14	2.17041278564527
1.64424216388760e-14	2.55748173385924
1.64061632499014e-14	2.96533974333613
1.63699048609267e-14	3.39415157839344
1.63336464719520e-14	3.84408730993020
1.62973880829774e-14	4.31532114396949
1.62611296940027e-14	4.80803012913747
1.62248713050280e-14	5.32239273563040
1.61886129160534e-14	5.85858729839128
1.61523545270787e-14	6.41679031755759
1.61272572774728e-14	6.96387550130657
1.61104780118534e-14	7.46858465092967
1.60936987462340e-14	7.94463182456152
1.60769194806146e-14	8.39170902468718
1.60601402149952e-14	8.80954247598536
1.60433609493758e-14	9.19789019098259
1.60265816837564e-14	9.55653960893945
1.60098024181370e-14	9.88530533821272
1.59930231525176e-14	10.1840270288340
1.59762438868982e-14	10.4525673986341
1.59594646212788e-14	10.6908104330614
1.59426853556594e-14	10.8986597758246
1.59259060900400e-14	11.0760373247580
1.59091268244206e-14	11.2228820447210
1.58923475588012e-14	11.3391490070417
1.58755682931818e-14	11.4248086628539
1.58587890275624e-14	11.4798463556903
1.58420097619430e-14	11.5042620768384
1.58252304963236e-14	11.4980704651974
1.58084512307042e-14	11.4613010516269
1.57916719650848e-14	11.3939987460672
1.57748926994654e-14	11.2962245639205
1.57581134338460e-14	11.1680565863327
1.57413341682266e-14	11.0095911470255
1.57245549026072e-14	10.8209442361839
1.57077756369878e-14	10.6022531095715
1.56909963713684e-14	10.3536780884980
1.56742171057490e-14	10.0754045334972
1.56671490550262e-14	9.73811824417273
1.56630468579600e-14	9.40552366963479
1.56589446608937e-14	9.09225105680306
1.56548424638275e-14	8.79819573498973
1.56507402667613e-14	8.52325472015258
1.56466380696950e-14	8.26732763074481
1.56425358726288e-14	8.03031752403889
1.56384336755626e-14	7.81213165652811
1.56343314784963e-14	7.61268217198608
1.56302292814301e-14	7.43188672069013
1.56261270843639e-14	7.26966901318352
1.56220248872977e-14	7.12595931178948
1.56179226902314e-14	7.00069486285920
1.56138204931652e-14	6.89382027252112
1.56097182960990e-14	6.80528782841632
1.56056160990327e-14	6.73505776961430
1.56015139019665e-14	6.68309850662405
1.55974117049003e-14	6.64938679307308
1.55933095078340e-14	6.63390785032081
1.55892073107678e-14	6.63665544592796
1.55851051137016e-14	6.65763192657881
1.55810029166353e-14	6.69684820569743
1.55769007195691e-14	6.75432370566495
1.55727985225029e-14	6.83008625421339
1.55686963254367e-14	6.92417193420152
1.55645941283704e-14	7.03662488568524
1.55604919313042e-14	7.16749705882725
1.55563897342380e-14	7.31684791589457
1.55522875371717e-14	7.48474408027703
1.55481853401055e-14	7.67125893016143
1.55440831430393e-14	7.87647213422871
1.55399809459730e-14	8.10046912648186
1.55358787489068e-14	8.34334051708992
1.55282636570949e-14	8.60177753704523
1.55157737227873e-14	8.84305042528553
1.55032837884796e-14	9.05888153072217
1.54907938541720e-14	9.24914570039820
1.54783039198644e-14	9.41373534728538
1.54658139855567e-14	9.55255946623162
1.54533240512491e-14	9.66554276562767
1.54408341169414e-14	9.75262492253964
1.54283441826338e-14	9.81375996770345
1.54158542483262e-14	9.84891580548531
1.54033643140185e-14	9.85807387268521
1.53908743797109e-14	9.84122893887048
1.53783844454032e-14	9.79838904981048
1.53658945110956e-14	9.72957561443547
1.53534045767880e-14	9.63482363465774
1.53441854902750e-14	9.50910113850128
1.53500402143113e-14	9.35472405235474
1.53558949383476e-14	9.20946864718053
1.53617496623838e-14	9.07331480095038
1.53676043864201e-14	8.94624373058100
1.53734591104564e-14	8.82823806217876
1.53793138344927e-14	8.71928189453190
1.53851685585290e-14	8.61936085600753
1.53910232825652e-14	8.52846215502400
1.53968780066015e-14	8.44657462422430
1.54027327306378e-14	8.37368875848197
1.54085874546741e-14	8.30979674684459
1.54144421787104e-14	8.25489249851967
1.54202969027467e-14	8.20897166296127
1.54261516267829e-14	8.17203164413265
1.54320063508192e-14	8.14407160898108
1.54378610748555e-14	8.12509249015404
1.54437157988918e-14	8.11509698295698
1.54495705229281e-14	8.11408953655461
1.54554252469644e-14	8.12207633938296
1.54612799710006e-14	8.13906529872471
1.54671346950369e-14	8.16506601439821
1.54729894190732e-14	8.20008974646857
1.54764973835716e-14	8.23946690972090
1.54761502065460e-14	8.26985437692846
1.54758030295205e-14	8.29427349277018
1.54754558524950e-14	8.31271568781974
1.54751086754694e-14	8.32517322626912
1.54747614984439e-14	8.33163918865016
1.54744143214184e-14	8.33210745615824
1.54740671443928e-14	8.32657269663148
1.54737199673673e-14	8.31503035218844
1.54733727903418e-14	8.29747662857105
1.54730256133162e-14	8.27390848619786
1.54726784362907e-14	8.24432363294791
1.54723312592652e-14	8.20872051869833
1.54719840822396e-14	8.16709833160918
1.54716369052141e-14	8.11945699617545
1.54712897281886e-14	8.06579717304766
1.54709425511630e-14	8.00612026061805
1.54705953741375e-14	7.94042839836595
1.54702481971120e-14	7.86872447197236
1.54699010200864e-14	7.79101212016992
1.54695538430609e-14	7.70729574333833
1.54692066660354e-14	7.61758051381394
1.54688594890098e-14	7.52187238789978
1.54685123119843e-14	7.42017811955290
1.54681651349587e-14	7.31250527571888
1.54678179579332e-14	7.19886225328696
1.54674707809077e-14	7.07925829763148
1.54671236038821e-14	6.95370352269612
1.54667764268566e-14	6.82220893258752
1.54616941217274e-14	6.68575612941841
1.54564539879347e-14	6.54843128862718
1.54512138541419e-14	6.41028659484389
1.54459737203492e-14	6.27132433897060
1.54407335865565e-14	6.13154685232444
1.54354934527638e-14	5.99095650701724
1.54302533189710e-14	5.84955571632924
1.54250131851783e-14	5.70734693508223
1.54197730513856e-14	5.56433266000648
1.54145329175928e-14	5.42051543010017
1.54092927838001e-14	5.27589782698882
1.54040526500074e-14	5.13048247527406
1.53988125162146e-14	4.98427204288217
1.53935723824219e-14	4.83726924140111
1.53883322486292e-14	4.68947682641691
1.53830921148364e-14	4.54089759783942
1.53778519810437e-14	4.39153440022447
1.53726118472510e-14	4.24139012308714
1.53673717134582e-14	4.09046770120803
1.53621315796655e-14	3.93877011493564
1.53570113327091e-14	3.78644154330553
1.53712936339786e-14	3.65776243735762
1.53855759352482e-14	3.53142182947219
1.53998582365177e-14	3.40741420506487
1.54141405377873e-14	3.28573404599421
1.54284228390568e-14	3.16637589346598
1.54427051403264e-14	3.04933435244661
1.54569874415959e-14	2.93460409592841
1.54712697428655e-14	2.82217986905109
1.54855520441350e-14	2.71205649308023
1.54998343454046e-14	2.60422886925215
1.55141166466741e-14	2.49869198248005
1.55283989479437e-14	2.39544090492921
1.55426812492132e-14	2.29447079946164
1.55569635504827e-14	2.19577692295690
1.55712458517523e-14	2.09935462950556
1.55855281530218e-14	2.00519937348353
1.55998104542914e-14	1.91330671250694
1.56140927555609e-14	1.82367231027175
1.56283750568305e-14	1.73629193928143
1.56426573581000e-14	1.65116148345727
1.56569396593696e-14	1.56827694064950
1.56624253184065e-14	1.47209984488657
1.56584214954957e-14	1.36540696913944
1.56544176725850e-14	1.26634930420057
1.56504138496742e-14	1.17491685637355
1.56464100267634e-14	1.09110130483318
1.56424062038527e-14	1.01489601670248
1.56384023809419e-14	0.946296058974964
1.56343985580311e-14	0.885298207325898
1.56303947351204e-14	0.831900951844879
1.56263909122096e-14	0.786104499713322
1.56223870892988e-14	0.747910774840067
1.56183832663880e-14	0.717323414443995
1.56143794434773e-14	0.694347762583401
1.56103756205665e-14	0.678990860596763
1.56063717976557e-14	0.671261434422765
1.56023679747450e-14	0.671169878755082
1.55983641518342e-14	0.678728237967049
1.55943603289234e-14	0.693950183733218
1.55903565060127e-14	0.716850989277398
1.55863526831019e-14	0.747447500140757
1.55823488601911e-14	0.785758101368915
1.55783450372804e-14	0.831802681009748
1.55743412143696e-14	0.885602589785973
1.55586440073636e-14	0.954680646718625
1.55265385650071e-14	1.03832625845884
1.54944331226506e-14	1.12447593971987
1.54623276802942e-14	1.21313675989400
1.54302222379377e-14	1.30431583235831
1.53981167955812e-14	1.39802030801269
1.53660113532247e-14	1.49425736861233
1.53339059108682e-14	1.59303421987484
1.53018004685118e-14	1.69435808437187
1.52696950261553e-14	1.79823619419105
1.52375895837988e-14	1.90467578337428
1.52054841414423e-14	2.01368408011524
1.51733786990859e-14	2.12526829872666
1.51412732567294e-14	2.23943563136149
1.51091678143729e-14	2.35619323949575
1.50770623720164e-14	2.47554824515629
1.50449569296600e-14	2.59750772190392
1.50128514873035e-14	2.72207868555791
1.50120126057920e-14	2.87936506054826
1.50145553602122e-14	3.02779175182232
1.50170981146324e-14	3.16330483497310
1.50196408690527e-14	3.28586460023027
1.50221836234729e-14	3.39543580902130
1.50247263778931e-14	3.49198754137202
1.50272691323133e-14	3.57549305847855
1.50298118867335e-14	3.64592968108988
1.50323546411538e-14	3.70327868428611
1.50348973955740e-14	3.74752520912480
1.50374401499942e-14	3.77865819155960
1.50399829044144e-14	3.79667030894538
1.50425256588346e-14	3.80155794435737
1.50450684132548e-14	3.79332116889214
1.50476111676751e-14	3.77196374201318
1.50501539220953e-14	3.73749312995191
1.50526966765155e-14	3.68992054207329
1.50552394309357e-14	3.62926098505673
1.50577821853559e-14	3.55553333465120
1.50603249397762e-14	3.46876042468553
1.50628676941964e-14	3.36896915293548
1.50654104486166e-14	3.25619060335729
1.50679532030368e-14	3.13046018411894
1.50704959574570e-14	2.99181778076738
1.50730387118773e-14	2.84030792376481
1.50755814662975e-14	2.67597996955488
1.50781242207177e-14	2.49888829420025
1.50806669751379e-14	2.30909249853722
1.50832097295581e-14	2.10665762369406
1.50839763615212e-14	1.89160348002524
1.50663901956062e-14	1.68179227549936
1.50488040296912e-14	1.49300019826081
1.50312178637762e-14	1.32512855659502
1.50136316978612e-14	1.17808765878122
1.49960455319462e-14	1.05179738442315
1.49784593660311e-14	0.946187676282340
1.49608732001161e-14	0.861198956612258
1.49432870342011e-14	0.796782471516407
1.49257008682861e-14	0.752900566303419
1.49081147023711e-14	0.729526894286087
1.48905285364561e-14	0.726646560911194
1.48729423705411e-14	0.744256204526393
1.48553562046260e-14	0.782364014543442
1.48377700387110e-14	0.840989687151455
1.48201838727960e-14	0.920164318182503
1.48025977068810e-14	1.01993023213548
1.47850115409660e-14	1.14034074581185
1.47674253750510e-14	1.28145986443739
1.47329021562518e-14	1.41531035298098
1.46854888311851e-14	1.52624164725194
1.46380755061183e-14	1.62940296967692
1.45906621810515e-14	1.72476390732372
1.45432488559847e-14	1.81229611376750
1.44958355309180e-14	1.89197325104637
1.44484222058512e-14	1.96377093399473
1.44010088807844e-14	2.02766667716314
1.43535955557176e-14	2.08363984450769
1.43061822306509e-14	2.13167160204150
1.42587689055841e-14	2.17174487359045
1.42113555805173e-14	2.20384429981667
1.41639422554505e-14	2.22795620063972
1.41165289303838e-14	2.24406854117598
1.40691156053170e-14	2.25217090130069
1.40217022802502e-14	2.25225444893723
1.39742889551835e-14	2.24431191714477
1.39268756301167e-14	2.22833758508235
1.38794623050499e-14	2.20432726289904
1.38320489799831e-14	2.17227828060227
1.37846356549164e-14	2.13218948093667
1.37372223298496e-14	2.08406121628354
1.36898090047828e-14	2.02789534960779
1.36423956797160e-14	1.96369525943463
1.36027515934834e-14	1.90659533357973
1.35702485474138e-14	1.87245977711918
1.35377455013441e-14	1.85275687502092
1.35052424552744e-14	1.84748503979822
1.34727394092048e-14	1.85664758472812
1.34402363631351e-14	1.88025270807848
1.34077333170655e-14	1.91831345392318
1.33752302709958e-14	1.97084764934279
1.33427272249262e-14	2.03787781767505
1.33102241788565e-14	2.11943106737090
1.32777211327869e-14	2.21553895588847
1.32452180867172e-14	2.32623732793631
1.32127150406476e-14	2.45156612728694
1.31802119945779e-14	2.59156918125218
1.31477089485083e-14	2.74629395683671
1.31152059024386e-14	2.91579128748176
1.30827028563690e-14	3.10011506924182
1.30543366834223e-14	3.27574148023332
1.30273536120472e-14	3.43188814242089
1.30003705406721e-14	3.57258431245142
1.29733874692970e-14	3.69777224956767
1.29464043979220e-14	3.80740049620444
1.29194213265469e-14	3.90142356974639
1.28924382551718e-14	3.97980167995051
1.28654551837967e-14	4.04250047348717
1.28384721124217e-14	4.08949080685799
1.28114890410466e-14	4.12074854879246
1.27845059696715e-14	4.13625441302992
1.27575228982964e-14	4.13599382225293
1.27305398269214e-14	4.11995680376444
1.27035567555463e-14	4.08813791738194
1.26765736841712e-14	4.04053621583347
1.26495906127961e-14	3.97715523784883
1.26226075414210e-14	3.89800303395513
1.25956244700460e-14	3.80309222488167
1.25686413986709e-14	3.69244009231619
1.25416583272958e-14	3.56606870162109
1.25146752559207e-14	3.42400505597182
1.24876921845457e-14	3.26628128122518
1.24659204284664e-14	3.10303106711628
1.24496202397328e-14	2.95430740259532
1.24333200509991e-14	2.81621189241333
1.24170198622654e-14	2.68872122825829
1.24007196735318e-14	2.57181384904293
1.23844194847981e-14	2.46547004013799
1.23681192960644e-14	2.36967202195424
1.23518191073308e-14	2.28440402813957
1.23355189185971e-14	2.20965237362033
1.23192187298635e-14	2.14540551270458
1.23029185411298e-14	2.09165408741997
1.22866183523961e-14	2.04839096625321
1.22703181636625e-14	2.01561127340341
1.22540179749288e-14	1.99331240865912
1.22377177861952e-14	1.98149405794930
1.22214175974615e-14	1.98015819462185
1.22051174087278e-14	1.98930907143245
1.21888172199942e-14	2.00895320323957
1.21725170312605e-14	2.03909934032623
1.21562168425268e-14	2.07975843228247
1.21399166537932e-14	2.13094358231101
1.21236164650595e-14	2.19266999182418
1.21073162763259e-14	2.26495489515048
1.20910160875922e-14	2.34781748414480
1.20747158988585e-14	2.44127882248573
1.20584157101249e-14	2.54536174938957
1.20421155213912e-14	2.66009077248275
1.20258153326576e-14	2.78549194952197
1.20095151439239e-14	2.92159275865351
1.20050612443534e-14	3.06815422936844
1.20066811327103e-14	3.21243526434326
1.20083010210672e-14	3.35192939417275
1.20099209094241e-14	3.48662088469063
1.20115407977810e-14	3.61649480783539
1.20131606861379e-14	3.74153701442089
1.20147805744948e-14	3.86173410737475
1.20164004628517e-14	3.97707341548211
1.20180203512086e-14	4.08754296768210
1.20196402395655e-14	4.19313146797582
1.20212601279224e-14	4.29382827096427
1.20228800162793e-14	4.38962335807897
1.20244999046362e-14	4.48050731452874
1.20261197929931e-14	4.56647130699897
1.20277396813500e-14	4.64750706214245
1.20293595697069e-14	4.72360684588736
1.20309794580638e-14	4.79476344358662
1.20325993464207e-14	4.86097014104922
1.20342192347776e-14	4.92222070646167
1.20358391231345e-14	4.97850937323404
1.20374590114914e-14	5.02983082378492
1.20390788998483e-14	5.07618017429080
1.20406987882052e-14	5.11755296041006
1.20423186765621e-14	5.15394512400307
1.20439385649190e-14	5.18535300086541
1.20455584532759e-14	5.21177330947804
1.20400708739628e-14	5.22976218439202
1.20308048491334e-14	5.24873799492343
1.20215388243039e-14	5.27217184659818
1.20122727994745e-14	5.30006649492970
1.20030067746451e-14	5.33242491720434
1.19937407498156e-14	5.36925030334509
1.19844747249862e-14	5.41054604596616
1.19752087001568e-14	5.45631572961499
1.19659426753273e-14	5.50656311918574
1.19566766504979e-14	5.56129214750304
1.19474106256685e-14	5.62050690206620
1.19381446008390e-14	5.68421161093876
1.19288785760096e-14	5.75241062778455
1.19196125511802e-14	5.82510841603551
1.19103465263507e-14	5.90230953218043
1.19010805015213e-14	5.98401860816932
1.18918144766919e-14	6.07024033292479
1.18825484518624e-14	6.16097943294689
1.18732824270330e-14	6.25624065200855
1.18640164022036e-14	6.35602872992934
1.18547503773741e-14	6.46034838042245
1.18454843525447e-14	6.56920426800684
1.18362183277153e-14	6.68260098397732
1.18269523028858e-14	6.80054302142883
1.18176862780564e-14	6.92303474932826
1.18084202532270e-14	7.05008038563187
1.17991542283975e-14	7.18168396944420
1.17898882035681e-14	7.31784933221899
1.17818080141763e-14	7.46494244184257
1.17737406966915e-14	7.58031937420791
1.17656733792066e-14	7.66368477310056
1.17576060617217e-14	7.71501761703585
1.17495387442369e-14	7.73430529606921
1.17414714267520e-14	7.72154313834983
1.17334041092671e-14	7.67673423203025
1.17253367917823e-14	7.59988954315271
1.17172694742974e-14	7.49102832910189
1.17092021568125e-14	7.35017884615754
1.17011348393277e-14	7.17737934852699
1.16930675218428e-14	6.97267937493081
1.16850002043579e-14	6.73614131728045
1.16769328868731e-14	6.46784226417668
1.16688655693882e-14	6.16787610980877
1.16607982519033e-14	5.83635591630956
1.16527309344185e-14	5.47341651467183
1.16492774908823e-14	5.07515799139223
1.16481114505899e-14	4.70551045697623
1.16469454102974e-14	4.37862267582857
1.16457793700050e-14	4.09434395887617
1.16446133297126e-14	3.85253653344300
1.16434472894202e-14	3.65307957773895
1.16422812491278e-14	3.49587253497649
1.16411152088353e-14	3.38083773179196
1.16399491685429e-14	3.30792232218237
1.16387831282505e-14	3.27709957365288
1.16376170879581e-14	3.28836950711402
1.16364510476656e-14	3.34175889637988
1.16352850073732e-14	3.43732062727872
1.16341189670808e-14	3.57513241048566
1.16329529267884e-14	3.75529483655283
1.16336861350159e-14	3.97530312395876
1.16358069310905e-14	4.18699923833895
1.16379277271651e-14	4.37915315379049
1.16400485232397e-14	4.55170580105622
1.16421693193143e-14	4.70460583955022
1.16442901153888e-14	4.83780902883827
1.16464109114634e-14	4.95127765870785
1.16485317075380e-14	5.04498004026984
1.16506525036126e-14	5.11889006013896
1.16527732996872e-14	5.17298679938038
1.16548940957618e-14	5.20725421860438
1.16570148918364e-14	5.22168091028829
1.16591356879110e-14	5.21625991915483
1.16612564839856e-14	5.19098863117646
1.16633772800602e-14	5.14586873156673
1.16654980761348e-14	5.08090623188185
1.16676188722094e-14	4.99611156615200
1.16682136180011e-14	4.90113255186879
1.16653038814561e-14	4.83261187169978
1.16623941449111e-14	4.78132234418660
1.16594844083660e-14	4.74725223400001
1.16565746718210e-14	4.73039306478012
1.16536649352760e-14	4.73073973071190
1.16507551987310e-14	4.74829056302788
1.16478454621860e-14	4.78304735163463
1.16449357256410e-14	4.83501532191424
1.16420259890960e-14	4.90420306664616
1.16391162525510e-14	4.99062243284501
1.16362065160060e-14	5.09428836320635
1.16332967794610e-14	5.21521869172108
1.16303870429160e-14	5.35343389292200
1.16274773063710e-14	5.50895678413534
1.16245675698260e-14	5.68181218002255
1.16216578332810e-14	5.87202649865363
1.16187480967360e-14	6.07962731831046
1.16158383601910e-14	6.30464288421753
1.16129286236460e-14	6.54710156441722
1.16100188871009e-14	6.80703125406800
1.16071091505559e-14	7.08445872754093
1.16041994140109e-14	7.37940893782918
1.16012896774659e-14	7.69190426297561
1.15983799409209e-14	8.02196369946188
1.15954702043759e-14	8.36960200279880
1.15925604678309e-14	8.73482877591413
1.15878617737765e-14	9.06669229677040
1.15823092440810e-14	9.35030066120273
1.15767567143855e-14	9.60191857565195
1.15712041846900e-14	9.82149881644100
1.15656516549945e-14	10.0090066734784
1.15600991252990e-14	10.1644174390225
1.15545465956036e-14	10.2877141853820
1.15489940659081e-14	10.3788858370541
1.15434415362126e-14	10.4379255410173
1.15378890065171e-14	10.4648293375582
1.15323364768216e-14	10.4595951330591
1.15267839471262e-14	10.4222219755304
1.15212314174307e-14	10.3527096332770
1.15156788877352e-14	10.2510584768591
1.15101263580397e-14	10.1172696643863
1.15045738283442e-14	9.95134563008398
1.15015876911182e-14	9.77563931894681
1.15012132100635e-14	9.62054279945150
1.15008387290088e-14	9.47342863299041
1.15004642479541e-14	9.33429647915320
1.15000897668994e-14	9.20314562987839
1.14997152858447e-14	9.07997508191800
1.14993408047900e-14	8.96478360463460
1.14989663237354e-14	8.85756980312172
1.14985918426807e-14	8.75833217664487
1.14982173616260e-14	8.66706917240473
1.14978428805713e-14	8.58377923462679
1.14974683995166e-14	8.50846084898317
1.14970939184619e-14	8.44111258235576
1.14967194374072e-14	8.38173311794881
1.14963449563525e-14	8.33032128576071
1.14959704752979e-14	8.28687608842410
1.14724644352835e-14	8.20578314574235
1.14440897932341e-14	8.11206744756981
1.14157151511847e-14	8.01428368256372
1.13873405091353e-14	7.91243237166115
1.13589658670859e-14	7.80651411626150
1.13305912250365e-14	7.69652960377483
1.13022165829871e-14	7.58247961377778
1.12738419409377e-14	7.46436502477467
1.12454672988883e-14	7.34218682156347
1.12170926568389e-14	7.21594610320322
1.11887180147895e-14	7.08564409158038
1.11603433727401e-14	6.95128214057259
1.11319687306907e-14	6.81286174580529
1.11035940886413e-14	6.67038455499784
1.10752194465919e-14	6.52385237889646
1.10468448045425e-14	6.37326720278752
1.10184701624930e-14	6.21863119858781
1.09900955204436e-14	6.05994673750542
1.09617208783942e-14	5.89721640326523
1.09333462363448e-14	5.73044300589271
1.09049715942954e-14	5.55962959604774
1.08765969522460e-14	5.38477947990102
1.08482223101966e-14	5.20589623454361
1.08198476681472e-14	5.02298372392015
1.07914730260978e-14	4.83604611527489
1.07630983840484e-14	4.64508789609862
1.07100123630156e-14	4.40362899012302
1.06513631668466e-14	4.18561801615120
1.05927139706776e-14	4.00533697106184
1.05340647745086e-14	3.86277410829753
1.04754155783396e-14	3.75792839744352
1.04167663821706e-14	3.69080957020432
1.03581171860016e-14	3.66143768331793
1.02994679898327e-14	3.66984219668681
1.02408187936637e-14	3.71606056323230
1.01821695974947e-14	3.80013632550969
1.01235204013257e-14	3.92211671309812
1.00648712051567e-14	4.08204973438028
1.00062220089877e-14	4.27998075671627
9.94757281281871e-15	4.51594857037524
9.88892361664972e-15	4.78998093409962
9.83027442048073e-15	5.10208960402025
9.77162522431174e-15	5.45226485299678
9.71297602814275e-15	5.84046949448785
9.65817167131024e-15	6.21850724522663
9.61477891187229e-15	6.45437292341139
9.57138615243433e-15	6.66859098008944
9.52799339299637e-15	6.86109112262793
9.48460063355840e-15	7.03182379260957
9.44120787412044e-15	7.18075797448355
9.39781511468248e-15	7.30787906991708
9.35442235524452e-15	7.41318684860150
9.31102959580657e-15	7.49669348417774
9.26763683636860e-15	7.55842168204176
9.22424407693064e-15	7.59840290409149
9.18085131749268e-15	7.61667569397169
9.13745855805472e-15	7.61328410507117
9.09406579861676e-15	7.58827623241515
9.05067303917880e-15	7.54170284866168
9.00728027974084e-15	7.47361614365764
8.96388752030288e-15	7.38406856640444
8.92049476086492e-15	7.27311176782204
8.87710200142696e-15	7.14079564239766
8.83370924198900e-15	6.98716746656122
8.79031648255104e-15	6.81227113156142
8.74692372311308e-15	6.61614646858702
8.70353096367512e-15	6.39882866394438
8.66013820423716e-15	6.16034776224799
8.61674544479920e-15	5.90072825576651
8.57335268536124e-15	5.61998875830894
8.52995992592328e-15	5.31814176232201
8.48656716648532e-15	4.99519347817124
8.44317440704736e-15	4.65114375491099
8.39978164760940e-15	4.28598608220763
8.38957215216564e-15	4.07035805479704
8.38186622141503e-15	3.89463110622819
8.37416029066442e-15	3.74768589537918
8.36645435991381e-15	3.62951624077070
8.35874842916319e-15	3.54010412855373
8.35104249841258e-15	3.47941939896572
8.34333656766197e-15	3.44741922958533
8.33563063691136e-15	3.44404741859197
8.32792470616075e-15	3.46923347258786
8.32021877541014e-15	3.52289150504820
8.31251284465953e-15	3.60491895309096
8.30480691390891e-15	3.71519512205259
8.29710098315830e-15	3.85357956931342
8.28939505240769e-15	4.01991034099258
8.28168912165708e-15	4.21400207745145
8.27398319090647e-15	4.43564400607874
8.26627726015586e-15	4.68459784252553
8.25857132940525e-15	4.96059562433540
8.25086539865464e-15	5.26333750385835
8.24315946790403e-15	5.59248953022654
8.23545353715341e-15	5.94768145306270
8.23641676232570e-15	6.29995871356874
8.24209063514338e-15	6.59317048953624
8.24776450796105e-15	6.82862948014727
8.25343838077873e-15	7.00690541586381
8.25911225359640e-15	7.12851073833832
8.26478612641408e-15	7.19389164472539
8.27045999923175e-15	7.20342085440825
8.27613387204942e-15	7.15739193691492
8.28180774486710e-15	7.05601506619750
8.28748161768478e-15	6.89941409526048
8.29315549050245e-15	6.68762487540297
8.29882936332012e-15	6.42059477554649
8.30450323613780e-15	6.09818338877558
8.31017710895547e-15	5.72016444499607
8.31585098177315e-15	5.28622898020317
8.32150929012786e-15	4.79840370175041
8.32663903938792e-15	4.37809123495410
8.33176878864799e-15	3.98327071076842
8.33689853790805e-15	3.61416215107351
8.34202828716812e-15	3.27096122758306
8.34715803642818e-15	2.95384053246921
8.35228778568825e-15	2.66295077355888
8.35741753494831e-15	2.39842187912949
8.36254728420838e-15	2.16036399918150
8.36767703346844e-15	1.94886839179859
8.37280678272851e-15	1.76400818495804
8.37793653198857e-15	1.60583900577264
8.38306628124863e-15	1.47439947076071
8.38819603050870e-15	1.36971153226880
8.39332577976877e-15	1.29178067766947
8.39845552902883e-15	1.24059597941543
8.40358527828890e-15	1.21612999546647
8.40871502754896e-15	1.21833852104752
8.41384477680902e-15	1.24716019413846
8.41897452606909e-15	1.30251595856253
8.42410427532916e-15	1.38430839005191
8.42923402458922e-15	1.49242089222457
8.43436377384929e-15	1.62671677100586
8.43949352310935e-15	1.78703819773347
8.44462327236942e-15	1.97320507287124
8.44975302162948e-15	2.18501380408784
8.45488277088955e-15	2.42223601426154
8.46001252014961e-15	2.68461719683106
8.46514226940968e-15	2.97187533776680
8.47027201866974e-15	3.28369952525266
8.47540176792981e-15	3.61974856990996
8.48053151718987e-15	3.97964966000908
8.48566126644993e-15	4.36299707756601
8.49079101571000e-15	4.76935100240608
8.49583481510116e-15	5.19721007129932
8.49920706192483e-15	5.61970165827998
8.50257930874850e-15	6.04969767308482
8.50595155557217e-15	6.48691855442187
8.50932380239584e-15	6.93107632047636
8.51269604921951e-15	7.38187490562272
8.51606829604318e-15	7.83901054079412
8.51944054286685e-15	8.30217217668341
8.52281278969052e-15	8.77104194855528
8.52618503651419e-15	9.24529568106797
8.52955728333786e-15	9.72460343112680
8.53292953016153e-15	10.2086300664127
8.53630177698520e-15	10.6970358768753
8.53967402380887e-15	11.1894772161471
8.54304627063254e-15	11.6856071695096
8.54641851745621e-15	12.1850762447824
8.54979076427988e-15	12.6875330822435
8.55316301110355e-15	13.1926251794902
8.55653525792722e-15	13.6999996269851
8.55990750475089e-15	14.2093038499163
8.56628657064216e-15	14.7406076803354
8.57312107805714e-15	15.2154412387468
8.57995558547212e-15	15.6282077110700
8.58679009288711e-15	15.9805896520224
8.59362460030209e-15	16.2740696346272
8.60045910771707e-15	16.5099293393751
8.60729361513205e-15	16.6892495835079
8.61412812254703e-15	16.8129109048556
8.62096262996202e-15	16.8815943996442
8.62779713737700e-15	16.8957825858210
8.63463164479198e-15	16.8557601252399
8.64146615220696e-15	16.7616142918890
8.64830065962195e-15	16.6132351216413
8.65513516703693e-15	16.4103152240461
8.66196967445191e-15	16.1523492807291
8.66880418186690e-15	15.8386333002728
8.67563868928188e-15	15.4682637482521
8.68128028167290e-15	15.0447295738532
8.68127114326588e-15	14.6229650358559
8.68126200485886e-15	14.2084792290007
8.68125286645184e-15	13.8015080158028
8.68124372804482e-15	13.4022818349446
8.68123458963780e-15	13.0110254704407
8.68122545123078e-15	12.6279578412293
8.68121631282376e-15	12.2532918111396
8.68120717441674e-15	11.8872340190175
8.68119803600972e-15	11.5299847286657
8.68118889760270e-15	11.1817376981125
8.68117975919568e-15	10.8426800676058
8.68117062078866e-15	10.5129922656194
8.68116148238163e-15	10.1928479320529
8.68115234397461e-15	9.88241385771814
8.68114320556759e-15	9.58184993912917
8.68113406716057e-15	9.29130914754531
8.68112492875355e-15	9.01093751116084
8.68111579034653e-15	8.74087410929845
8.68110665193951e-15	8.48125107741794
8.68109751353249e-15	8.23219362175836
8.68108837512547e-15	7.99382004238753
8.68107923671845e-15	7.76624176346923
8.68107009831143e-15	7.54956336954047
8.68106095990441e-15	7.34388264663300
8.68105182149739e-15	7.14929062708384
8.68104268309037e-15	6.96587163693339
8.68103354468335e-15	6.79370334483622
8.68102440627633e-15	6.63285681147636
8.68101526786931e-15	6.48339653852121
8.68100612946229e-15	6.34538051621883
8.68097744328462e-15	6.21910999486185
8.67358516429749e-15	6.19602881902063
8.66619288531035e-15	6.17969781715503
8.65880060632321e-15	6.17013827247510
8.65140832733607e-15	6.16736928961119
8.64401604834893e-15	6.17140778814396
8.63662376936180e-15	6.18226851185263
8.62923149037466e-15	6.19996403695036
8.62183921138752e-15	6.22450477925427
8.61444693240038e-15	6.25589900021527
8.60705465341324e-15	6.29415281176485
8.59966237442611e-15	6.33927017993482
8.59227009543897e-15	6.39125292722640
8.58487781645183e-15	6.45010073369732
8.57748553746469e-15	6.51581113677344
8.57009325847755e-15	6.58837952977518
8.56270097949042e-15	6.66779915917098
8.55530870050328e-15	6.75406112059076
8.54791642151614e-15	6.84715435361676
8.54052414252900e-15	6.94706563541256
8.53313186354186e-15	7.05377957322336
8.52573958455473e-15	7.16727859583312
8.51834730556759e-15	7.28754294403355
8.51095502658045e-15	7.41455066019695
8.50356274759331e-15	7.54827757704712
8.49617046860617e-15	7.68869730572730
8.46640757322198e-15	8.07733666075672
8.43526689492304e-15	8.55632688480050
8.40412621662410e-15	9.11209861120101
8.37298553832515e-15	9.74359918098199
8.34184486002621e-15	10.4494771318590
8.31070418172727e-15	11.2280770712441
8.27956350342832e-15	12.0774350233959
8.24842282512938e-15	12.9952750851116
8.21728214683044e-15	13.9790082879271
8.18614146853149e-15	15.0257345828360
8.15500079023255e-15	16.1322488288068
8.12386011193361e-15	17.2950515734843
8.09271943363467e-15	18.5103652614005
8.06157875533572e-15	19.7741562941249
8.03043807703678e-15	21.0821631056602
8.00234466339042e-15	22.3490114390046
7.97935979504421e-15	23.3755816211513
7.95637492669799e-15	24.2405992798946
7.93339005835178e-15	24.9524671880617
7.91040519000557e-15	25.5179336595641
7.88742032165936e-15	25.9421459602428
7.86443545331315e-15	26.2287001767097
7.84145058496694e-15	26.3796804040844
7.81846571662073e-15	26.3956830069119
7.79548084827452e-15	26.2758237640301
7.77249597992831e-15	26.0177273069324
7.74951111158210e-15	25.6174997327899
7.72652624323589e-15	25.0696869340501
7.70354137488968e-15	24.3672233738472
7.68055650654347e-15	23.5013791425321
7.66133735116720e-15	22.4440727424102
7.65872617181986e-15	21.2471134231813
7.65611499247253e-15	20.0730269547838
7.65350381312519e-15	18.9256326430271
7.65089263377785e-15	17.8086695775947
7.64828145443052e-15	16.7257650597322
7.64567027508318e-15	15.6804063816915
7.64305909573585e-15	14.6759165192952
7.64044791638851e-15	13.7154341086445
7.63783673704118e-15	12.8018978816502
7.63522555769384e-15	11.9380355451798
7.63261437834650e-15	11.1263569157106
7.63000319899917e-15	10.3691509735864
7.62739201965183e-15	9.66848638346460
7.62478084030450e-15	9.02621494266722
7.62216966095716e-15	8.44397736673768
7.61955848160983e-15	7.92321079924791
7.61694730226249e-15	7.46515743716789
7.61433612291515e-15	7.07087368928688
7.61172494356782e-15	6.74123932862192
7.60911376422048e-15	6.47696615574234
7.60650258487315e-15	6.27860575460781
7.60389140552581e-15	6.14655599243240
7.60128022617848e-15	6.08106598791130
7.59866904683114e-15	6.08223934614272
7.59411398516106e-15	6.13244440188831
7.58911799851381e-15	6.18948910852615
7.58412201186657e-15	6.25167376039125
7.57912602521932e-15	6.31898518226692
7.57413003857208e-15	6.39140923154796
7.56913405192484e-15	6.46893078513178
7.56413806527759e-15	6.55153372571797
7.55914207863035e-15	6.63920092757294
7.55414609198311e-15	6.73191424179693
7.54915010533586e-15	6.82965448115267
7.54415411868862e-15	6.93240140450871
7.53915813204138e-15	7.04013370095130
7.53416214539413e-15	7.15282897362548
7.52916615874689e-15	7.27046372337006
7.52417017209965e-15	7.39301333220534
7.51917418545240e-15	7.52045204674676
7.51417819880516e-15	7.65275296160726
7.50918221215792e-15	7.78988800286410
7.50418622551067e-15	7.93182791165772
7.49919023886343e-15	8.07854222800916
7.49419425221618e-15	8.22999927491650
7.48919826556894e-15	8.38616614282369
7.48420227892170e-15	8.54700867453191
7.47882610672813e-15	8.71542931772191
7.47321126151694e-15	8.87498383068380
7.46759641630575e-15	9.02023938933430
7.46198157109456e-15	9.15127568091375
7.45636672588337e-15	9.26816539810680
7.45075188067218e-15	9.37097408620072
7.44513703546099e-15	9.45976001041949
7.43952219024980e-15	9.53457404199265
7.43390734503862e-15	9.59545956171141
7.42829249982743e-15	9.64245237986808
7.42267765461624e-15	9.67558067167165
7.41706280940505e-15	9.69486492736523
7.41144796419386e-15	9.70031791647327
7.40583311898267e-15	9.69194466573226
7.40021827377148e-15	9.66974245045211
7.39460342856029e-15	9.63370079919564
7.38898858334910e-15	9.58380151183780
7.38335457930955e-15	9.51917882742358
7.37740528003417e-15	9.43737592495720
7.37145598075878e-15	9.36162738533853
7.36550668148340e-15	9.29194720376266
7.35955738220801e-15	9.22834784811469
7.35360808293263e-15	9.17084026841949
7.34765878365725e-15	9.11943390528476
7.34170948438186e-15	9.07413669726966
7.33576018510648e-15	9.03495508716533
7.32981088583109e-15	9.00189402713109
7.32386158655571e-15	8.97495698267942
7.31791228728033e-15	8.95414593547649
7.31196298800494e-15	8.93946138495007
7.30601368872956e-15	8.93090234869786
7.30006438945417e-15	8.92846636168527
7.29411509017879e-15	8.93214947425042
7.28816579090341e-15	8.94194624891496
7.28221649162802e-15	8.95784975602030
7.27626719235264e-15	8.97985156821487
7.26984962918030e-15	9.00971629821462
7.26017641471072e-15	9.04821301568865
7.25050320024114e-15	9.07541589255896
7.24082998577157e-15	9.09133878661080
7.23115677130199e-15	9.09599048351985
7.22148355683241e-15	9.08937468412489
7.21181034236283e-15	9.07148999909403
7.20213712789326e-15	9.04232995092434
7.19246391342368e-15	9.00188298330053
7.18279069895410e-15	8.95013247790318
7.17311748448452e-15	8.88705677881632
7.16344427001495e-15	8.81262922478706
7.15377105554537e-15	8.72681818961584
7.14409784107579e-15	8.62958713107296
7.13442462660622e-15	8.52089464877781
7.12475141213664e-15	8.40069455156845
7.11618055174078e-15	8.26778081431376
7.11023465972604e-15	8.13124433043507
7.10428876771130e-15	7.99968014350494
7.09834287569656e-15	7.87311288701026
7.09239698368182e-15	7.75156602243786
7.08645109166708e-15	7.63506185337906
7.08050519965234e-15	7.52362153948526
7.07455930763760e-15	7.41726511020479
7.06861341562286e-15	7.31601147824119
7.06266752360811e-15	7.21987845267981
7.05672163159337e-15	7.12888275172312
7.05077573957863e-15	7.04304001498225
7.04482984756389e-15	6.96236481527754
7.03888395554915e-15	6.88687066989984
7.03293806353441e-15	6.81657005128806
7.02699217151967e-15	6.75147439708333
7.02104627950493e-15	6.69159411952243
7.01510038749019e-15	6.63693861413095
7.00915449547545e-15	6.58751626769084
7.00320860346070e-15	6.54333446544603
6.99726271144596e-15	6.50439959752754
6.99131681943122e-15	6.47071706456941
6.98537092741648e-15	6.44229128249521
6.97942503540174e-15	6.41912568646628
6.97347914338700e-15	6.40122273396642
6.96753325137226e-15	6.38858390701979
6.96158735935752e-15	6.38120971353326
6.95564146734278e-15	6.37909968775690
6.94969557532803e-15	6.38225238986205
6.94374968331329e-15	6.39066540463537
6.93780379129855e-15	6.40433533930216
6.93185789928381e-15	6.42325782047439
6.92591200726907e-15	6.44742749024471
6.92584208005808e-15	6.48583144807782
6.92993029777979e-15	6.53562686713616
6.93401851550149e-15	6.59038765908644
6.93810673322320e-15	6.65010503149341
6.94219495094490e-15	6.71476927307326
6.94628316866661e-15	6.78436974598889
6.95037138638831e-15	6.85889487754404
6.95445960411002e-15	6.93833215131031
6.95854782183173e-15	7.02266809772171
6.96263603955343e-15	7.11188828415909
6.96672425727513e-15	7.20597730457990
6.97081247499684e-15	7.30491876871312
6.97490069271855e-15	7.40869529087523
6.97898891044025e-15	7.51728847844417
6.98307712816196e-15	7.63067892003301
6.98716534588366e-15	7.74884617342687
6.99125356360537e-15	7.87176875331365
6.99534178132707e-15	7.99942411887504
6.99942999904878e-15	8.13178866128846
7.00226519788946e-15	8.25735892036938
7.00431614140161e-15	8.36871049359315
7.00636708491376e-15	8.47027591495298
7.00841802842591e-15	8.56209629204750
7.01046897193806e-15	8.64420933321469
7.01251991545021e-15	8.71664929499814
7.01457085896237e-15	8.77944693578692
7.01662180247452e-15	8.83262947528732
7.01867274598667e-15	8.87622055950133
7.02072368949882e-15	8.91024023094922
7.02277463301097e-15	8.93470490388239
7.02482557652313e-15	8.94962734430006
7.02687652003528e-15	8.95501665459987
7.02892746354743e-15	8.95087826273090
7.03097840705958e-15	8.93721391577201
7.03302935057173e-15	8.91402167786904
7.03508029408389e-15	8.88129593251671
7.03713123759604e-15	8.83902738921280
7.03918218110819e-15	8.78720309452902
7.04123312462034e-15	8.72580644769415
7.04328406813249e-15	8.65481722082188
7.04559468126785e-15	8.57523672703928
7.04826640280142e-15	8.49353828197726
7.05093812433500e-15	8.41079045325644
7.05360984586858e-15	8.32699048551312
7.05628156740215e-15	8.24213559839085
7.05895328893573e-15	8.15622298709681
7.06162501046931e-15	8.06924982297524
7.06429673200288e-15	7.98121325409507
7.06696845353646e-15	7.89211040585319
7.06964017507004e-15	7.80193838159589
7.07231189660361e-15	7.71069426325706
7.07498361813719e-15	7.61837511201125
7.07765533967077e-15	7.52497796894885
7.08032706120434e-15	7.43049985576396
7.08299878273792e-15	7.33493777546476
7.08567050427150e-15	7.23828871310091
7.08834222580507e-15	7.14054963650856
7.09101394733865e-15	7.04171749707809
7.09184366988565e-15	6.96582689751219
7.09262758530990e-15	6.88630136232756
7.09341150073415e-15	6.80249013823052
7.09419541615841e-15	6.71437810271537
7.09497933158266e-15	6.62194960962262
7.09576324700691e-15	6.52518850189559
7.09654716243117e-15	6.42407812512508
7.09733107785542e-15	6.31860134191295
7.09811499327967e-15	6.20874054708824
7.09889890870393e-15	6.09447768381698
7.09968282412818e-15	5.97579426063232
7.10046673955243e-15	5.85267136943442
7.10125065497668e-15	5.72508970448846
7.10203457040094e-15	5.59302958246636
7.10281848582519e-15	5.45647096357132
7.10360240124944e-15	5.31539347378500
7.10438631667370e-15	5.16977642828360
7.10517023209795e-15	5.01959885605921
7.10595414752220e-15	4.86483952579657
7.10786061692127e-15	4.69876355803099
7.11139642542251e-15	4.52786780948109
7.11493223392375e-15	4.36594905046852
7.11846804242499e-15	4.21305552567658
7.12200385092623e-15	4.06923222520066
7.12553965942747e-15	3.93452096191501
7.12907546792870e-15	3.80896044629331
7.13261127642994e-15	3.69258635827473
7.13614708493118e-15	3.58543141577871
7.13968289343242e-15	3.48752543950862
7.14321870193366e-15	3.39889541371245
7.14675451043490e-15	3.31956554258844
7.15029031893613e-15	3.24955730206398
7.15382612743737e-15	3.18888948669303
7.15736193593861e-15	3.13757825144912
7.16089774443985e-15	3.09563714822201
7.16443355294109e-15	3.06307715684458
7.16796936144232e-15	3.03990671051355
7.17150516994356e-15	3.02613171548479
7.17504097844480e-15	3.02175556495515
7.17857678694604e-15	3.02677914707482
7.18211259544728e-15	3.04120084704784
7.18564840394852e-15	3.06501654331152
7.18918421244975e-15	3.09821959781996
7.18997991150140e-15	3.13584679125448
7.18926799429486e-15	3.16522926738805
7.18855607708832e-15	3.18588665844232
7.18784415988179e-15	3.19782483241516
7.18713224267525e-15	3.20104749006375
7.18642032546871e-15	3.19555615691713
7.18570840826217e-15	3.18135017999224
7.18499649105563e-15	3.15842672919947
7.18428457384910e-15	3.12678080344238
7.18357265664256e-15	3.08640524143738
7.18286073943602e-15	3.03729073729978
7.18214882222948e-15	2.97942586095731
7.18143690502294e-15	2.91279708348063
7.18072498781641e-15	2.83738880742396
7.18001307060987e-15	2.75318340231216
7.17930115340333e-15	2.66016124539879
7.17730239644248e-15	2.57749443983659
7.17527171935030e-15	2.50072621300823
7.17324104225812e-15	2.42956892696961
7.17121036516594e-15	2.36403536844826
7.16917968807376e-15	2.30413734698620
7.16714901098158e-15	2.24988571191562
7.16511833388940e-15	2.20129036823307
7.16308765679722e-15	2.15836029132490
7.16105697970504e-15	2.12110354050880
7.15902630261286e-15	2.08952727135812
7.15699562552068e-15	2.06363774677119
7.15496494842850e-15	2.04344034676555
7.15293427133632e-15	2.02893957696541
7.15090359424414e-15	2.02013907576825
7.14887291715196e-15	2.01704162016789
7.14684224005978e-15	2.01964913021835
7.14481156296760e-15	2.02796267213871
7.14278088587543e-15	2.04198246003418
7.14075020878324e-15	2.06170785624487
7.13871953169106e-15	2.08713737031379
7.13668885459888e-15	2.11826865657605
7.13465817750671e-15	2.15509851037786
7.13262750041453e-15	2.19762286293503
7.13059682332235e-15	2.24583677484020
7.12856614623016e-15	2.29973442823761
7.12653546913799e-15	2.35930911768074
7.12450479204581e-15	2.42455323970416
7.12247411495363e-15	2.49545828112215
7.12044343786145e-15	2.57201480610104
7.11841276076927e-15	2.65421244201860
7.11638208367709e-15	2.74203986416583
7.11435140658490e-15	2.83548477931769
7.11108666426517e-15	2.94118949182160
7.10718995861321e-15	3.04585442147156
7.10329325296125e-15	3.14403578348961
7.09939654730929e-15	3.23574668062824
7.09549984165733e-15	3.32099915873465
7.09160313600536e-15	3.39980418599760
7.08770643035340e-15	3.47217163433759
7.08380972470144e-15	3.53811026288968
7.07991301904948e-15	3.59762770352390
7.07601631339752e-15	3.65073044836842
7.07211960774556e-15	3.69742383929218
7.06822290209360e-15	3.73771205932027
7.06432619644164e-15	3.77159812595293
7.06042949078968e-15	3.79908388636712
7.05653278513772e-15	3.82017001449295
7.05263607948576e-15	3.83485600994477
7.04873937383380e-15	3.84314019881374
7.04484266818184e-15	3.84501973632039
7.04094596252988e-15	3.84049061133060
7.03704925687792e-15	3.82954765276174
7.03605587444058e-15	3.79472862184515
7.03631280589056e-15	3.75345665265171
7.03656973734053e-15	3.71457801963624
7.03682666365188e-15	3.67809518404617
7.03708359510186e-15	3.64401018150813
7.03734052655183e-15	3.61232513218329
7.03759745800181e-15	3.58304190275329
7.03785438945178e-15	3.55616219235070
7.03811132090176e-15	3.53168753359280
7.03836825235173e-15	3.50961929351162
7.03862518380171e-15	3.48995867439364
7.03888211525169e-15	3.47270671451908
7.03913904670166e-15	3.45786428880395
7.03939597815164e-15	3.44543210934236
7.03965290960161e-15	3.43541072584926
7.03990984105159e-15	3.42780052600425
7.04016677250157e-15	3.42260173569112
7.04042370395154e-15	3.41981441914106
7.04068063540152e-15	3.41943847897227
7.04093756685149e-15	3.42147365612919
7.04085177126648e-15	3.42692571664659
7.04048682768171e-15	3.43189139596430
7.04012188409694e-15	3.43447600713608
7.03975694051217e-15	3.43467979397246
7.03939199692740e-15	3.43250284251626
7.03902705334263e-15	3.42794508098766
7.03866210975786e-15	3.42100627982852
7.03829716617309e-15	3.41168605184484
7.03793222258832e-15	3.39998385244375
7.03756727900355e-15	3.38589897997243
7.03720233541878e-15	3.36943057615017
7.03683739183401e-15	3.35057762660353
7.03647244824924e-15	3.32933896149549
7.03610750466447e-15	3.30571325626072
7.03574256107970e-15	3.27969903243413
7.03537761749493e-15	3.25129465858793
7.03501267391016e-15	3.22049835136618
7.03464773032539e-15	3.18730817662354
7.03428278674062e-15	3.15172205067067
7.03391784315585e-15	3.11373774162560
7.03355289957108e-15	3.07335287087050
7.03318795598631e-15	3.03056491461696
7.03282301240154e-15	2.98537120558715
7.03245806881677e-15	2.93776893479923
7.03209312523200e-15	2.88775515347510
7.03172818164723e-15	2.83532677505741
7.03136323806246e-15	2.78048057734783
7.03099829447769e-15	2.72321320476459
7.03191457200655e-15	2.67861780790441
7.03543221912770e-15	2.66769655933829
7.03894986624885e-15	2.66254884699777
7.04246751336999e-15	2.66318210112098
7.04598516049114e-15	2.66960283503204
7.04950280813993e-15	2.68181666216503
7.05302045473343e-15	2.69982827272803
7.05653810185458e-15	2.72364150640135
7.06005574897573e-15	2.75325929370697
7.06357339609687e-15	2.78868369336960
7.06709103970037e-15	2.82991584596074
7.07060868682152e-15	2.87695614909053
7.07412633394267e-15	2.92980399811197
7.07764398106381e-15	2.98845795839227
7.08116162818496e-15	3.05291571960695
7.08467927530611e-15	3.12317409188842
7.08819692242725e-15	3.19922900052208
7.09171456954840e-15	3.28107547921737
7.09523221666955e-15	3.36870766195659
7.09722481084762e-15	3.45469893811826
7.09323936485570e-15	3.50979743231952
7.08925391886379e-15	3.55807338845520
7.08526847287187e-15	3.59953400821890
7.08128302687995e-15	3.63418529483329
7.07729758088804e-15	3.66203204156345
7.07331213489612e-15	3.68307782261715
7.06932668890421e-15	3.69732498639198
7.06534124291229e-15	3.70477465105812
7.06135579692037e-15	3.70542670245914
7.05737035092846e-15	3.69927979432652
7.05338490493654e-15	3.68633135080487
7.04939945894462e-15	3.66657757130632
7.04541401295271e-15	3.64001343769050
7.04142856696079e-15	3.60663272380871
7.03744312096887e-15	3.56642800742780
7.03345767497696e-15	3.51939068457627
7.02947222898504e-15	3.46551098634798
7.02541916777737e-15	3.40598368783994
7.02099464402539e-15	3.35167939849014
7.01657012027342e-15	3.29998042480536
7.01214559652145e-15	3.25089147195229
7.00772107276947e-15	3.20441703162989
7.00329654901750e-15	3.16056138524073
6.99887202526552e-15	3.11932860695930
6.99444750151355e-15	3.08072256669072
6.99002297776158e-15	3.04474693292694
6.98559845400960e-15	3.01140517548563
6.98117393025763e-15	2.98070056813241
6.97674940650565e-15	2.95263619108872
6.97232488275368e-15	2.92721493341446
6.96790035900170e-15	2.90443949526798
6.96347583524973e-15	2.88431239003668
6.95905131149776e-15	2.86683594634447
6.95462678774578e-15	2.85201230992025
6.95020226399381e-15	2.83984344534112
6.94577765175136e-15	2.83033144123133
6.94135312799938e-15	2.82347729733655
6.93692860424741e-15	2.81928274744547
6.93250408049543e-15	2.81774904618368
6.92807955674346e-15	2.81887727366194
6.92365503299149e-15	2.82266833637969
6.91923050923951e-15	2.82912296799109
6.91480598548754e-15	2.83824172992410
6.91038146173556e-15	2.85002501185589
6.90595693798359e-15	2.86447303204149
6.90153241423161e-15	2.88158583750163
6.89710789047964e-15	2.90136330406169
6.89268336672767e-15	2.92380513624624
6.88825884297569e-15	2.94891086702723
6.88383431922372e-15	2.97667985743059
6.87940979547174e-15	3.00711129599275
6.87498527171977e-15	3.04020419807964
6.87056074796779e-15	3.07595740505499
6.86613622421582e-15	3.11436958331354
6.86171170046385e-15	3.15543922316506
6.85728717671187e-15	3.19916463758616
6.85286265295990e-15	3.24554396082560
6.84843812920792e-15	3.29457514687639
6.84401360545595e-15	3.34625596780987
6.83898640018662e-15	3.39763152386505
6.83393752123938e-15	3.44546820039612
6.82888864229215e-15	3.48976760078624
6.82383976334492e-15	3.53053226527709
6.81879088439769e-15	3.56776443333030
6.81374200545046e-15	3.60146604118262
6.80869312650323e-15	3.63163871974488
6.80364424755599e-15	3.65828379284109
6.79859536860876e-15	3.68140227578460
6.79354648966153e-15	3.70099487428882
6.78849761071430e-15	3.71706198371131
6.78344873176707e-15	3.72960368863408
6.77839985281984e-15	3.73861976276877
6.77335097387260e-15	3.74410966920452
6.76830209492537e-15	3.74607256097555
6.76325321597814e-15	3.74450728197169
6.75820433703091e-15	3.73941236818053
6.75315545808368e-15	3.73078604926191
6.74810657913645e-15	3.71862625046682
6.74305770018921e-15	3.70293059489364
6.73800882124198e-15	3.68369640608577
6.73291605952168e-15	3.67637723234679
6.72782000235437e-15	3.66430928140044
6.72272394518707e-15	3.64623975368590
6.71762788801976e-15	3.62216126562226
6.71253183085245e-15	3.59206561329052
6.70743577368514e-15	3.55594378837581
6.70233971651784e-15	3.51378599591509
6.69724365935053e-15	3.46558167389215
6.69214760218322e-15	3.41131951472187
6.68705154501591e-15	3.35098748866670
6.68195548784861e-15	3.28457286923175
6.67685943068130e-15	3.21206226059649
6.67176337351399e-15	3.13344162713189
6.66666731634668e-15	3.04869632505871
6.66157125917938e-15	2.95781113630814
6.65647520201207e-15	2.86077030464730
6.65137914484476e-15	2.75755757413010
6.64628308767745e-15	2.64815622993619
6.63963936383566e-15	2.54678524859057
6.63193082777104e-15	2.47027431298224
6.62422229170643e-15	2.41432279497331
6.61651375564182e-15	2.37897673582365
6.60880521957721e-15	2.36427267144913
6.60109668351259e-15	2.37023791963976
6.59338814744798e-15	2.39689079858604
6.58567961138337e-15	2.44424077526728
6.57797107531875e-15	2.51228854273387
6.57026253925414e-15	2.60102602578295
6.56255400318953e-15	2.71043631498268
6.55484546712492e-15	2.84049352948829
6.54713693106030e-15	2.99116260952619
6.53942839499569e-15	3.16239903993406
6.53171985893108e-15	3.35414850660963
6.52401132286646e-15	3.56634648824734
6.51630278680185e-15	3.79891778626018
6.50859425073724e-15	4.05177599634813
6.50088571467263e-15	4.32482292574149
6.49317717860801e-15	4.61794796076598
6.48546864254340e-15	4.93102738999013
6.47776010647879e-15	5.26392368888145
6.47028480339996e-15	5.61876956682368
6.46642967661669e-15	5.99913992892204
6.46257454983343e-15	6.34360653674029
6.45871942305016e-15	6.65239439501598
6.45486429626690e-15	6.92570223330454
6.45100916948363e-15	7.16370037302015
6.44715404270036e-15	7.36652898293989
6.44329891591710e-15	7.53429669838760
6.43944378913383e-15	7.66707958372844
6.43558866235056e-15	7.76492042237793
6.43173353556730e-15	7.82782832329187
6.42787840878403e-15	7.85577863771322
6.42402328200076e-15	7.84871318487521
6.42016815521750e-15	7.80654079022035
6.41631302843423e-15	7.72913814458770
6.41245790165097e-15	7.61635099760233
6.40860277486770e-15	7.46799570320934
6.40474764808443e-15	7.28386113976322
6.40089252130117e-15	7.06371103137708
6.40367438767498e-15	6.82393598179282
6.41170953718104e-15	6.61308328899001
6.41974468668710e-15	6.43296967872931
6.42777983619316e-15	6.28381171294683
6.43581498569921e-15	6.16579634138747
6.44385013520527e-15	6.07908270566335
6.45188528471133e-15	6.02380376256173
6.45992043421739e-15	6.00006770658569
6.46795558372344e-15	6.00795917502750
6.47599073322950e-15	6.04754022200175
6.48402588273556e-15	6.11885105085207
6.49206103224162e-15	6.22191049718692
6.50009618174767e-15	6.35671625755027
6.50813133125373e-15	6.52324486137222
6.51616648075979e-15	6.72145138649782
6.52420163026584e-15	6.95126892120608
6.53223677977190e-15	7.21260777831514
6.54027192927796e-15	7.50535446971975
6.54830707878402e-15	7.82937045259573
6.55634222829007e-15	8.18449066150599
6.56437737779613e-15	8.57052184381789
6.56947951759891e-15	8.96487865962711
6.56790233940018e-15	9.30454701482185
6.56632516120146e-15	9.62229370000678
6.56474798300273e-15	9.91825814456568
6.56317080480400e-15	10.1925733038331
6.56159362660528e-15	10.4453646729501
6.56001644840655e-15	10.6767494071006
6.55843927020782e-15	10.8868355417355
6.55686209200910e-15	11.0757213067877
6.55528491381037e-15	11.2434945293012
6.55370773561164e-15	11.3902321194101
6.55213055741291e-15	11.5159996351351
6.55055337921419e-15	11.6208509220281
6.54897620101546e-15	11.7048278242821
6.54739902281673e-15	11.7679599645428
6.54582184461801e-15	11.8102645902679
6.54424466641928e-15	11.8317464851151
6.54266748822055e-15	11.8323979444736
6.54109031002182e-15	11.8121988148968
6.53951313182310e-15	11.7711165978269
6.53793595362437e-15	11.7091066186460
6.53635877542564e-15	11.6261122627283
6.53478159722692e-15	11.5220652807775
6.53320441902819e-15	11.3968861663718
6.53114546273860e-15	11.2487896000660
6.52718123184323e-15	11.0898715750539
6.52321700094787e-15	10.9382626835702
6.51925277005251e-15	10.7940008613034
6.51528853915714e-15	10.6571218832746
6.51132430826178e-15	10.5276594248182
6.50736007736641e-15	10.4056451214319
6.50339584647105e-15	10.2911086272614
6.49943161557569e-15	10.1840776719916
6.49546738468032e-15	10.0845781159319
6.49150315378496e-15	9.99263400309389
6.48753892288959e-15	9.90826761207308
6.48357469199423e-15	9.83149950456496
6.47961046109887e-15	9.76234857134448
6.47564623020350e-15	9.70083207556785
6.47168199930814e-15	9.64696569324970
6.46771776841277e-15	9.60076355079881
6.46375353751741e-15	9.56223825948579
6.45978930662205e-15	9.53140094675392
6.45582507572668e-15	9.50826128426603
6.45186084483132e-15	9.49282751261916
6.44730677462467e-15	9.47739099684056
6.44233406190956e-15	9.46984467786390
6.43736134919446e-15	9.47714876043313
6.43238863647935e-15	9.49930340321276
6.42741592376425e-15	9.53630373817437
6.42244321104914e-15	9.58813984575901
6.41747049833404e-15	9.65479670452965
6.41249778561893e-15	9.73625411557236
6.40752507290383e-15	9.83248660205975
6.40255236018872e-15	9.94346328450795
6.39757964747362e-15	10.0691477324337
6.39260693475851e-15	10.2094977932258
6.38763422204341e-15	10.3644653992334
6.38266150932830e-15	10.5339963541965
6.37768879661320e-15	10.7180301003245
6.37271608389809e-15	10.9164994674879
6.36774337118299e-15	11.1293304061403
6.36277065846788e-15	11.3564417057911
6.35779794575278e-15	11.5977447009825
6.35282523303767e-15	11.8531429669456
6.34785252032257e-15	12.1225320072425
6.34287980760746e-15	12.4057989359144
6.33701466998750e-15	12.6826883415634
6.33066098387670e-15	12.9258295779144
6.32430729776590e-15	13.1386008765955
6.31795361165510e-15	13.3211913445269
6.31159992554431e-15	13.4737674859384
6.30524623943351e-15	13.5964719579960
6.29889255332271e-15	13.6894225488415
6.29253886721191e-15	13.7527113633286
6.28618518110111e-15	13.7864042043223
6.27983149499031e-15	13.7905401401360
6.27347780887951e-15	13.7651312513730
6.26712412276871e-15	13.7101625531930
6.26077043665791e-15	13.6255920917726
6.25441675054712e-15	13.5113512164840
6.24806306443632e-15	13.3673450320713
6.24170937832552e-15	13.1934530378468
6.23535569221472e-15	12.9895299636288
6.22900200610392e-15	12.7554068148247
6.22264831999312e-15	12.4908921416693
6.21629463388232e-15	12.1957735501285
6.20994094777152e-15	11.8698194743607
6.20358726166072e-15	11.5127812328002
6.19723357554992e-15	11.1243953918678
6.19087988943913e-15	10.7043864628657
6.19086412725212e-15	10.2783560317592
6.19646211875568e-15	9.88103172916510
6.20206011025924e-15	9.50128913542860
6.20765810176280e-15	9.13934203822545
6.21325609326636e-15	8.79538724369721
6.21885408476992e-15	8.46960538110274
6.22445207627348e-15	8.16216172016008
6.23005006777704e-15	7.87320699232911
6.23564805928060e-15	7.60287820784731
6.24124605078416e-15	7.35129946093377
6.24684404228772e-15	7.11858271618505
6.25244203379128e-15	6.90482856978806
6.25804002529484e-15	6.71012697977326
6.26363801679840e-15	6.53455796010729
6.26923600830196e-15	6.37819223397332
6.27483399980552e-15	6.24109184212103
6.28043199130907e-15	6.12331070266367
6.28602998281263e-15	6.02489511916395
6.29162797431619e-15	5.94588423428212
6.29722596581975e-15	5.88631042668042
6.30282395732331e-15	5.84619964922545
6.30842194882687e-15	5.82557170690987
6.31401994033043e-15	5.82444047322156
6.31961793183399e-15	5.84281404400163
6.32521592333755e-15	5.88069482812181
6.33081391484111e-15	5.93807957459352
6.33641190634467e-15	6.01495933599559
6.34300616607431e-15	6.15637909449824
6.35056269584130e-15	6.35303408064337
6.35811922560830e-15	6.55886616164983
6.36567575537530e-15	6.77386248888475
6.37323228514230e-15	6.99800863407557
6.38078881490929e-15	7.23128852066187
6.38834534467629e-15	7.47368434927086
6.39590187444329e-15	7.72517651748787
6.40345840421029e-15	7.98574353412587
6.41101493397728e-15	8.25536192822072
6.41857146374428e-15	8.53400615299218
6.42612799351128e-15	8.82164848504707
6.43368452327828e-15	9.11825891911940
6.44124105304527e-15	9.42380505866581
6.44879758281227e-15	9.73825200266610
6.45219363917857e-15	10.0479420345568
6.44705176295242e-15	10.3158575227101
6.44190988672627e-15	10.5585366616785
6.43676801050012e-15	10.7760561913167
6.43162613427397e-15	10.9684822855479
6.42648425804781e-15	11.1358698463592
6.42134238182166e-15	11.2782619348313
6.41620050559551e-15	11.3956893350675
6.41105862936936e-15	11.4881702477553
6.40591675314321e-15	11.5557101110221
6.40077487691705e-15	11.5983015472028
6.39563300069090e-15	11.6159244350898
6.39049112446475e-15	11.6085461082472
6.38534924823860e-15	11.5761216809086
6.38020737201245e-15	11.5185945039455
6.37506549578630e-15	11.4358967543060
6.36992361956015e-15	11.3279501621848
6.36478174333399e-15	11.1946668809968
6.35963986710784e-15	11.0359505059205
6.35439336015502e-15	10.7770860758708
6.34912066369749e-15	10.5033744846276
6.34384796723996e-15	10.2368007715519
6.33857527078243e-15	9.97740384463435
6.33330257432490e-15	9.72522029234122
6.32802987786737e-15	9.48028447485696
6.32275718140985e-15	9.24262861490282
6.31748448495232e-15	9.01228288785365
6.31221178849479e-15	8.78927551085380
6.30693909203726e-15	8.57363283068007
6.30166639557973e-15	8.36537941009665
6.29639369912221e-15	8.16453811247287
6.29112100266468e-15	7.97113018444549
6.28584830620715e-15	7.78517533641854
6.28057560974962e-15	7.60669182072571
6.27530291329209e-15	7.43569650726684
6.27003021683456e-15	7.27220495647040
6.26475752037704e-15	7.11623148942772
6.25948482391951e-15	6.96778925506789
6.25421212746198e-15	6.82689029424978
6.24893943100445e-15	6.69354560065687
6.24366673454692e-15	6.56776517839525
6.23839403808940e-15	6.44955809620184
6.23312134163187e-15	6.33893253818034
6.23226739347386e-15	6.29271520086557
6.23662955027616e-15	6.32186020752181
6.24099170707847e-15	6.35955932684359
6.24535386388077e-15	6.40581808241647
6.24971602068308e-15	6.46064115166437
6.25407817748538e-15	6.52403240025469
6.25844033428768e-15	6.59599491100554
6.26280249108999e-15	6.67653100725625
6.26716464789229e-15	6.76564227067262
6.27152680469459e-15	6.86332955346591
6.27588896149690e-15	6.96959298500905
6.28025111829920e-15	7.08443197284294
6.28461327510150e-15	7.20784519807204
6.28897543190381e-15	7.33983060515364
6.29333758870611e-15	7.48038538609494
6.29769974550842e-15	7.62950595907462
6.30206190231072e-15	7.78718794151912
6.30642405911302e-15	7.95342611766366
6.31078621591533e-15	8.12821440064435
6.30506061886813e-15	8.22918965748631
6.29134312154150e-15	8.25502822864299
6.27762562421488e-15	8.26575543513801
6.26390812688826e-15	8.26137974591974
6.25019062956163e-15	8.24190726959543
6.23647313223501e-15	8.20734167895201
6.22275563490838e-15	8.15768416600719
6.20903813758176e-15	8.09293342749192
6.19532064025514e-15	8.01308568072454
6.18160314292851e-15	7.91813470992037
6.16788564560189e-15	7.80807194303535
6.15416814827526e-15	7.68288655933021
6.14045065094864e-15	7.54256562789038
6.12673315362201e-15	7.38709427740682
6.11301565629539e-15	7.21645589756725
6.09929815896877e-15	7.03063237245866
6.08558066164214e-15	6.82960434641205
6.07186316431552e-15	6.61335152274188
6.05814566698889e-15	6.38185299584320
6.04675816609933e-15	6.17009036774847
6.04127161458590e-15	6.06413567564885
6.03578506307247e-15	5.99350638872955
6.03029851155904e-15	5.95824451641717
6.02481196004561e-15	5.95838034870950
6.01932540853218e-15	5.99393369186615
6.01383885701875e-15	6.06491470904471
6.00835230550532e-15	6.17132436259132
6.00286575399189e-15	6.31315445632429
5.99737920247846e-15	6.49038727765383
5.99189265096503e-15	6.70299484087478
5.98640609945160e-15	6.95093773456541
5.98091954793817e-15	7.23416357782351
5.97543299642474e-15	7.55260509219288
5.96994644491131e-15	7.90617779866228
5.96445989339788e-15	8.29477735216251
5.95897334188444e-15	8.71827652961503
5.95348679037101e-15	9.17652189187124
5.93644297893837e-15	9.69751595393023
5.90478179515576e-15	10.2485770824759
5.87312061137316e-15	10.7785993022299
5.84145942759055e-15	11.2876535622499
5.80979824380794e-15	11.7758150746376
5.77813706002533e-15	12.2431618876513
5.74647587624272e-15	12.6897735610848
5.71481469246011e-15	13.1157299420491
5.68315350867751e-15	13.5211100387681
5.65149232489490e-15	13.9059909896578
5.61983114111229e-15	14.2704471247156
5.58816995732968e-15	14.6145491160887
5.55650877354708e-15	14.9383632146788
5.52484758976447e-15	15.2419505696584
5.49318640598186e-15	15.5253666278974
5.46152522219925e-15	15.7886606104607
5.42986403841664e-15	16.0318750635628
5.39820285463403e-15	16.2550454816383
5.36654167085143e-15	16.4582000004676
5.33488048706882e-15	16.6413591586416
5.30321930328621e-15	16.8045357259950
5.27155811950360e-15	16.9477345979997
5.23989693572099e-15	17.0709527554920
5.20823575193839e-15	17.1741792894964
5.17657456815578e-15	17.2573954912898
5.14491338437317e-15	17.3205750082457
5.11325220059056e-15	17.3636840663736
5.08159101680795e-15	17.3866817608347
5.05490496838371e-15	17.3694794304860
5.04255987972865e-15	17.2927549301608
5.03021479107360e-15	17.2251808594190
5.01786970241854e-15	17.1667818499689
5.00552461376349e-15	17.1175804357659
4.99317952510844e-15	17.0775971403950
4.98083443645338e-15	17.0468505590688
4.96848934779833e-15	17.0253574350228
4.95614425914327e-15	17.0131327300768
4.94379917048822e-15	17.0101896891956
4.93145408183316e-15	17.0165398988618
4.91910899317811e-15	17.0321933391245
4.90676390452306e-15	17.0571584291927
4.89441881586800e-15	17.0914420664600
4.88207372721295e-15	17.1350496588694
4.86972863855789e-15	17.1879851505462
4.85738354990284e-15	17.2502510406303
4.84503846124779e-15	17.3218483952788
4.83269337259273e-15	17.4027768527971
4.82034828393768e-15	17.4930346218974
4.80800319528262e-15	17.5926184730825
4.79565810662757e-15	17.7015237231786
4.78331301797251e-15	17.8197442130503
4.77096792931746e-15	17.9472722785470
4.75862284066241e-15	18.0840987147522
4.74627775200735e-15	18.2302127336188
4.73393266335230e-15	18.3856019150873
4.72158757469724e-15	18.5502521518166
4.70924248604219e-15	18.7241475876542
4.69689739738714e-15	18.9072705500137
4.68455230873208e-15	19.0996014763303
4.67220722007703e-15	19.3011188348009
4.65986213142197e-15	19.5117990396232
4.64751704276692e-15	19.7316163609887
4.63517195411187e-15	19.9605428300913
4.62282686545681e-15	20.1985481394497
4.61048177680176e-15	20.4455995388699
4.59813668814670e-15	20.7016617273863
4.58579159949165e-15	20.9666967415730
4.57344651083659e-15	21.2406638406149
4.56110142218154e-15	21.5235193885930
4.54875633352649e-15	21.8152167344306
4.53641124487143e-15	22.1157060900142
4.53129820693961e-15	22.4065478760835
4.53610497903239e-15	22.6668525285844
4.54091175112517e-15	22.9161731435978
4.54571852321796e-15	23.1545583158225
4.55052529531074e-15	23.3820555754477
4.55533206740352e-15	23.5987111820155
4.56013883949630e-15	23.8045699327706
4.56494561158909e-15	23.9996749849225
4.56975238368187e-15	24.1840676912769
4.57455915577465e-15	24.3577874486892
4.57936592786743e-15	24.5208715588186
4.58417269996022e-15	24.6733551006854
4.58897947205300e-15	24.8152708145527
4.59378624414578e-15	24.9466489966834
4.59859301623857e-15	25.0675174045502
4.60339978833135e-15	25.1779011721155
4.60820656042413e-15	25.2778227348122
4.61301333251692e-15	25.3673017639140
4.61782010460970e-15	25.4463551099988
4.62262687670248e-15	25.5149967552539
4.62743364879526e-15	25.5732377744097
4.63224042088805e-15	25.6210863041147
4.63704719298083e-15	25.6585475206157
4.64185396507361e-15	25.6856236256404
4.64666073716639e-15	25.7023138404078
4.65146750925918e-15	25.7086144077433
4.65627428135196e-15	25.7045186023139
4.66108105344474e-15	25.6900167490174
4.66571169949915e-15	25.6582699412597
4.66975928872519e-15	25.6009368778446
4.67380687795124e-15	25.5452551522542
4.67785446717729e-15	25.4912273361758
4.68190205640333e-15	25.4388559108447
4.68594964562938e-15	25.3881432680588
4.68999723485543e-15	25.3390917111747
4.69404482408147e-15	25.2917034560725
4.69809241330752e-15	25.2459806320979
4.70214000253357e-15	25.2019252829813
4.70618759175961e-15	25.1595393677226
4.71023518098566e-15	25.1188247614541
4.71428277021171e-15	25.0797832562723
4.71833035943775e-15	25.0424165620431
4.72237794866380e-15	25.0067263071738
4.72642553788985e-15	24.9727140393573
4.73047312711589e-15	24.9403812262832
4.73452071634194e-15	24.9097292563236
4.73955247163997e-15	24.8720843831717
4.74702811179799e-15	24.8290653826920
4.75450375195600e-15	24.8102392658532
4.76197939211402e-15	24.8155962362736
4.76945503227203e-15	24.8451112940287
4.77693067243005e-15	24.8987440625158
4.78440631258806e-15	24.9764385122359
4.79188195274608e-15	25.0781225843337
4.79935759290410e-15	25.2037077178278
4.80683323306211e-15	25.3530882856035
4.81430887322013e-15	25.5261409453557
4.82178451337814e-15	25.7227239128729
4.82926015353616e-15	25.9426761662151
4.83673579369417e-15	26.1858165905656
4.84421143385219e-15	26.4519430747641
4.85168707401020e-15	26.7408315717224
4.85916271416822e-15	27.0522351361607
4.86663835432624e-15	27.3858829542354
4.87411399448425e-15	27.7414793807490
4.88158963464227e-15	28.1187030006498
4.88906527480028e-15	28.5172057324164
4.89056450952925e-15	28.9085141449897
4.89180747599906e-15	29.2529591892670
4.89305044246886e-15	29.5509250744607
4.89429340893867e-15	29.8029349684043
4.89553637540847e-15	30.0094484877871
4.89677934187828e-15	30.1708580409164
4.89802230834808e-15	30.2874859208766
4.89926527481789e-15	30.3595820598743
4.90050824128769e-15	30.3873223726043
4.90175120775750e-15	30.3708076334428
4.90299417422730e-15	30.3100628490116
4.90423714069711e-15	30.2050371042436
4.90548010716691e-15	30.0556038765388
4.90672307363672e-15	29.8615618290361
4.90796604010652e-15	29.6226361105091
4.90920900657633e-15	29.3384802060409
4.91045197304613e-15	29.0086783994479
4.91169493951594e-15	28.6327489254161
4.91293790598574e-15	28.2101479064159
4.91418087245555e-15	27.7402741864298
4.91542383892535e-15	27.2224751900567
4.91666680539516e-15	26.6560539511486
4.91790977186496e-15	26.0402774689736
4.91904810523460e-15	25.2852847873721
4.91969207154619e-15	24.1182252165962
4.92033603785778e-15	23.0026586113296
4.92098000416937e-15	21.9395389377006
4.92162397048096e-15	20.9296931884791
4.92226793679256e-15	19.9738305105333
4.92291190310415e-15	19.0725511025959
4.92355586941574e-15	18.2263546166663
4.92419983572733e-15	17.4356478328014
4.92484380203892e-15	16.7007514133015
4.92548776835051e-15	16.0219055773590
4.92613173466210e-15	15.3992745706229
4.92677570097369e-15	14.8329498356776
4.92741966728528e-15	14.3229518192759
4.92806363359688e-15	13.8692303806619
4.92870759990847e-15	13.4716637930179
4.92935156622006e-15	13.1300563575829
4.92999553253165e-15	12.8441346779295
4.93063949884324e-15	12.6135426709306
4.93128346515483e-15	12.4378354214239
4.93192743146642e-15	12.3164720199410
4.93257139777801e-15	12.2488075569695
4.93110244705642e-15	12.4055955169790
4.92522590988051e-15	12.9166341630730
4.91934937270460e-15	13.3958424700646
4.91347283552870e-15	13.8435837278201
4.90759629835279e-15	14.2602154082946
4.90171976117688e-15	14.6460855802338
4.89584322400098e-15	15.0015297351391
4.88996668682507e-15	15.3268679914487
4.88409014964916e-15	15.6224026446438
4.87821361247326e-15	15.8884160323223
4.87233707529735e-15	16.1251686850351
4.86646053812144e-15	16.3328977357792
4.86058400094553e-15	16.5118155633218
4.85470746376963e-15	16.6621086470307
4.84883092659372e-15	16.7839366133901
4.84295438941781e-15	16.8774314570399
4.83707785224191e-15	16.9426969217692
4.83120131506600e-15	16.9798080295540
4.82532477789009e-15	16.9888107483436